windowID,windowStart,windowEnd,packetCount,tcpPacketCount,tcpRatio,udpPacketCount,udpRatio,avgPacketLength,stdPacketLength,minPacketLength,maxPacketLength,medianPacketLength,smallPacketCount,largePacketCount,packetsPerSecond,uniqueSrcIPs,uniqueDstIPs,avgTTL,stdTTL,avgIPLen,stdIPLen,uniqueTCPSrcPorts,uniqueTCPDstPorts,avgTCPLen,stdTCPLen,tcpPayloadPacketCount,tcpPayloadPacketRatio,uniqueTCPStreams,avgTCPWindowSize,minTCPWindowSize,maxTCPWindowSize,synCount,ackCount,finCount,uniqueUDPSrcPorts,uniqueUDPDstPorts,avgInterArrivalTime,stdInterArrivalTime,minInterArrivalTime,maxInterArrivalTime,packetsTobedroomBulb,packetsFrombedroomBulb,packetsToloungeBulb,packetsFromloungeBulb,packetsTocamera,packetsFromcamera,packetsTomotionSensor,packetsFrommotionSensor,packetsToplug,packetsFromplug,packetsToalexa,packetsFromalexa,tlsHandshakeCount,avgTLSRecordLen,stdTLSRecordLen,minTLSRecordLen,maxTLSRecordLen,avgACKRoundTripTime,stdACKRoundTripTime,minACKRoundTripTime,maxACKRoundTripTime,ACKRoundTripTimeCount,avgTimeDelta,stdTimeDelta,minTimeDelta,maxTimeDelta,tlsContentTypeChanegCipherCount,tlsContentTypeAlertCount,tlsContentTypeHandshakeCount,tlsContentTypeAppDataCount,label
9441,1773863533.0,1776245554.384285,1208856,1156787,0.9569270450740204,44273,0.03662388241444804,701.2668051446988,799.9205446615387,60,51474,232.0,519979,511687,355.88705903010555,327,339,89.38441165780952,66.36890400728073,687.4277306381362,800.318344176514,7219,7211,664.0552063603758,806.4395056678233,708166,0.6121835739855306,6593,9066.270702385142,0.0,65535.0,14959,1147602,14824,3577,2532,0.007557417345821172,0.022941601645082247,0.0,0.518813,15462,11643,14271,10570,278719,533062,53827,45466,3035,5573,101877,132975,7272,2162.0744924267424,3871.928429022225,1.0,65387.0,0.06650160104514401,0.8767589499085588,1.5e-05,223.740034,469409,0.0073696115309041296,0.022698729638240427,0.0,0.518813,6666,2116,43462,222877,idle
0,1774266519.081578,1774266519.309655,4,4,1.0,0,0.0,243.25,284.05677249451384,60,667,123.0,1,1,4266.104333573066,2,2,185.0,80.82903768654761,227.75,285.35986052701946,2,2,187.75,285.35986052701946,3,0.75,1,33871.5,2139.0,65535.0,0,4,0,0,0,0.019312500000000003,0.02108246820622924,0.001749,0.044434,0,0,0,0,0,0,2,2,0,0,0,0,0,245.33333333333334,314.0785464391564,64.0,608.0,0.0155335,0.019112389188691195,0.002019,0.029048,2,0.019312500000000003,0.02108246820622924,0.001749,0.044434,0,0,0,3,movingAroundHouse
5380,1774266519.309655,1774266530.671453,6,6,1.0,0,0.0,134.0,93.8892965145655,60,315,123.0,2,0,70.7634475284617,2,2,208.33333333333334,72.29568912920512,118.0,95.81231653602788,2,2,78.0,95.81231653602788,4,0.6666666666666666,1,23225.0,2001.0,65535.0,0,6,0,0,0,0.043299333333333336,0.043954416663933404,0.00023,0.10207,0,0,0,0,0,0,2,4,0,0,0,0,0,112.0,96.0,64.0,256.0,0.080014,0.05150225009324027,0.031767,0.127204,4,0.043299333333333336,0.043954416663933404,0.00023,0.10207,0,0,0,4,idle
1,1774266530.671453,1774266530.972162,2,2,1.0,0,0.0,229.5,201.52543263816605,87,372,229.5,1,0,1526.3925788791412,2,2,185.0,98.99494936611666,215.5,201.52543263816605,2,2,175.5,201.52543263816605,2,1.0,1,33859.0,2183.0,65535.0,0,2,0,0,0,0.025999,0.012447907776007981,0.017197,0.034801,0,0,1,1,0,0,0,0,0,0,0,0,0,170.5,201.52543263816605,28.0,313.0,0.034801,,0.034801,0.034801,1,0.025999,0.012447907776007981,0.017197,0.034801,0,0,0,2,bulbOff
5381,1774266530.972162,1774266534.671089,1,1,1.0,0,0.0,60.0,,60,60,60.0,1,0,16.220920609105438,1,1,255.0,,40.0,,1,1,0.0,,0,0.0,1,2150.0,2150.0,2150.0,0,1,0,0,0,0.009017,,0.009017,0.009017,0,0,0,1,0,0,0,0,0,0,0,0,0,,,,,0.106311,,0.106311,0.106311,1,0.009017,,0.009017,0.009017,0,0,0,0,idle
2,1774266534.671089,1774266534.85619,2,2,1.0,0,0.0,230.0,202.2325394193526,87,373,230.0,1,0,2485.1293069026365,2,2,185.0,98.99494936611666,216.0,202.2325394193526,2,2,176.0,202.2325394193526,2,1.0,1,33150.5,2269.0,64032.0,0,2,0,0,0,0.033774,0.008066674159776133,0.02807,0.039478,1,1,0,0,0,0,0,0,0,0,0,0,0,171.0,202.2325394193526,28.0,314.0,0.02807,,0.02807,0.02807,1,0.033774,0.008066674159776133,0.02807,0.039478,0,0,0,2,bulbChange
5382,1774266534.85619,1774266539.97323,1,1,1.0,0,0.0,60.0,,60,60,60.0,1,0,11.725529007188891,1,1,255.0,,40.0,,1,1,0.0,,0,0.0,1,2236.0,2236.0,2236.0,0,1,0,0,0,0.014017,,0.014017,0.014017,0,1,0,0,0,0,0,0,0,0,0,0,0,,,,,0.120363,,0.120363,0.120363,1,0.014017,,0.014017,0.014017,0,0,0,0,idle
3,1774266539.97323,1774266540.451135,3,3,1.0,0,0.0,172.66666666666666,172.2914197902302,60,371,87.0,2,0,1083.8973478894018,2,2,208.33333333333334,80.82903768654761,156.66666666666666,174.27660007394374,2,2,116.66666666666667,174.27660007394374,2,0.6666666666666666,1,23267.333333333332,2117.0,65535.0,0,3,0,0,0,0.066019,0.06925265812226994,0.023918,0.145947,0,0,1,2,0,0,0,0,0,0,0,0,0,170.0,200.8183258569795,28.0,312.0,0.039265,0.015659586776157284,0.028192,0.050338,2,0.066019,0.06925265812226994,0.023918,0.145947,0,0,0,2,bulbOn
4,1774266543.671764,1774266543.801524,1,1,1.0,0,0.0,373.0,,373,373,373.0,0,0,2874.5370112796804,1,1,255.0,,359.0,,1,1,319.0,,1,1.0,1,2244.0,2244.0,2244.0,0,1,0,0,0,0.002212,,0.002212,0.002212,0,0,0,0,0,0,0,0,0,1,0,0,0,314.0,,314.0,314.0,,,,,0,0.002212,,0.002212,0.002212,0,0,0,1,plugOff
5383,1774266543.801524,1774266554.802528,10,2,0.2,8,0.8,70.7,6.532823109328598,60,87,70.0,10,0,64.2668615741277,3,3,241.0,44.27188724235731,56.1,7.781031065639336,2,2,16.5,23.33452377915607,1,0.5,1,33873.0,2211.0,65535.0,0,2,0,1,1,0.0668208,0.0676977386144553,0.001321,0.190804,0,0,0,0,0,0,0,8,1,1,0,0,0,28.0,,28.0,28.0,0.12422549999999999,0.1363337229466723,0.027823,0.220628,2,0.053998000000000004,0.07449652782512753,0.001321,0.106675,0,0,0,1,idle
5,1774266554.802528,1774266554.955005,1,1,1.0,0,0.0,372.0,,372,372,372.0,0,0,2439.711803106945,1,1,255.0,,358.0,,1,1,318.0,,1,1.0,1,2211.0,2211.0,2211.0,0,1,0,0,0,0.073749,,0.073749,0.073749,0,0,0,0,0,0,0,0,0,1,0,0,0,313.0,,313.0,313.0,,,,,0,0.073749,,0.073749,0.073749,0,0,0,1,plugOn
5384,1774266554.955005,1774266556.857255,2,2,1.0,0,0.0,73.5,19.091883092036785,60,87,73.5,2,0,77.27690683157415,2,2,185.0,98.99494936611666,56.5,23.33452377915607,2,2,16.5,23.33452377915607,1,0.5,1,33856.5,2178.0,65535.0,0,2,0,0,0,0.0075455,0.0008831763697019979,0.006921,0.00817,0,0,0,0,0,0,0,0,1,1,0,0,0,28.0,,28.0,28.0,0.07667650000000001,0.07125868587407433,0.026289,0.127064,2,0.0075455,0.0008831763697019979,0.006921,0.00817,0,0,0,1,idle
6,1774266556.857255,1774266557.277382,3,3,1.0,0,0.0,172.66666666666666,172.2914197902302,60,371,87.0,2,0,1232.9607590770313,2,2,208.33333333333334,80.82903768654761,156.66666666666666,174.27660007394374,2,2,116.66666666666667,174.27660007394374,2,0.6666666666666666,1,23245.333333333332,2084.0,65535.0,0,3,0,0,0,0.04420166666666667,0.021399081670327197,0.024369,0.066882,0,0,1,2,0,0,0,0,0,0,0,0,0,170.0,200.8183258569795,28.0,312.0,0.127018,0.13976248372864586,0.028191,0.225845,2,0.04420166666666667,0.021399081670327197,0.024369,0.066882,0,0,0,2,bulbChange
5385,1774266557.277382,1774266568.716819,1710,1708,0.9988304093567252,2,0.0011695906432748538,1080.9105263157894,877.8080256896719,60,12918,1494.0,517,1161,161577.6174657038,5,5,60.10643274853801,8.070658892307232,1066.9035087719299,877.8162159579869,4,4,1015.9033957845434,877.8567829531548,1196,0.7002341920374707,3,2604.2002341920374,0.0,65160.0,4,1704,2,2,2,0.001938461403508772,0.005491270480101705,0.0,0.134856,0,0,0,0,509,1201,0,0,0,0,0,0,2,5190.874193548387,4327.6675916103195,26.0,16408.0,0.018805144531249998,0.006080516344220937,0.00107,0.070939,512,0.0019148899297423887,0.00540770806001897,0.0,0.134856,0,2,6,302,idle
9,1774266559.0,1774266574.532776,2969,2959,0.9966318625799933,10,0.003368137420006736,1079.1902997642303,915.0381046593907,60,17202,1494.0,915,2002,206280.9619992023,11,11,60.22970697204446,10.538840686744187,1065.1781744695184,915.051654225511,7,7,1016.3311929705982,914.9936527249836,2050,0.6928016221696519,6,2658.668469077391,0.0,65535.0,6,2952,4,3,3,0.0018924600875715731,0.005432084094868175,0.0,0.162596,1,2,0,0,905,2057,2,2,0,0,0,0,3,5067.30583501006,4768.956096783714,26.0,21324.0,0.018526771775082693,0.005048258774603518,0.00107,0.070939,907,0.0018727255829672185,0.005378800274524949,0.0,0.162596,1,5,7,484,outsideDetection
7,1774266568.716819,1774266568.943544,43,43,1.0,0,0.0,945.9302325581396,691.6611954579537,60,1494,1494.0,14,27,179402.46805047148,4,4,71.02325581395348,43.25752803853255,931.7906976744187,691.8447581901709,3,3,880.9069767441861,690.6897799251291,29,0.6744186046511628,2,5395.604651162791,882.0,65535.0,0,43,0,0,0,0.0016688139534883721,0.004480401625576364,0.0,0.021603,0,0,0,0,13,26,2,2,0,0,0,0,0,6631.2,8748.148329789567,64.0,16408.0,0.017916799999999997,0.004991599059562834,0.002115,0.026516,15,0.0016688139534883721,0.004480401625576364,0.0,0.021603,0,0,0,5,movingAroundHouse
5386,1774266568.943544,1774266573.451909,1093,1093,1.0,0,0.0,1110.021043000915,992.2369621805199,66,17202,1494.0,339,748,269111.5201375989,2,2,59.65782250686185,6.478763958786337,1096.021043000915,992.2369621805199,2,2,1043.9441903019213,992.317428422255,754,0.6898444647758463,1,2545.1116193961575,795.0,3228.0,0,1093,0,0,0,0.0016552442817932298,0.005786253147185322,0.0,0.162596,0,0,0,0,339,754,0,0,0,0,0,0,0,4987.248407643312,5412.805405200224,407.0,21324.0,0.018134772861356934,0.0028459007047043055,0.012215,0.049108,339,0.0016552442817932298,0.005786253147185322,0.0,0.162596,1,1,0,155,idle
8,1774266573.451909,1774266573.625944,29,29,1.0,0,0.0,977.1379310344828,714.4653707562405,66,2323,1418.0,10,19,162823.7253638923,2,2,59.172413793103445,6.772153938409644,963.1379310344828,714.4653707562405,2,2,911.1379310344828,714.4653707562405,19,0.6551724137931034,1,2470.0689655172414,1030.0,3228.0,0,29,0,0,0,0.005088,0.007120022607307609,1e-06,0.025596,0,0,0,0,10,19,0,0,0,0,0,0,0,3297.875,3468.338937033527,595.0,10936.0,0.016896,0.002702968738257993,0.013812,0.021767,10,0.005088,0.007120022607307609,1e-06,0.025596,0,0,0,8,bulbOff
5387,1774266574.532776,1774266580.957045,27,27,1.0,0,0.0,265.77777777777777,385.03100108286316,60,1494,66.0,16,3,1117.0142538577268,4,4,74.25925925925925,53.61873423504756,251.11111111111111,385.4056138401298,3,3,201.33333333333334,384.5650890191512,13,0.48148148148148145,2,3903.222222222222,0.0,65535.0,0,25,2,0,0,0.008604074074074075,0.016930267163428676,0.0,0.063253,0,0,0,0,12,12,1,2,0,0,0,0,0,212.22222222222223,170.70499244147618,26.0,450.0,0.026173,0.033500567696682394,0.001741,0.116494,13,0.008604074074074075,0.016930267163428676,0.0,0.063253,0,2,2,5,idle
10,1774266580.957045,1774266581.080851,1,1,1.0,0,0.0,373.0,,373,373,373.0,0,0,3012.7780619319055,1,1,255.0,,359.0,,1,1,319.0,,1,1.0,1,2178.0,2178.0,2178.0,0,1,0,0,0,0.118663,,0.118663,0.118663,0,0,0,0,0,0,0,0,0,1,0,0,0,314.0,,314.0,314.0,,,,,0,0.118663,,0.118663,0.118663,0,0,0,1,plugOff
5388,1774266581.080851,1774266581.626344,2,2,1.0,0,0.0,73.5,19.091883092036785,60,87,73.5,2,0,269.48105716744544,2,2,185.0,98.99494936611666,56.5,23.33452377915607,2,2,16.5,23.33452377915607,1,0.5,1,33840.0,2145.0,65535.0,0,2,0,0,0,0.0114525,0.013141579528351984,0.00216,0.020745,0,0,0,0,0,0,0,0,1,1,0,0,0,28.0,,28.0,28.0,0.130293,0.14812048588227086,0.025556,0.23503,2,0.0114525,0.013141579528351984,0.00216,0.020745,0,0,0,1,idle
11,1774266581.626344,1774266581.752612,2,2,1.0,0,0.0,230.0,202.2325394193526,87,373,230.0,1,0,3643.0406697796666,2,2,185.0,98.99494936611666,216.0,202.2325394193526,2,2,176.0,202.2325394193526,2,1.0,1,33117.5,2203.0,64032.0,0,2,0,0,0,0.018748,0.013995057413244149,0.008852,0.028644,1,1,0,0,0,0,0,0,0,0,0,0,0,171.0,202.2325394193526,28.0,314.0,0.028644,,0.028644,0.028644,1,0.018748,0.013995057413244149,0.008852,0.028644,0,0,0,2,bulbOn
12,1774266581.752928,1774266581.982865,3,3,1.0,0,0.0,173.33333333333334,173.44259376904316,60,373,87.0,2,0,2261.4882634852233,2,2,208.33333333333334,80.82903768654761,157.33333333333334,175.42614780395004,2,2,117.33333333333333,175.42614780395007,2,0.6666666666666666,1,22779.666666666668,2137.0,64032.0,0,3,0,0,0,0.037619,0.04518389897961441,0.000257,0.087838,1,2,0,0,0,0,0,0,0,0,0,0,0,171.0,202.2325394193526,28.0,314.0,0.07961533333333333,0.04724099831008372,0.025588,0.113148,3,0.037619,0.04518389897961441,0.000257,0.087838,0,0,0,2,bulbChange
5389,1774266581.982865,1774266588.081505,3,3,1.0,0,0.0,172.33333333333334,171.71585055938584,60,370,87.0,2,0,84.77299905588644,2,2,208.33333333333334,80.82903768654761,156.33333333333334,173.70185184198047,2,2,116.33333333333333,173.7018518419805,2,0.6666666666666666,1,22757.666666666668,2104.0,64032.0,0,3,0,0,0,0.05159566666666666,0.06597234819478032,0.00049,0.126072,1,2,0,0,0,0,0,0,0,0,0,0,0,169.5,200.11121907579295,28.0,311.0,0.1205935,0.13062878543605924,0.028225,0.212962,2,0.05159566666666666,0.06597234819478032,0.00049,0.126072,0,0,0,2,idle
13,1774266588.081505,1774266588.226771,1,1,1.0,0,0.0,372.0,,372,372,372.0,0,0,2560.8184739614962,1,1,255.0,,358.0,,1,1,318.0,,1,1.0,1,2145.0,2145.0,2145.0,0,1,0,0,0,0.025492,,0.025492,0.025492,0,0,0,0,0,0,0,0,0,1,0,0,0,313.0,,313.0,313.0,,,,,0,0.025492,,0.025492,0.025492,0,0,0,1,plugOn
5390,1774266588.226771,1774266591.254645,2,2,1.0,0,0.0,73.5,19.091883092036785,60,87,73.5,2,0,48.54891595348093,2,2,185.0,98.99494936611666,56.5,23.33452377915607,2,2,16.5,23.33452377915607,1,0.5,1,33823.5,2112.0,65535.0,0,2,0,0,0,0.0499295,0.048858957259646875,0.015381,0.084478,0,0,0,0,0,0,0,0,1,1,0,0,0,28.0,,28.0,28.0,0.080129,0.07654148063631903,0.026006,0.134252,2,0.0499295,0.048858957259646875,0.015381,0.084478,0,0,0,1,idle
14,1774266591.254645,1774266591.481633,5,5,1.0,0,0.0,206.6,259.29192042946494,60,667,123.0,2,1,4550.904602250288,2,2,199.0,76.68115805072325,190.2,261.00325668466286,2,2,150.2,261.00325668466286,3,0.6,1,27727.0,1794.0,65535.0,0,5,0,0,0,0.021881,0.03336544531397716,0.000146,0.078206,0,0,0,0,0,0,2,3,0,0,0,0,0,245.33333333333334,314.0785464391564,64.0,608.0,0.03709766666666667,0.039046100961982536,0.004184,0.08024,3,0.021881,0.03336544531397716,0.000146,0.078206,0,0,0,3,movingAroundHouse
5391,1774266591.481633,1774266604.753621,6,6,1.0,0,0.0,152.16666666666666,105.52993256259889,60,315,111.0,3,0,68.79150202994596,3,3,144.66666666666666,88.45488492257884,137.16666666666666,106.60096935144007,3,3,91.16666666666667,107.66506706758078,4,0.6666666666666666,2,13706.166666666666,503.0,65535.0,0,6,0,0,0,0.025395499999999998,0.03395980021584344,0.000667,0.088583,0,0,0,0,1,2,1,2,0,0,0,0,0,131.75,104.92020777714843,28.0,256.0,0.03674075,0.03692673902359463,0.001355,0.088583,4,0.025395499999999998,0.03395980021584344,0.000667,0.088583,0,0,0,4,idle
15,1774266604.753621,1774266605.091461,2,2,1.0,0,0.0,229.0,200.8183258569795,87,371,229.0,1,0,1355.6719583515348,2,2,185.0,98.99494936611666,215.0,200.8183258569795,2,2,175.0,200.8183258569795,2,1.0,1,33068.0,2104.0,64032.0,0,2,0,0,0,0.0133195,0.004735494113606307,0.009971,0.016668,1,1,0,0,0,0,0,0,0,0,0,0,0,170.0,200.8183258569795,28.0,312.0,0.027182,,0.027182,0.027182,1,0.0133195,0.004735494113606307,0.009971,0.016668,0,0,0,2,bulbOff
5392,1774266605.091461,1774266617.091927,15,7,0.4666666666666667,8,0.5333333333333333,74.0,11.600492600378166,60,97,70.0,15,0,92.49640722123549,6,6,210.86666666666667,76.97204192494334,59.2,12.76826422927453,3,3,17.714285714285715,16.57019699857031,4,0.5714285714285714,3,11830.285714285714,503.0,65535.0,0,7,0,1,1,0.03602373333333333,0.028501189913672696,0.001061,0.088671,0,1,1,2,1,2,0,8,0,0,0,0,0,26.0,0.0,26.0,26.0,0.0716904,0.09623536802963867,0.004627,0.240157,5,0.035016285714285715,0.03317274804571912,0.004627,0.088671,0,0,0,4,idle
16,1774266617.091927,1774266617.483899,3,3,1.0,0,0.0,172.33333333333334,171.71585055938584,60,370,87.0,2,0,1318.9715446610505,2,2,208.33333333333334,80.82903768654761,156.33333333333334,173.70185184198047,2,2,116.33333333333333,173.7018518419805,2,0.6666666666666666,1,22713.666666666668,2038.0,64032.0,0,3,0,0,0,0.01915,0.007799336958998503,0.010543,0.025749,1,2,0,0,0,0,0,0,0,0,0,0,0,169.5,200.11121907579295,28.0,311.0,0.049373,0.033409381197502,0.025749,0.072997,2,0.01915,0.007799336958998503,0.010543,0.025749,0,0,0,2,bulbOn
5393,1774266617.483899,1774266619.983468,22,0,0.0,0,0.0,98.0,0.0,98,98,98.0,22,0,862.5487243741673,7,6,133.45454545454547,94.0418991082102,84.0,0.0,0,0,,,0,0.0,0,,,,0,0,0,0,0,0.007116590909090909,0.00877833583675007,0.000921,0.041277,2,2,2,2,2,2,2,2,2,2,0,0,0,,,,,,,,,0,,,,,0,0,0,0,idle
17,1774266619.983468,1774266620.112846,1,1,1.0,0,0.0,371.0,,371,371,371.0,0,0,2867.5698590251545,1,1,255.0,,357.0,,1,1,317.0,,1,1.0,1,2053.0,2053.0,2053.0,0,1,0,0,0,0.0,,0.0,0.0,0,0,0,1,0,0,0,0,0,0,0,0,0,312.0,,312.0,312.0,,,,,0,0.0,,0.0,0.0,0,0,0,1,bulbChange
5394,1774266620.112846,1774266621.227727,5,5,1.0,0,0.0,75.4,14.08190328045183,60,87,85.0,5,0,338.1526700383863,4,4,199.0,76.68115805072325,59.0,17.363755354185336,2,2,19.0,17.363755354185336,3,0.6,2,27126.4,2007.0,65535.0,0,5,0,0,0,0.0176056,0.007095197305219919,0.006238,0.0259,1,2,1,1,0,0,0,0,0,0,0,0,0,26.666666666666668,1.1547005383792515,26.0,28.0,0.070737,0.052400256646954184,0.0259,0.127263,4,0.0176056,0.007095197305219919,0.006238,0.0259,0,0,0,3,idle
18,1774266621.227727,1774266621.356896,1,1,1.0,0,0.0,373.0,,373,373,373.0,0,0,2887.6900552628954,1,1,255.0,,359.0,,1,1,319.0,,1,1.0,1,2112.0,2112.0,2112.0,0,1,0,0,0,0.021,,0.021,0.021,0,0,0,0,0,0,0,0,0,1,0,0,0,314.0,,314.0,314.0,,,,,0,0.021,,0.021,0.021,0,0,0,1,plugOff
5395,1774266621.356896,1774266628.358408,2,2,1.0,0,0.0,73.5,19.091883092036785,60,87,73.5,2,0,20.995464827744023,2,2,185.0,98.99494936611666,56.5,23.33452377915607,2,2,16.5,23.33452377915607,1,0.5,1,33807.0,2079.0,65535.0,0,2,0,0,0,0.063078,0.05985517481387887,0.020754,0.105402,0,0,0,0,0,0,0,0,1,1,0,0,0,28.0,,28.0,28.0,0.1380575,0.15834595704500953,0.02609,0.250025,2,0.063078,0.05985517481387887,0.020754,0.105402,0,0,0,1,idle
19,1774266628.358408,1774266628.500704,1,1,1.0,0,0.0,372.0,,372,372,372.0,0,0,2614.26745505024,1,1,255.0,,358.0,,1,1,318.0,,1,1.0,1,2079.0,2079.0,2079.0,0,1,0,0,0,0.002231,,0.002231,0.002231,0,0,0,0,0,0,0,0,0,1,0,0,0,313.0,,313.0,313.0,,,,,0,0.002231,,0.002231,0.002231,0,0,0,1,plugOn
5396,1774266628.500704,1774266642.485082,2,2,1.0,0,0.0,73.5,19.091883092036785,60,87,73.5,2,0,10.511729693010958,2,2,185.0,98.99494936611666,56.5,23.33452377915607,2,2,16.5,23.33452377915607,1,0.5,1,33790.5,2046.0,65535.0,0,2,0,0,0,0.012903,0.008881261171703035,0.006623,0.019183,0,0,0,0,0,0,0,0,1,1,0,0,0,28.0,,28.0,28.0,0.1437315,0.164207872261046,0.027619,0.259844,2,0.012903,0.008881261171703035,0.006623,0.019183,0,0,0,1,idle
20,1774266642.485082,1774266642.775286,2,2,1.0,0,0.0,229.0,200.8183258569795,87,371,229.0,1,0,1578.1999007561592,2,2,185.0,98.99494936611666,215.0,200.8183258569795,2,2,175.0,200.8183258569795,2,1.0,1,33019.5,2007.0,64032.0,0,2,0,0,0,0.0772725,0.07215812569974361,0.026249,0.128296,1,1,0,0,0,0,0,0,0,0,0,0,0,170.0,200.8183258569795,28.0,312.0,0.026249,,0.026249,0.026249,1,0.0772725,0.07215812569974361,0.026249,0.128296,0,0,0,2,bulbOff
5397,1774266642.775286,1774266652.226147,4,4,1.0,0,0.0,72.5,14.433756729740644,60,85,72.5,4,0,30.68503501431794,3,3,220.0,70.0,55.5,17.897858344878397,2,2,15.5,17.897858344878397,2,0.5,2,17892.5,1974.0,65535.0,0,4,0,0,0,0.01456775,0.010284403867831459,0.004838,0.026807,0,1,0,0,0,0,0,0,1,2,0,0,0,26.0,0.0,26.0,26.0,0.086875,0.12355578703160769,0.004838,0.22898,3,0.01456775,0.010284403867831459,0.004838,0.026807,0,0,0,2,idle
21,1774266652.226147,1774266652.466061,4,4,1.0,0,0.0,243.25,284.05677249451384,60,667,123.0,1,1,4055.6169071415015,2,2,185.0,80.82903768654761,227.75,285.35986052701946,2,2,187.75,285.35986052701946,3,0.75,1,34124.0,2644.0,65535.0,0,4,0,0,0,0.00830525,0.009776232040856368,0.0,0.021188,0,0,0,0,0,0,2,2,0,0,0,0,0,245.33333333333334,314.0785464391564,64.0,608.0,0.017984,0.010497707273495485,0.010561,0.025407,2,0.00830525,0.009776232040856368,0.0,0.021188,0,0,0,3,movingAroundHouse
22,1774266653.502209,1774266653.643538,1,1,1.0,0,0.0,373.0,,373,373,373.0,0,0,2639.2309283254917,1,1,255.0,,359.0,,1,1,319.0,,1,1.0,1,2015.0,2015.0,2015.0,0,1,0,0,0,0.001976,,0.001976,0.001976,0,0,0,0,0,0,0,0,0,1,0,0,0,314.0,,314.0,314.0,,,,,0,0.001976,,0.001976,0.001976,0,0,0,1,plugOff
5398,1774266653.643538,1774266656.776018,2,2,1.0,0,0.0,73.5,19.091883092036785,60,87,73.5,2,0,46.92767532668883,2,2,185.0,98.99494936611666,56.5,23.33452377915607,2,2,16.5,23.33452377915607,1,0.5,1,33758.5,1982.0,65535.0,0,2,0,0,0,0.026505,0.026482563168998576,0.007779,0.045231,0,0,0,0,0,0,0,0,1,1,0,0,0,28.0,,28.0,28.0,0.139428,0.16235171696043132,0.024628,0.254228,2,0.026505,0.026482563168998576,0.007779,0.045231,0,0,0,1,idle
23,1774266656.776018,1774266657.284523,3,3,1.0,0,0.0,172.33333333333334,171.71585055938584,60,370,87.0,2,0,1016.7056218864651,2,2,208.33333333333334,80.82903768654761,156.33333333333334,173.70185184198047,2,2,116.33333333333333,173.7018518419805,2,0.6666666666666666,1,22649.0,1941.0,64032.0,0,3,0,0,0,0.04019833333333333,0.034098589213240674,0.014717,0.078934,1,2,0,0,0,0,0,0,0,0,0,0,0,169.5,200.11121907579295,28.0,311.0,0.053984,0.038240334726568494,0.026944,0.081024,2,0.04019833333333333,0.034098589213240674,0.014717,0.078934,0,0,0,2,bulbOn
24,1774266657.284824,1774266657.801434,5,5,1.0,0,0.0,195.0,160.58798211572372,60,371,87.0,3,0,1887.303237001689,2,2,199.0,76.68115805072325,179.8,161.866302855165,2,2,139.8,161.866302855165,4,0.8,1,26757.6,1875.0,64032.0,0,5,0,0,0,0.031242800000000005,0.02661244163356681,0.001234,0.073816,2,3,0,0,0,0,0,0,0,0,0,0,0,169.75,163.67931044168859,28.0,312.0,0.06407875,0.05290457066186879,0.023701,0.135086,4,0.031242800000000005,0.02661244163356681,0.001234,0.073816,0,0,0,4,bulbChange
5399,1774266657.801434,1774266661.644491,9,9,1.0,0,0.0,142.88888888888889,137.86990647386074,60,475,74.0,6,0,334.6294441405578,4,4,137.55555555555554,87.43156053610033,128.22222222222223,138.33453814736376,4,4,78.44444444444444,141.94991291923282,4,0.4444444444444444,3,13874.444444444445,503.0,65535.0,2,8,0,0,0,0.021323666666666668,0.0342016140481703,0.0,0.107543,0,0,0,0,2,4,1,2,0,0,0,0,0,171.5,175.09140470051636,28.0,416.0,0.03343616666666666,0.038298313714400886,0.001447,0.107543,6,0.021323666666666668,0.0342016140481703,0.0,0.107543,0,0,0,4,idle
26,1774266658.0,1774266675.604102,3590,3588,0.9994428969359331,2,0.0005571030640668524,1069.5573816155988,918.075090166378,60,12918,1494.0,1139,2388,218114.56344785617,8,8,60.126740947075206,10.928110955093393,1055.5473537604457,918.086152983046,6,6,1004.0772017837235,918.0716581233899,2460,0.68561872909699,5,2797.938684503902,0.0,65535.0,4,3583,2,2,2,0.0024920236768802228,0.005188676774970178,0.0,0.107543,0,0,0,0,1119,2462,2,4,1,2,0,0,2,4818.637254901961,5155.5306966833805,26.0,16408.0,0.019109851950354615,0.009246226907122217,0.001447,0.239048,1128,0.0024910891861761424,0.005189507563107467,0.0,0.107543,0,2,6,706,outsideDetection
25,1774266661.644491,1774266661.782347,1,1,1.0,0,0.0,372.0,,372,372,372.0,0,0,2698.4678369450544,1,1,255.0,,358.0,,1,1,318.0,,1,1.0,1,1982.0,1982.0,1982.0,0,1,0,0,0,0.054019,,0.054019,0.054019,0,0,0,0,0,0,0,0,0,1,0,0,0,313.0,,313.0,313.0,,,,,0,0.054019,,0.054019,0.054019,0,0,0,1,plugOn
5400,1774266675.604102,1774266687.783564,671,655,0.9761549925484352,16,0.02384500745156483,931.876304023845,793.0346727219153,60,5778,1418.0,250,401,51339.62321302719,8,9,62.2220566318927,24.892182839402025,917.8315946348733,793.0840669619746,4,4,886.2916030534351,791.688893913447,417,0.6366412213740458,3,3126.557251908397,0.0,65535.0,2,650,4,3,3,0.004723192250372578,0.009317825799036682,0.0,0.138586,0,0,0,0,236,424,1,10,0,0,0,0,1,3756.4066666666668,4876.213651160841,26.0,16408.0,0.018364645299145294,0.014906181542225517,0.001293,0.230776,234,0.004727198473282442,0.009389190857605789,0.0,0.138586,0,4,3,143,idle
27,1774266687.783564,1774266687.910258,1,1,1.0,0,0.0,373.0,,373,373,373.0,0,0,2944.102372443747,1,1,255.0,,359.0,,1,1,319.0,,1,1.0,1,1949.0,1949.0,1949.0,0,1,0,0,0,0.018196,,0.018196,0.018196,0,0,0,0,0,0,0,0,0,1,0,0,0,314.0,,314.0,314.0,,,,,0,0.018196,,0.018196,0.018196,0,0,0,1,plugOff
5401,1774266687.910258,1774266688.285485,2,2,1.0,0,0.0,73.5,19.091883092036785,60,87,73.5,2,0,391.76287952340044,2,2,185.0,98.99494936611666,56.5,23.33452377915607,2,2,16.5,23.33452377915607,1,0.5,1,33725.5,1916.0,65535.0,0,2,0,0,0,0.0238125,0.012551852472842406,0.014937,0.032688,0,0,0,0,0,0,0,0,1,1,0,0,0,28.0,,28.0,28.0,0.030045500000000003,0.003737059338570905,0.027403,0.032688,2,0.0238125,0.012551852472842406,0.014937,0.032688,0,0,0,1,idle
28,1774266688.285485,1774266688.56654,3,3,1.0,0,0.0,173.0,172.86700089953547,60,372,87.0,2,0,1846.6138255728138,2,2,208.33333333333334,80.82903768654761,157.0,174.85136545077364,2,2,117.0,174.85136545077364,2,0.6666666666666666,1,23180.666666666668,1987.0,65535.0,0,3,0,0,0,0.042266,0.02072217741937367,0.026223,0.065662,0,0,1,2,0,0,0,0,0,0,0,0,0,170.5,201.52543263816605,28.0,313.0,0.0459425,0.027887584343216247,0.026223,0.065662,2,0.042266,0.02072217741937367,0.026223,0.065662,0,0,0,2,bulbOff
29,1774266692.478677,1774266692.707539,4,4,1.0,0,0.0,243.25,284.05677249451384,60,667,123.0,1,1,4251.4694416288075,2,2,185.0,80.82903768654761,227.75,285.35986052701946,2,2,187.75,285.35986052701946,3,0.75,1,33951.5,2299.0,65535.0,0,4,0,0,0,0.005153,0.003911084419100837,0.001575,0.010155,0,0,0,0,0,0,2,2,0,0,0,0,0,245.33333333333334,314.0785464391564,64.0,608.0,0.0170815,0.015220473465040435,0.006319,0.027844,2,0.005153,0.003911084419100837,0.001575,0.010155,0,0,0,3,movingAroundHouse
1577,1774284862.835155,1774284863.208523,3,3,1.0,0,0.0,172.66666666666666,172.2914197902302,60,371,87.0,2,0,1387.3710804275045,2,2,208.33333333333334,80.82903768654761,156.66666666666666,174.27660007394374,2,2,116.66666666666667,174.27660007394374,2,0.6666666666666666,1,23780.666666666668,2887.0,65535.0,0,3,0,0,0,0.04315766666666667,0.05288212591541052,0.004297,0.103379,0,0,1,2,0,0,0,0,0,0,0,0,0,170.0,200.8183258569795,28.0,312.0,0.08254099999999999,0.07988892413845614,0.026051,0.139031,2,0.04315766666666667,0.05288212591541052,0.004297,0.103379,0,0,0,2,bulbChange
6520,1774284863.208523,1774284874.681452,11,0,0.0,11,1.0,75.9090909090909,13.375010620216685,70,112,70.0,10,0,72.78001981340685,3,4,236.9090909090909,60.00075757097497,61.90909090909091,13.375010620216685,0,0,,,0,0.0,0,,,,0,0,0,4,4,0.03138763636363637,0.04630905909273633,0.000374,0.136141,0,0,0,0,0,0,0,8,1,2,0,0,0,,,,,,,,,0,,,,,0,0,0,0,idle
1578,1774284874.681452,1774284875.021016,3,3,1.0,0,0.0,172.66666666666666,172.2914197902302,60,371,87.0,2,0,1525.4863119403133,2,2,208.33333333333334,80.82903768654761,156.66666666666666,174.27660007394374,2,2,116.66666666666667,174.27660007394374,2,0.6666666666666666,1,23475.333333333332,2429.0,65535.0,0,3,0,0,0,0.03853566666666667,0.04273449797684926,0.013737,0.087881,1,2,0,0,0,0,0,0,0,0,0,0,0,170.0,200.8183258569795,28.0,312.0,0.057284,0.04512331213463835,0.025377,0.089191,2,0.03853566666666667,0.04273449797684926,0.013737,0.087881,0,0,0,2,bulbOn
6521,1774284875.021016,1774284893.209641,3,3,1.0,0,0.0,86.66666666666667,17.8978583448784,66,97,97.0,3,0,14.294648364540542,2,2,81.0,29.444863728670914,72.66666666666667,17.8978583448784,2,2,20.666666666666668,17.897858344878397,2,0.6666666666666666,1,3689.6666666666665,503.0,5283.0,0,3,0,0,0,0.008671666666666666,0.010499393236436729,0.0,0.020345,0,0,0,0,1,2,0,0,0,0,0,0,0,26.0,0.0,26.0,26.0,0.015081,0.013309163835493198,0.00567,0.024492,2,0.008671666666666666,0.010499393236436729,0.0,0.020345,0,0,0,2,idle
1579,1774284893.209641,1774284893.493522,2,2,1.0,0,0.0,229.0,200.8183258569795,87,371,229.0,1,0,1613.3523633074462,2,2,185.0,98.99494936611666,215.0,200.8183258569795,2,2,175.0,200.8183258569795,2,1.0,1,34211.0,2887.0,65535.0,0,2,0,0,0,0.0131025,0.015740904055993734,0.001972,0.024233,0,0,1,1,0,0,0,0,0,0,0,0,0,170.0,200.8183258569795,28.0,312.0,0.027077,,0.027077,0.027077,1,0.0131025,0.015740904055993734,0.001972,0.024233,0,0,0,2,bulbChange
6522,1774284893.493522,1774284912.022294,3,3,1.0,0,0.0,172.0,171.14029332684925,60,369,87.0,2,0,27.84858040121133,2,2,208.33333333333334,80.82903768654761,156.0,173.1271209256366,2,2,116.0,173.1271209256366,2,0.6666666666666666,1,23736.666666666668,2821.0,65535.0,0,3,0,0,0,0.03807966666666667,0.05720307563700865,0.00221,0.104048,0,0,1,2,0,0,0,0,0,0,0,0,0,169.0,199.4041122946064,28.0,310.0,0.077524,0.048851308058229105,0.024254,0.120227,3,0.03807966666666667,0.05720307563700865,0.00221,0.104048,0,0,0,2,idle
1580,1774284912.022294,1774284912.36087,2,2,1.0,0,0.0,228.5,200.11121907579295,87,370,228.5,1,0,1349.771442655043,2,2,185.0,98.99494936611666,214.5,200.11121907579295,2,2,174.5,200.11121907579295,2,1.0,1,34178.0,2821.0,65535.0,0,2,0,0,0,0.015719499999999997,0.012556095113529524,0.006841,0.024598,0,0,1,1,0,0,0,0,0,0,0,0,0,169.5,200.11121907579295,28.0,311.0,0.030827,,0.030827,0.030827,1,0.015719499999999997,0.012556095113529524,0.006841,0.024598,0,0,0,2,bulbOff
6523,1774284912.36087,1774284927.36162,4,4,1.0,0,0.0,91.5,36.373066958946424,60,123,91.5,2,0,24.398779955518403,3,3,220.0,70.0,74.5,39.83716857408418,3,2,34.5,39.83716857408418,2,0.5,2,18351.0,2506.0,65535.0,0,4,0,0,0,0.033136,0.016595166344451025,0.015721,0.055253,0,0,0,1,0,0,1,2,0,0,0,0,0,64.0,0.0,64.0,64.0,0.11359266666666668,0.11798742150472369,0.027416,0.248066,3,0.033136,0.016595166344451025,0.015721,0.055253,0,0,0,2,idle
1581,1774284927.36162,1774284927.869695,3,3,1.0,0,0.0,172.0,171.14029332684925,60,369,87.0,2,0,1015.5980931206216,2,2,208.33333333333334,80.82903768654761,156.0,173.1271209256366,2,2,116.0,173.1271209256366,2,0.6666666666666666,1,23692.666666666668,2755.0,65535.0,0,3,0,0,0,0.03643866666666667,0.04023190388650944,0.001371,0.08036,0,0,1,2,0,0,0,0,0,0,0,0,0,169.0,199.4041122946064,28.0,310.0,0.1477655,0.16996089303277975,0.027585,0.267946,2,0.03643866666666667,0.04023190388650944,0.001371,0.08036,0,0,0,2,bulbOn
1582,1774284927.869949,1774284927.987735,1,1,1.0,0,0.0,369.0,,369,369,369.0,0,0,3132.802007975224,1,1,255.0,,355.0,,1,1,315.0,,1,1.0,1,2755.0,2755.0,2755.0,0,1,0,0,0,0.006445,,0.006445,0.006445,0,0,0,1,0,0,0,0,0,0,0,0,0,310.0,,310.0,310.0,,,,,0,0.006445,,0.006445,0.006445,0,0,0,1,bulbChange
6524,1774284927.987735,1774284947.988965,13,5,0.38461538461538464,8,0.6153846153846154,74.38461538461539,11.594096641096145,60,97,70.0,13,0,48.347026654356604,5,5,204.07692307692307,80.85528382905426,59.92307692307692,12.311658014943523,3,3,19.0,17.363755354185336,3,0.6,2,15865.2,503.0,65535.0,0,5,0,1,1,0.043221692307692315,0.05710128477594967,1e-06,0.182885,0,0,1,1,1,2,0,8,0,0,0,0,0,26.666666666666668,1.1547005383792515,26.0,28.0,0.043695250000000005,0.053509563265987006,0.001422,0.122099,4,0.0319766,0.04079478052153241,0.001422,0.10349,0,0,0,3,idle
1583,1774284947.988965,1774284948.15513,1,1,1.0,0,0.0,371.0,,371,371,371.0,0,0,2232.722167858055,1,1,255.0,,357.0,,1,1,317.0,,1,1.0,1,2429.0,2429.0,2429.0,0,1,0,0,0,0.000322,,0.000322,0.000322,0,1,0,0,0,0,0,0,0,0,0,0,0,312.0,,312.0,312.0,,,,,0,0.000322,,0.000322,0.000322,0,0,0,1,bulbChange
6525,1774284948.15513,1774284949.871982,2,2,1.0,0,0.0,73.5,19.091883092036785,60,87,73.5,2,0,85.62181474795167,2,2,185.0,98.99494936611666,56.5,23.33452377915607,2,2,16.5,23.33452377915607,1,0.5,1,33965.5,2396.0,65535.0,0,2,0,0,0,0.023002,0.006576093065034891,0.018352,0.027652,1,1,0,0,0,0,0,0,0,0,0,0,0,28.0,,28.0,28.0,0.023096,0.006709029139897963,0.018352,0.02784,2,0.023002,0.006576093065034891,0.018352,0.027652,0,0,0,1,idle
1584,1774284949.871982,1774284950.130311,2,2,1.0,0,0.0,228.5,200.11121907579295,87,370,228.5,1,0,1769.0625171895044,2,2,185.0,98.99494936611666,214.5,200.11121907579295,2,2,174.5,200.11121907579295,2,1.0,1,34128.5,2722.0,65535.0,0,2,0,0,0,0.0129295,0.016769037315838974,0.001072,0.024787,0,0,1,1,0,0,0,0,0,0,0,0,0,169.5,200.11121907579295,28.0,311.0,0.026749,,0.026749,0.026749,1,0.0129295,0.016769037315838974,0.001072,0.024787,0,0,0,2,bulbOff
6526,1774284950.130311,1774284959.131636,1,1,1.0,0,0.0,60.0,,60,60,60.0,1,0,6.6656854096036176,1,1,255.0,,40.0,,1,1,0.0,,0,0.0,1,2689.0,2689.0,2689.0,0,1,0,0,0,0.000585,,0.000585,0.000585,0,0,0,1,0,0,0,0,0,0,0,0,0,,,,,0.104117,,0.104117,0.104117,1,0.000585,,0.000585,0.000585,0,0,0,0,idle
1585,1774284959.131636,1774284959.627159,3,3,1.0,0,0.0,172.0,171.14029332684925,60,369,87.0,2,0,1041.3235648042341,2,2,208.33333333333334,80.82903768654761,156.0,173.1271209256366,2,2,116.0,173.1271209256366,2,0.6666666666666666,1,23626.666666666668,2656.0,65535.0,0,3,0,0,0,0.02533466666666666,0.0018035144394579522,0.023527,0.027134,0,0,1,2,0,0,0,0,0,0,0,0,0,169.0,199.4041122946064,28.0,310.0,0.026383499999999997,0.0010613672785610069,0.025633,0.027134,2,0.02533466666666666,0.0018035144394579522,0.023527,0.027134,0,0,0,2,bulbOn
1586,1774284985.156208,1774284985.682195,5,5,1.0,0,0.0,194.8,160.3159380722952,60,371,87.0,3,0,1851.7571097872355,2,2,199.0,76.68115805072325,179.6,161.59455436369137,2,2,139.6,161.59455436369137,4,0.8,1,27787.8,2590.0,65535.0,0,5,0,0,0,0.047676,0.07948640293157064,0.004651,0.189448,0,0,2,3,0,0,0,0,0,0,0,0,0,169.5,163.39216627488602,28.0,312.0,0.10126375000000001,0.09015474405108512,0.024452,0.204355,4,0.047676,0.07948640293157064,0.004651,0.189448,0,0,0,4,bulbChange
6527,1774284985.682195,1774284998.628204,11,3,0.2727272727272727,8,0.7272727272727273,74.54545454545455,11.16569421364956,66,97,70.0,11,0,63.33998299579123,3,3,207.54545454545453,82.33512450511462,60.54545454545455,11.16569421364956,2,2,20.666666666666668,17.897858344878397,2,0.6666666666666666,1,3689.6666666666665,503.0,5283.0,0,3,0,1,1,0.058428545454545455,0.07060921638053157,0.000617,0.174852,0,0,0,0,1,2,0,8,0,0,0,0,0,26.0,0.0,26.0,26.0,0.017882,0.023419376592898455,0.001322,0.034442,2,0.0010236666666666666,0.00036477161804796893,0.000617,0.001322,0,0,0,2,idle
1587,1774284998.628204,1774284998.851221,2,2,1.0,0,0.0,229.5,201.52543263816605,87,372,229.5,1,0,2058.1392750275018,2,2,185.0,98.99494936611666,215.5,201.52543263816605,2,2,175.5,201.52543263816605,2,1.0,1,33965.5,2396.0,65535.0,0,2,0,0,0,0.013335999999999999,0.018656305314825868,0.000144,0.026528,1,1,0,0,0,0,0,0,0,0,0,0,0,170.5,201.52543263816605,28.0,313.0,0.026528,,0.026528,0.026528,1,0.013335999999999999,0.018656305314825868,0.000144,0.026528,0,0,0,2,bulbOff
6528,1774284998.851221,1774285005.853423,1,1,1.0,0,0.0,60.0,,60,60,60.0,1,0,8.568733051216226,1,1,255.0,,40.0,,1,1,0.0,,0,0.0,1,2363.0,2363.0,2363.0,0,1,0,0,0,0.120148,,0.120148,0.120148,0,1,0,0,0,0,0,0,0,0,0,0,0,,,,,0.22315,,0.22315,0.22315,1,0.120148,,0.120148,0.120148,0,0,0,0,idle
1588,1774285005.853423,1774285006.300026,3,3,1.0,0,0.0,172.66666666666666,172.2914197902302,60,371,87.0,2,0,1159.8672808068384,2,2,208.33333333333334,80.82903768654761,156.66666666666666,174.27660007394374,2,2,116.66666666666667,174.27660007394374,2,0.6666666666666666,1,23409.333333333332,2330.0,65535.0,0,3,0,0,0,0.06233866666666666,0.08353641649803595,0.00213,0.157708,1,2,0,0,0,0,0,0,0,0,0,0,0,170.0,200.8183258569795,28.0,312.0,0.125147,0.13854908849212977,0.027178,0.223116,2,0.06233866666666666,0.08353641649803595,0.00213,0.157708,0,0,0,2,bulbOn
1589,1774285010.683535,1774285010.784266,1,1,1.0,0,0.0,371.0,,371,371,371.0,0,0,3683.0805120048476,1,1,255.0,,357.0,,1,1,317.0,,1,1.0,1,2330.0,2330.0,2330.0,0,1,0,0,0,0.002047,,0.002047,0.002047,0,1,0,0,0,0,0,0,0,0,0,0,0,312.0,,312.0,312.0,,,,,0,0.002047,,0.002047,0.002047,0,0,0,1,bulbChange
6529,1774285010.784266,1774285031.786399,9,9,1.0,0,0.0,74.11111111111111,13.401906995316416,60,87,85.0,9,0,31.758679149903852,4,4,192.77777777777777,73.78647873726219,57.44444444444444,16.56133381638622,2,2,17.444444444444443,16.56133381638622,5,0.5555555555555556,2,30461.0,2266.0,65535.0,0,9,0,0,0,0.03687844444444444,0.024991627433558178,0.000266,0.081139,3,3,1,2,0,0,0,0,0,0,0,0,0,26.4,0.8944271909999159,26.0,28.0,0.1108365,0.09116628501534983,0.024643,0.22432,6,0.03687844444444444,0.024991627433558178,0.000266,0.081139,0,0,0,5,idle
1590,1774285031.786399,1774285032.227003,6,6,1.0,0,0.0,172.66666666666666,154.10213063636294,60,371,87.0,4,0,2351.316616414903,2,2,185.0,76.68115805072325,156.66666666666666,155.87772986115323,2,2,116.66666666666667,155.87772986115323,4,0.6666666666666666,1,33889.5,2200.0,65535.0,0,6,0,0,0,0.024392333333333325,0.03102638657444123,0.002533,0.085589,3,3,0,0,0,0,0,0,0,0,0,0,0,170.0,163.9674764498537,28.0,312.0,0.017122666666666665,0.012059419610136025,0.00335,0.025788,3,0.024392333333333325,0.03102638657444123,0.002533,0.085589,0,0,0,4,bulbChange
1591,1774285038.300698,1774285038.524285,2,2,1.0,0,0.0,229.5,201.52543263816605,87,372,229.5,1,0,2052.8918310243635,2,2,185.0,98.99494936611666,215.5,201.52543263816605,2,2,175.5,201.52543263816605,2,1.0,1,33867.5,2200.0,65535.0,0,2,0,0,0,0.0145755,0.0010571246378738885,0.013828,0.015323,1,1,0,0,0,0,0,0,0,0,0,0,0,170.5,201.52543263816605,28.0,313.0,0.026479,,0.026479,0.026479,1,0.0145755,0.0010571246378738885,0.013828,0.015323,0,0,0,2,bulbOff
6530,1774285038.524285,1774285048.525173,1,1,1.0,0,0.0,60.0,,60,60,60.0,1,0,5.999467324821529,1,1,255.0,,40.0,,1,1,0.0,,0,0.0,1,2167.0,2167.0,2167.0,0,1,0,0,0,0.022608,,0.022608,0.022608,0,1,0,0,0,0,0,0,0,0,0,0,0,,,,,0.122416,,0.122416,0.122416,1,0.022608,,0.022608,0.022608,0,0,0,0,idle
1592,1774285048.525173,1774285048.903481,3,3,1.0,0,0.0,172.66666666666666,172.2914197902302,60,371,87.0,2,0,1369.2544722225898,2,2,208.33333333333334,80.82903768654761,156.66666666666666,174.27660007394374,2,2,116.66666666666667,174.27660007394374,2,0.6666666666666666,1,23278.666666666668,2134.0,65535.0,0,3,0,0,0,0.036402333333333335,0.031559201516092476,0.011862,0.072003,1,2,0,0,0,0,0,0,0,0,0,0,0,170.0,200.8183258569795,28.0,312.0,0.0486725,0.03299430951694549,0.025342,0.072003,2,0.036402333333333335,0.031559201516092476,0.011862,0.072003,0,0,0,2,bulbOn
6531,1774285048.903481,1774285058.227573,14,6,0.42857142857142855,8,0.5714285714285714,75.0,11.347653095210074,60,97,70.0,14,0,112.61150254489635,5,5,207.71428571428572,78.86641926645389,60.57142857142857,12.049349077307587,3,3,20.666666666666668,16.00833116432399,4,0.6666666666666666,2,13430.833333333334,503.0,65535.0,0,6,0,1,1,0.03013178571428571,0.04848184408649771,0.0,0.142509,0,0,0,0,1,2,0,8,1,2,0,0,0,26.0,0.0,26.0,26.0,0.05996825,0.07672069750019657,0.001221,0.172499,4,0.008559333333333332,0.007227076716533916,0.001221,0.018115,0,0,0,4,idle
1593,1774285058.227573,1774285059.070535,3,3,1.0,0,0.0,172.66666666666666,172.2914197902302,60,371,87.0,2,0,614.4998038544094,2,2,208.33333333333334,80.82903768654761,156.66666666666666,174.27660007394374,2,2,116.66666666666667,174.27660007394374,2,0.6666666666666666,1,23540.0,2526.0,65535.0,0,3,0,0,0,0.04827666666666667,0.05227013107247134,0.009782,0.107783,0,0,1,2,0,0,0,0,0,0,0,0,0,170.0,200.8183258569795,28.0,312.0,0.067524,0.05693482380757844,0.027265,0.107783,2,0.04827666666666667,0.05227013107247134,0.009782,0.107783,0,0,0,2,bulbChange
1594,1774285072.904388,1774285073.203329,2,2,1.0,0,0.0,229.5,201.52543263816605,87,372,229.5,1,0,1535.4193372412967,2,2,185.0,98.99494936611666,215.5,201.52543263816605,2,2,175.5,201.52543263816605,2,1.0,1,33834.5,2134.0,65535.0,0,2,0,0,0,0.0136625,0.018968139405329137,0.00025,0.027075,1,1,0,0,0,0,0,0,0,0,0,0,0,170.5,201.52543263816605,28.0,313.0,0.027075,,0.027075,0.027075,1,0.0136625,0.018968139405329137,0.00025,0.027075,0,0,0,2,bulbOff
6532,1774285073.203329,1774285080.204482,1,1,1.0,0,0.0,60.0,,60,60,60.0,1,0,8.570016976693722,1,1,255.0,,40.0,,1,1,0.0,,0,0.0,1,2101.0,2101.0,2101.0,0,1,0,0,0,0.05047,,0.05047,0.05047,0,1,0,0,0,0,0,0,0,0,0,0,0,,,,,0.223416,,0.223416,0.223416,1,0.05047,,0.05047,0.05047,0,0,0,0,idle
1595,1774285080.204482,1774285080.489706,3,3,1.0,0,0.0,172.66666666666666,172.2914197902302,60,371,87.0,2,0,1816.1167049508658,2,2,208.33333333333334,80.82903768654761,156.66666666666666,174.27660007394374,2,2,116.66666666666667,174.27660007394374,2,0.6666666666666666,1,23234.666666666668,2068.0,65535.0,0,3,0,0,0,0.015950999999999996,0.008837131887665816,0.008801,0.025831,1,2,0,0,0,0,0,0,0,0,0,0,0,170.0,200.8183258569795,28.0,312.0,0.019526,0.008916616510762363,0.013221,0.025831,2,0.015950999999999996,0.008837131887665816,0.008801,0.025831,0,0,0,2,bulbOn
1596,1774285096.071331,1774285096.472314,5,5,1.0,0,0.0,195.2,160.86080939744147,60,371,87.0,3,0,2434.0192693258114,2,2,199.0,76.68115805072325,180.0,162.13882940245992,2,2,140.0,162.13882940245992,4,0.8,1,27441.6,2035.0,65535.0,0,5,0,0,0,0.013348000000000002,0.011389114166606639,0.000259,0.024976,2,3,0,0,0,0,0,0,0,0,0,0,0,170.0,163.9674764498537,28.0,312.0,0.06773333333333333,0.07104919376272564,0.024976,0.149749,3,0.013348000000000002,0.011389114166606639,0.000259,0.024976,0,0,0,4,bulbChange
6533,1774285096.472314,1774285116.473983,5,4,0.8,1,0.2,78.0,17.705931209625774,60,97,70.0,5,0,19.498372696551698,4,4,150.6,97.55152484712886,62.8,19.357169214531346,3,2,15.5,17.897858344878397,2,0.5,2,3267.75,503.0,5283.0,0,4,0,1,1,0.023818600000000002,0.023123908694249767,0.001327,0.062084,0,1,0,0,1,2,0,1,0,0,0,0,0,26.0,0.0,26.0,26.0,0.08493833333333334,0.12442892507907209,0.001327,0.227934,3,0.014252250000000001,0.010141656122974525,0.001327,0.025554,0,0,0,2,idle
1597,1774285116.473983,1774285116.710259,3,2,0.6666666666666666,1,0.3333333333333333,176.0,169.08873410135874,70,371,87.0,2,0,2234.675541087756,3,3,208.33333333333334,80.82903768654761,162.0,169.08873410135874,2,2,175.0,200.8183258569795,2,1.0,1,34030.5,2526.0,65535.0,0,2,0,1,1,0.019732,0.0030059647369854487,0.017244,0.023072,0,0,1,1,0,0,0,1,0,0,0,0,0,170.0,200.8183258569795,28.0,312.0,0.028058,,0.028058,0.028058,1,0.018062,0.0011568266940211933,0.017244,0.01888,0,0,0,2,bulbChange
6534,1774285116.710259,1774285118.490151,7,1,0.14285714285714285,6,0.8571428571428571,68.57142857142857,3.779644730092272,60,70,70.0,7,0,269.67928879439677,2,2,255.0,0.0,53.714285714285715,6.047431568147637,1,1,0.0,,0,0.0,1,2493.0,2493.0,2493.0,0,1,0,1,1,0.03158942857142858,0.03980412311916587,0.000573,0.10358,0,0,0,1,0,0,0,6,0,0,0,0,0,,,,,0.117829,,0.117829,0.117829,1,0.022132,,0.022132,0.022132,0,0,0,0,idle
1598,1774285118.490151,1774285118.704121,3,3,1.0,0,0.0,173.0,172.86700089953547,60,372,87.0,2,0,2425.571589024977,2,2,208.33333333333334,80.82903768654761,157.0,174.85136545077364,2,2,117.0,174.85136545077364,2,0.6666666666666666,1,23168.666666666668,1969.0,65535.0,0,3,0,0,0,0.04865233333333333,0.02113154555003806,0.027609,0.069871,1,2,0,0,0,0,0,0,0,0,0,0,0,170.5,201.52543263816605,28.0,313.0,0.048504000000000005,0.02954999238578582,0.027609,0.069399,2,0.04865233333333333,0.02113154555003806,0.027609,0.069871,0,0,0,2,bulbOff
6535,1774285118.704121,1774285132.705598,3,3,1.0,0,0.0,102.0,36.373066958946424,60,123,123.0,1,0,21.854837166986304,2,2,208.33333333333334,80.82903768654761,86.0,39.83716857408418,2,2,46.0,39.83716857408418,2,0.6666666666666666,1,23492.666666666668,2437.0,65535.0,0,3,0,0,0,0.036777333333333335,0.036239674589230705,0.002805,0.074923,0,0,0,0,0,0,1,2,0,0,0,0,0,64.0,0.0,64.0,64.0,0.067051,0.05361142193600166,0.029142,0.10496,2,0.036777333333333335,0.036239674589230705,0.002805,0.074923,0,0,0,2,idle
1599,1774285132.705598,1774285132.974395,2,2,1.0,0,0.0,229.0,200.8183258569795,87,371,229.0,1,0,1703.8885664209129,2,2,185.0,98.99494936611666,215.0,200.8183258569795,2,2,175.0,200.8183258569795,2,1.0,1,33752.0,1969.0,65535.0,0,2,0,0,0,0.016343,0.005058641912608562,0.012766,0.01992,1,1,0,0,0,0,0,0,0,0,0,0,0,170.0,200.8183258569795,28.0,312.0,0.02786,,0.02786,0.02786,1,0.016343,0.005058641912608562,0.012766,0.01992,0,0,0,2,bulbOn
6536,1774285132.974395,1774285156.711481,1,1,1.0,0,0.0,60.0,,60,60,60.0,1,0,2.527690208235581,1,1,255.0,,40.0,,1,1,0.0,,0,0.0,1,1936.0,1936.0,1936.0,0,1,0,0,0,0.053147,,0.053147,0.053147,0,1,0,0,0,0,0,0,0,0,0,0,0,,,,,0.230258,,0.230258,0.230258,1,0.053147,,0.053147,0.053147,0,0,0,0,idle
1600,1774285156.711481,1774285156.847284,1,1,1.0,0,0.0,371.0,,371,371,371.0,0,0,2731.8987287547907,1,1,255.0,,357.0,,1,1,317.0,,1,1.0,1,1936.0,1936.0,1936.0,0,1,0,0,0,0.037187,,0.037187,0.037187,0,1,0,0,0,0,0,0,0,0,0,0,0,312.0,,312.0,312.0,,,,,0,0.037187,,0.037187,0.037187,0,0,0,1,bulbChange
6537,1774285156.847284,1774285163.975665,5,5,1.0,0,0.0,81.4,17.415510328439993,60,97,87.0,5,0,57.09571348782687,4,4,122.6,78.28345930016123,66.2,19.357169214531343,3,3,19.0,17.363755354185336,3,0.6,2,15701.4,503.0,65535.0,0,5,0,0,0,0.0095924,0.010073919535116408,0.001345,0.026879,1,1,0,0,1,2,0,0,0,0,0,0,0,26.666666666666668,1.1547005383792515,26.0,28.0,0.03237575,0.02678978703878277,0.00496,0.069201,4,0.0095924,0.010073919535116408,0.001345,0.026879,0,0,0,3,idle
1601,1774285163.975665,1774285164.25183,3,3,1.0,0,0.0,173.0,172.86700089953547,60,372,87.0,2,0,1879.31122315077,2,2,208.33333333333334,80.82903768654761,157.0,174.85136545077364,2,2,117.0,174.85136545077364,2,0.6666666666666666,1,23496.0,2460.0,65535.0,0,3,0,0,0,0.045967,0.02728556499323406,0.027994,0.077364,0,0,1,2,0,0,0,0,0,0,0,0,0,170.5,201.52543263816605,28.0,313.0,0.052679000000000004,0.03490986178717985,0.027994,0.077364,2,0.045967,0.02728556499323406,0.027994,0.077364,0,0,0,2,bulbOff
1602,1774285171.25243,1774285171.609502,3,3,1.0,0,0.0,172.66666666666666,172.2914197902302,60,371,87.0,2,0,1450.6873494744166,2,2,208.33333333333334,80.82903768654761,156.66666666666666,174.27660007394374,2,2,116.66666666666667,174.27660007394374,2,0.6666666666666666,1,23474.0,2427.0,65535.0,0,3,0,0,0,0.07716066666666667,0.05134632666835412,0.018497,0.113934,0,0,1,2,0,0,0,0,0,0,0,0,0,170.0,200.8183258569795,28.0,312.0,0.077988,0.0697207286249936,0.028688,0.127288,2,0.07716066666666667,0.05134632666835412,0.018497,0.113934,0,0,0,2,bulbOn
6538,1774285171.609502,1774285185.84768,8,0,0.0,8,1.0,70.0,0.0,70,70,70.0,8,0,39.330875019237936,1,1,255.0,0.0,56.0,0.0,0,0,,,0,0.0,0,,,,0,0,0,1,1,0.0603245,0.04547106705838968,0.000576,0.130748,0,0,0,0,0,0,0,8,0,0,0,0,0,,,,,,,,,0,,,,,0,0,0,0,idle
1603,1774285185.84768,1774285186.219973,5,5,1.0,0,0.0,195.0,160.58798211572372,60,371,87.0,3,0,2618.9050342296878,2,2,199.0,76.68115805072325,179.8,161.866302855165,2,2,139.8,161.866302855165,4,0.8,1,27336.0,1837.0,65535.0,0,5,0,0,0,0.041698400000000004,0.03583752805788926,0.009688,0.085614,2,3,0,0,0,0,0,0,0,0,0,0,0,169.75,163.67931044168859,28.0,312.0,0.04076924999999999,0.023557508588912084,0.023237,0.074931,4,0.041698400000000004,0.03583752805788926,0.009688,0.085614,0,0,0,4,bulbChange
1604,1774285211.60998,1774285211.867769,3,3,1.0,0,0.0,173.0,172.86700089953547,60,372,87.0,2,0,2013.2752299432598,2,2,208.33333333333334,80.82903768654761,157.0,174.85136545077364,2,2,117.0,174.85136545077364,2,0.6666666666666666,1,23452.0,2394.0,65535.0,0,3,0,0,0,0.042697000000000006,0.049410760720717505,0.005522,0.098767,0,0,1,2,0,0,0,0,0,0,0,0,0,170.5,201.52543263816605,28.0,313.0,0.053689,0.03755019850813043,0.027137,0.080241,2,0.042697000000000006,0.049410760720717505,0.005522,0.098767,0,0,0,2,bulbOff
6539,1774285211.867769,1774285218.869076,18,6,0.3333333333333333,0,0.0,92.55555555555556,11.566799456772934,60,98,98.0,18,0,237.95556993367413,9,9,133.33333333333334,89.95423673114209,78.22222222222223,12.600446096470765,3,3,20.666666666666668,16.00833116432399,4,0.6666666666666666,2,13560.166666666666,503.0,65535.0,0,6,0,0,0,0.015474833333333333,0.0234892339600382,0.001287,0.101354,1,1,2,3,2,3,1,1,1,1,0,0,0,26.0,0.0,26.0,26.0,0.0719225,0.10698527409726381,0.00134,0.231317,4,0.03279116666666667,0.035626273520628936,0.00134,0.101354,0,0,0,4,idle
1605,1774285218.869076,1774285219.225232,15,3,0.2,0,0.0,112.93333333333334,72.08572938489549,60,371,98.0,14,0,4756.344431011376,8,8,143.8,94.85567985102422,98.53333333333333,72.41632281139255,2,2,116.66666666666667,174.27660007394374,2,0.6666666666666666,1,23409.333333333332,2330.0,65535.0,0,3,0,0,0,0.004397733333333333,0.002921271799030265,0.000139,0.009451,1,1,2,3,1,1,1,1,1,1,0,0,0,170.0,200.8183258569795,28.0,312.0,0.0758615,0.07418893637531138,0.023402,0.128321,2,0.0024786666666666668,0.002089821124721763,0.000997,0.004869,0,0,0,2,bulbOn
1606,1774285219.226472,1774285219.403579,3,3,1.0,0,0.0,172.66666666666666,172.2914197902302,60,371,87.0,2,0,2924.7840008830963,2,2,208.33333333333334,80.82903768654761,156.66666666666666,174.27660007394374,2,2,116.66666666666667,174.27660007394374,2,0.6666666666666666,1,23387.333333333332,2297.0,65535.0,0,3,0,0,0,0.012601333333333334,0.01091435533292431,0.003146,0.024545,0,0,1,2,0,0,0,0,0,0,0,0,0,170.0,200.8183258569795,28.0,312.0,0.0348375,0.014555793090725083,0.024545,0.04513,2,0.012601333333333334,0.01091435533292431,0.003146,0.024545,0,0,0,2,bulbChange
6540,1774285219.403579,1774285239.227149,3,3,1.0,0,0.0,76.66666666666667,14.433756729740644,60,85,85.0,3,0,11.602350124050949,2,2,208.33333333333334,80.82903768654761,60.666666666666664,17.8978583448784,2,2,20.666666666666668,17.897858344878397,2,0.6666666666666666,1,23059.333333333332,1806.0,65535.0,0,3,0,0,0,0.048528999999999996,0.04125570509638637,0.013556,0.094028,1,2,0,0,0,0,0,0,0,0,0,0,0,26.0,0.0,26.0,26.0,0.0604675,0.047461714260022256,0.026907,0.094028,2,0.048528999999999996,0.04125570509638637,0.013556,0.094028,0,0,0,2,idle
1607,1774285239.227149,1774285239.453283,2,2,1.0,0,0.0,229.0,200.8183258569795,87,371,229.0,1,0,2025.3472490049817,2,2,185.0,98.99494936611666,215.0,200.8183258569795,2,2,175.0,200.8183258569795,2,1.0,1,33670.5,1806.0,65535.0,0,2,0,0,0,0.0407155,0.018638627645296203,0.027536,0.053895,1,1,0,0,0,0,0,0,0,0,0,0,0,170.0,200.8183258569795,28.0,312.0,0.027536,,0.027536,0.027536,1,0.0407155,0.018638627645296203,0.027536,0.053895,0,0,0,2,bulbOff
6541,1774285239.453283,1774285252.454393,11,3,0.2727272727272727,8,0.7272727272727273,71.81818181818181,7.16684284490991,60,85,70.0,11,0,60.76404320971523,4,4,242.27272727272728,42.211588240886904,57.27272727272727,8.295672475344107,2,2,20.666666666666668,17.897858344878397,2,0.6666666666666666,2,23094.333333333332,1773.0,65535.0,0,3,0,1,1,0.04748545454545454,0.04773682166496558,0.000568,0.159268,0,1,0,0,0,0,0,8,1,1,0,0,0,26.0,0.0,26.0,26.0,0.0490395,0.03161969393431885,0.026681,0.071398,2,0.018364000000000002,0.00030319795513822286,0.018044,0.018647,0,0,0,2,idle
1608,1774285252.454393,1774285252.626235,4,4,1.0,0,0.0,144.25,151.03724706177613,60,370,73.5,3,0,3357.73367482567,3,3,220.0,70.0,127.25,153.29138919065218,2,2,87.25,153.29138919065218,2,0.5,2,18043.0,1773.0,65535.0,0,4,0,0,0,0.0171155,0.027021858516147006,0.001393,0.057461,1,2,0,0,0,0,0,0,0,1,0,0,0,169.5,200.11121907579295,28.0,311.0,0.058831333333333326,0.0692179573111872,0.007298,0.137507,3,0.0171155,0.027021858516147006,0.001393,0.057461,0,0,0,2,bulbOn
1609,1774285257.404557,1774285257.600802,2,2,1.0,0,0.0,228.5,200.11121907579295,87,370,228.5,1,0,2328.722284114779,2,2,185.0,98.99494936611666,214.5,200.11121907579295,2,2,174.5,200.11121907579295,2,1.0,1,34227.5,2920.0,65535.0,0,2,0,0,0,0.031657000000000005,0.009209358718173596,0.025145,0.038169,1,1,0,0,0,0,0,0,0,0,0,0,0,169.5,200.11121907579295,28.0,311.0,0.025487,,0.025487,0.025487,1,0.031657000000000005,0.009209358718173596,0.025145,0.038169,0,0,0,2,bulbChange
6542,1774285257.600802,1774285292.601097,6,6,1.0,0,0.0,129.66666666666666,119.2504367567124,60,371,92.0,5,0,22.228383972036106,4,4,144.66666666666666,88.45488492257886,114.66666666666667,119.97444172267136,3,3,68.66666666666667,122.64528799210618,4,0.6666666666666666,2,13724.166666666666,503.0,65535.0,0,6,0,0,0,0.020756833333333332,0.027938486053590426,0.0,0.0729,1,2,0,0,1,2,0,0,0,0,0,0,0,98.0,142.6697818974525,26.0,312.0,0.0699342,0.09064169360013084,0.001201,0.225879,5,0.020756833333333332,0.027938486053590426,0.0,0.0729,0,0,0,4,idle
1610,1774285292.601097,1774285292.826319,2,2,1.0,0,0.0,229.0,200.8183258569795,87,371,229.0,1,0,2033.5502731702463,2,2,185.0,98.99494936611666,215.0,200.8183258569795,2,2,175.0,200.8183258569795,2,1.0,1,33916.0,2297.0,65535.0,0,2,0,0,0,0.031731,0.005678067452927976,0.027716,0.035746,0,0,1,1,0,0,0,0,0,0,0,0,0,170.0,200.8183258569795,28.0,312.0,0.027716,,0.027716,0.027716,1,0.031731,0.005678067452927976,0.027716,0.035746,0,0,0,2,bulbChange
1611,1774285292.62821,1774285292.96068,5,5,1.0,0,0.0,195.4,161.13441593899176,60,372,87.0,3,0,2938.6115311800813,4,4,199.0,76.68115805072325,180.2,162.4121300888576,2,2,140.2,162.4121300888576,4,0.8,2,27697.0,2264.0,65535.0,0,5,0,0,0,0.027131,0.018854454009596778,0.009229,0.05372,1,1,1,2,0,0,0,0,0,0,0,0,0,170.25,164.25665892133566,28.0,313.0,0.064738,0.06486410686196181,0.026863,0.139635,3,0.027131,0.018854454009596778,0.009229,0.05372,0,0,0,4,bulbOff
6543,1774285292.96068,1774285306.961909,9,1,0.1111111111111111,8,0.8888888888888888,68.88888888888889,3.333333333333333,60,70,70.0,9,0,44.281826822804184,2,2,255.0,0.0,54.22222222222222,5.333333333333334,1,1,0.0,,0,0.0,1,2821.0,2821.0,2821.0,0,1,0,1,1,0.03525122222222222,0.023927477111982457,0.000574,0.062955,0,1,0,0,0,0,0,8,0,0,0,0,0,,,,,0.240946,,0.240946,0.240946,1,0.062955,,0.062955,0.062955,0,0,0,0,idle
1612,1774285306.961909,1774285307.256292,3,3,1.0,0,0.0,172.66666666666666,172.2914197902302,60,371,87.0,2,0,1759.6121846684139,2,2,208.33333333333334,80.82903768654761,156.66666666666666,174.27660007394374,2,2,116.66666666666667,174.27660007394374,2,0.6666666666666666,1,23714.666666666668,2788.0,65535.0,0,3,0,0,0,0.02580733333333333,0.03255953919104712,0.000156,0.062437,1,2,0,0,0,0,0,0,0,0,0,0,0,170.0,200.8183258569795,28.0,312.0,0.020941500000000002,0.00823567268047972,0.015118,0.026765,2,0.02580733333333333,0.03255953919104712,0.000156,0.062437,0,0,0,2,bulbOn
1613,1774285321.421649,1774285321.653648,1,1,1.0,0,0.0,667.0,,667,667,667.0,0,1,2875.013378222006,1,1,255.0,,653.0,,1,1,613.0,,1,1.0,1,2437.0,2437.0,2437.0,0,1,0,0,0,0.006268,,0.006268,0.006268,0,0,0,0,0,0,0,1,0,0,0,0,0,608.0,,608.0,608.0,,,,,0,0.006268,,0.006268,0.006268,0,0,0,1,movingAroundHouse
6544,1774285321.653648,1774285326.827315,6,6,1.0,0,0.0,102.0,32.5330601081423,60,123,123.0,2,0,118.29133518522845,2,2,185.0,76.68115805072325,86.0,35.63144678510823,2,2,46.0,35.63144678510823,4,0.6666666666666666,1,33905.5,2230.0,65535.0,0,6,0,0,0,0.025766,0.04667025142850636,0.001436,0.118757,0,0,0,0,0,0,3,3,0,0,0,0,0,64.0,0.0,64.0,64.0,0.0436265,0.051399323176477725,0.002282,0.118757,4,0.025766,0.04667025142850636,0.001436,0.118757,0,0,0,4,idle
1614,1774285326.827315,1774285327.045577,4,4,1.0,0,0.0,157.75,142.9157677328386,66,371,97.0,3,0,2891.021450488663,3,3,124.5,90.26073343375845,143.75,142.9157677328386,3,2,94.75,148.88558246743258,3,0.75,2,3464.25,503.0,5283.0,0,4,0,0,0,0.014024750000000002,0.011194326073953716,0.001057,0.026363,0,1,0,0,1,2,0,0,0,0,0,0,0,121.33333333333333,165.12217698823298,26.0,312.0,0.01371,0.01789404420470677,0.001057,0.026363,2,0.014024750000000002,0.011194326073953716,0.001057,0.026363,0,0,0,3,bulbChange
6545,1774285327.045577,1774285338.256869,5,5,1.0,0,0.0,129.0,107.14242857057143,60,315,87.0,3,0,57.531281708169864,4,4,199.0,76.68115805072325,112.6,109.10682838392839,3,3,72.6,109.10682838392839,3,0.6,2,27643.2,2161.0,65535.0,0,5,0,0,0,0.030860199999999994,0.027127221009532104,0.010588,0.07719,1,1,0,0,0,0,1,2,0,0,0,0,0,116.0,122.5724275683565,28.0,256.0,0.08210800000000001,0.06281521024932311,0.029517,0.159205,4,0.030860199999999994,0.027127221009532104,0.010588,0.07719,0,0,0,3,idle
1615,1774285338.256869,1774285338.519333,2,2,1.0,0,0.0,229.5,201.52543263816605,87,372,229.5,1,0,1748.8125444541643,2,2,185.0,98.99494936611666,215.5,201.52543263816605,2,2,175.5,201.52543263816605,2,1.0,1,33899.5,2264.0,65535.0,0,2,0,0,0,0.017276,0.0023928493475352756,0.015584,0.018968,0,0,1,1,0,0,0,0,0,0,0,0,0,170.5,201.52543263816605,28.0,313.0,0.027594,,0.027594,0.027594,1,0.017276,0.0023928493475352756,0.015584,0.018968,0,0,0,2,bulbOff
6546,1774285338.519333,1774285345.519654,1,1,1.0,0,0.0,60.0,,60,60,60.0,1,0,8.57103534478428,1,1,255.0,,40.0,,1,1,0.0,,0,0.0,1,2231.0,2231.0,2231.0,0,1,0,0,0,0.043151,,0.043151,0.043151,0,0,0,1,0,0,0,0,0,0,0,0,0,,,,,0.23122,,0.23122,0.23122,1,0.043151,,0.043151,0.043151,0,0,0,0,idle
1616,1774285345.519654,1774285346.000153,3,3,1.0,0,0.0,172.66666666666666,172.2914197902302,60,371,87.0,2,0,1078.0458826442336,2,2,208.33333333333334,80.82903768654761,156.66666666666666,174.27660007394374,2,2,116.66666666666667,174.27660007394374,2,0.6666666666666666,1,23321.333333333332,2198.0,65535.0,0,3,0,0,0,0.054522999999999995,0.06766112756228647,0.011661,0.132524,0,0,1,2,0,0,0,0,0,0,0,0,0,170.0,200.8183258569795,28.0,312.0,0.0823065,0.0710182695684709,0.032089,0.132524,2,0.054522999999999995,0.06766112756228647,0.011661,0.132524,0,0,0,2,bulbOn
1617,1774285360.046755,1774285360.348678,2,2,1.0,0,0.0,229.0,200.8183258569795,87,371,229.0,1,0,1516.9428778772494,2,2,185.0,98.99494936611666,215.0,200.8183258569795,2,2,175.0,200.8183258569795,2,1.0,1,33866.5,2198.0,65535.0,0,2,0,0,0,0.011665,0.01311824500457283,0.002389,0.020941,0,0,1,1,0,0,0,0,0,0,0,0,0,170.0,200.8183258569795,28.0,312.0,0.02725,,0.02725,0.02725,1,0.011665,0.01311824500457283,0.002389,0.020941,0,0,0,2,bulbChange
6547,1774285360.348678,1774285364.449043,3,3,1.0,0,0.0,172.33333333333334,171.71585055938584,60,370,87.0,2,0,126.08633856948909,2,2,208.33333333333334,80.82903768654761,156.33333333333334,173.70185184198047,2,2,116.33333333333333,173.7018518419805,2,0.6666666666666666,1,23277.333333333332,2132.0,65535.0,0,3,0,0,0,0.03438566666666667,0.03917984699221442,0.002036,0.07795,0,0,1,2,0,0,0,0,0,0,0,0,0,169.5,200.11121907579295,28.0,311.0,0.07398433333333333,0.04412067530459313,0.023171,0.102575,3,0.03438566666666667,0.03917984699221442,0.002036,0.07795,0,0,0,2,idle
1618,1774285364.449043,1774285364.679941,4,4,1.0,0,0.0,243.25,284.05677249451384,60,667,123.0,1,1,4213.983693631925,2,2,185.0,80.82903768654761,227.75,285.35986052701946,2,2,187.75,285.35986052701946,3,0.75,1,33813.5,2023.0,65535.0,0,4,0,0,0,0.05064300000000001,0.07762815943972909,0.000613,0.164611,0,0,0,0,0,0,2,2,0,0,0,0,0,245.33333333333334,314.0785464391564,64.0,608.0,0.018674,0.02329492579940962,0.002202,0.035146,2,0.05064300000000001,0.07762815943972909,0.000613,0.164611,0,0,0,3,movingAroundHouse
6548,1774285364.679941,1774285382.001839,11,3,0.2727272727272727,8,0.7272727272727273,96.18181818181819,74.42690129491915,60,315,70.0,9,0,61.07875713185027,2,3,242.27272727272728,42.21158824088691,81.63636363636364,74.73991266689136,2,2,110.0,135.2442235365341,2,0.6666666666666666,1,23170.666666666668,1954.0,65535.0,0,3,0,1,1,0.04681481818181819,0.038994093831805306,0.00056,0.132851,0,0,0,0,0,0,1,10,0,0,0,0,0,160.0,135.7645019878171,64.0,256.0,0.1089855,0.11433563098395881,0.028138,0.189833,2,0.028160333333333332,0.00397954700102076,0.024192,0.032151,0,0,0,2,idle
1619,1774285382.001839,1774285382.27173,2,2,1.0,0,0.0,229.0,200.8183258569795,87,371,229.0,1,0,1696.9812253479445,2,2,185.0,98.99494936611666,215.0,200.8183258569795,2,2,175.0,200.8183258569795,2,1.0,1,33833.5,2132.0,65535.0,0,2,0,0,0,0.010207,0.0006943788591251886,0.009716,0.010698,0,0,1,1,0,0,0,0,0,0,0,0,0,170.0,200.8183258569795,28.0,312.0,0.027625,,0.027625,0.027625,1,0.010207,0.0006943788591251886,0.009716,0.010698,0,0,0,2,bulbOff
6549,1774285382.27173,1774285391.272335,4,4,1.0,0,0.0,80.0,19.782146833277054,60,97,81.5,4,0,35.553165172650864,3,3,124.5,90.26073343375845,64.5,21.91650823770368,3,2,15.5,17.897858344878397,2,0.5,2,3292.0,503.0,5283.0,0,4,0,0,0,0.016265500000000002,0.02186900467937822,1e-06,0.046957,0,0,0,1,1,2,0,0,0,0,0,0,0,26.0,0.0,26.0,26.0,0.05911666666666667,0.08047114240728369,0.001172,0.150997,3,0.016265500000000002,0.02186900467937822,1e-06,0.046957,0,0,0,2,idle
1620,1774285391.272335,1774285391.755691,3,3,1.0,0,0.0,172.33333333333334,171.71585055938584,60,370,87.0,2,0,1069.6050138555804,2,2,208.33333333333334,80.82903768654761,156.33333333333334,173.70185184198047,2,2,116.33333333333333,173.7018518419805,2,0.6666666666666666,1,23233.333333333332,2066.0,65535.0,0,3,0,0,0,0.033897000000000004,0.05848370938133115,0.0,0.101428,0,0,1,2,0,0,0,0,0,0,0,0,0,169.5,200.11121907579295,28.0,311.0,0.056521,0.04156515081170764,0.02713,0.085912,2,0.033897000000000004,0.05848370938133115,0.0,0.101428,0,0,0,2,bulbOn
1621,1774285393.349769,1774285393.865805,3,3,1.0,0,0.0,172.66666666666666,172.2914197902302,60,371,87.0,2,0,1003.8063343791914,2,2,208.33333333333334,80.82903768654761,156.66666666666666,174.27660007394374,2,2,116.66666666666667,174.27660007394374,2,0.6666666666666666,1,23670.666666666668,2722.0,65535.0,0,3,0,0,0,0.011541000000000001,0.017502347299719546,0.000562,0.031725,1,2,0,0,0,0,0,0,0,0,0,0,0,170.0,200.8183258569795,28.0,312.0,0.1534335,0.17212181135608584,0.031725,0.275142,2,0.011541000000000001,0.017502347299719546,0.000562,0.031725,0,0,0,2,bulbChange
1622,1774285414.867022,1774285415.109453,2,2,1.0,0,0.0,229.0,200.8183258569795,87,371,229.0,1,0,1889.1979202009384,2,2,185.0,98.99494936611666,215.0,200.8183258569795,2,2,175.0,200.8183258569795,2,1.0,1,34128.5,2722.0,65535.0,0,2,0,0,0,0.021799,0.0008471139238614847,0.0212,0.022398,1,1,0,0,0,0,0,0,0,0,0,0,0,170.0,200.8183258569795,28.0,312.0,0.028204,,0.028204,0.028204,1,0.021799,0.0008471139238614847,0.0212,0.022398,0,0,0,2,bulbChange
6550,1774285415.109453,1774285421.756231,6,6,1.0,0,0.0,124.5,120.92766432872173,60,370,85.0,5,0,112.38527719891897,4,4,208.33333333333334,72.29568912920512,108.5,122.24033704142018,2,2,68.5,122.24033704142018,4,0.6666666666666666,2,23419.333333333332,2035.0,65535.0,0,6,0,0,0,0.045052333333333326,0.07290557184376696,0.000447,0.191913,1,2,1,2,0,0,0,0,0,0,0,0,0,97.75,142.16979285347503,26.0,311.0,0.1035208,0.08901411991757263,0.024242,0.230302,5,0.045052333333333326,0.07290557184376696,0.000447,0.191913,0,0,0,4,idle
1623,1774285421.756231,1774285421.986207,2,2,1.0,0,0.0,229.0,200.8183258569795,87,371,229.0,1,0,1991.5126877872337,2,2,185.0,98.99494936611666,215.0,200.8183258569795,2,2,175.0,200.8183258569795,2,1.0,1,34095.5,2656.0,65535.0,0,2,0,0,0,0.020531999999999998,0.01809910517125087,0.007734,0.03333,1,1,0,0,0,0,0,0,0,0,0,0,0,170.0,200.8183258569795,28.0,312.0,0.026252,,0.026252,0.026252,1,0.020531999999999998,0.01809910517125087,0.007734,0.03333,0,0,0,2,bulbOff
6551,1774285421.986207,1774285430.987286,12,4,0.3333333333333333,8,0.6666666666666666,70.83333333333333,7.637626158259734,60,85,70.0,12,0,94.43312209684026,3,3,243.33333333333334,40.4145188432738,55.833333333333336,9.350093177302696,2,2,15.5,17.897858344878397,2,0.5,1,18343.25,2592.0,65535.0,0,4,0,1,1,0.07177758333333333,0.058856354407008024,0.004163,0.199442,1,3,0,0,0,0,0,8,0,0,0,0,0,26.0,0.0,26.0,26.0,0.16127633333333335,0.11835633742361808,0.024798,0.235718,3,0.04449975,0.02161746939206036,0.024798,0.071904,0,0,0,2,idle
1624,1774285430.987286,1774285431.386309,3,3,1.0,0,0.0,172.33333333333334,171.71585055938584,60,370,87.0,2,0,1295.6652531663344,2,2,208.33333333333334,80.82903768654761,156.33333333333334,173.70185184198047,2,2,116.33333333333333,173.7018518419805,2,0.6666666666666666,1,23562.0,2559.0,65535.0,0,3,0,0,0,0.019778333333333332,0.01236381208743215,0.005511,0.027355,1,2,0,0,0,0,0,0,0,0,0,0,0,169.5,200.11121907579295,28.0,311.0,0.01599,0.014819543920107663,0.005511,0.026469,2,0.019778333333333332,0.01236381208743215,0.005511,0.027355,0,0,0,2,bulbOn
6552,1774285431.386309,1774285440.110272,4,4,1.0,0,0.0,81.5,17.897858344878397,66,97,81.5,4,0,37.36833812445388,2,2,89.5,29.444863728670914,67.5,17.897858344878397,2,2,15.5,17.897858344878397,2,0.5,1,2893.0,503.0,5283.0,0,4,0,0,0,0.005503,0.009219151913272716,0.0,0.019291,0,0,0,0,2,2,0,0,0,0,0,0,0,26.0,0.0,26.0,26.0,0.014015,0.018411646368535324,0.000996,0.027034,2,0.005503,0.009219151913272716,0.0,0.019291,0,0,0,2,idle
1625,1774285440.110272,1774285440.718951,5,5,1.0,0,0.0,195.0,160.58798211572372,60,371,87.0,3,0,1601.8293879517505,2,2,199.0,76.68115805072325,179.8,161.866302855165,2,2,139.8,161.866302855165,4,0.8,1,27729.6,2493.0,65535.0,0,5,0,0,0,0.052317800000000005,0.050945953575333144,0.001809,0.111375,2,3,0,0,0,0,0,0,0,0,0,0,0,169.75,163.67931044168859,28.0,312.0,0.090057,0.09499567869119101,0.024259,0.226948,4,0.052317800000000005,0.050945953575333144,0.001809,0.111375,0,0,0,4,bulbChange
6553,1774285440.718951,1774285467.387325,3,3,1.0,0,0.0,76.66666666666667,14.433756729740644,60,85,85.0,3,0,8.624447799812165,2,2,208.33333333333334,80.82903768654761,60.666666666666664,17.8978583448784,2,2,20.666666666666668,17.897858344878397,2,0.6666666666666666,1,23130.666666666668,1913.0,65535.0,0,3,0,0,0,0.064614,0.07720479567358493,0.001039,0.150524,0,0,0,0,0,0,0,0,1,2,0,0,0,26.0,0.0,26.0,26.0,0.059788,0.024761465263590528,0.042279,0.077297,2,0.064614,0.07720479567358493,0.001039,0.150524,0,0,0,2,idle
1626,1774285467.387325,1774285467.663699,2,2,1.0,0,0.0,229.5,201.52543263816605,87,372,229.5,1,0,1660.7938053616472,2,2,185.0,98.99494936611666,215.5,201.52543263816605,2,2,175.5,201.52543263816605,2,1.0,1,34014.0,2493.0,65535.0,0,2,0,0,0,0.0539195,0.03980940467402144,0.02577,0.082069,1,1,0,0,0,0,0,0,0,0,0,0,0,170.5,201.52543263816605,28.0,313.0,0.02577,,0.02577,0.02577,1,0.0539195,0.03980940467402144,0.02577,0.082069,0,0,0,2,bulbOff
6554,1774285467.663699,1774285470.719236,1,1,1.0,0,0.0,60.0,,60,60,60.0,1,0,19.63648297721314,1,1,255.0,,40.0,,1,1,0.0,,0,0.0,1,2460.0,2460.0,2460.0,0,1,0,0,0,0.008099,,0.008099,0.008099,0,1,0,0,0,0,0,0,0,0,0,0,0,,,,,0.129282,,0.129282,0.129282,1,0.008099,,0.008099,0.008099,0,0,0,0,idle
1627,1774285470.719236,1774285471.35022,5,5,1.0,0,0.0,195.0,160.58798211572372,60,371,87.0,3,0,1545.2054173394006,2,2,199.0,76.68115805072325,179.8,161.866302855165,2,2,139.8,161.866302855165,4,0.8,1,27415.2,1969.0,65535.0,0,5,0,0,0,0.0256376,0.012774045377248352,0.007413,0.042552,0,0,2,3,0,0,0,0,0,0,0,0,0,169.75,163.67931044168859,28.0,312.0,0.051695250000000005,0.033794414216701554,0.023159,0.096011,4,0.0256376,0.012774045377248352,0.007413,0.042552,0,0,0,4,bulbChange
1628,1774285476.665602,1774285477.148264,3,3,1.0,0,0.0,172.66666666666666,172.2914197902302,60,371,87.0,2,0,1073.2148796377846,2,2,208.33333333333334,80.82903768654761,156.66666666666666,174.27660007394374,2,2,116.66666666666667,174.27660007394374,2,0.6666666666666666,1,23474.0,2427.0,65535.0,0,3,0,0,0,0.092292,0.08370938013747325,0.021175,0.184543,1,2,0,0,0,0,0,0,0,0,0,0,0,170.0,200.8183258569795,28.0,312.0,0.0515055,0.03486672827352748,0.026851,0.07616,2,0.092292,0.08370938013747325,0.021175,0.184543,0,0,0,2,bulbOn
6555,1774285477.148264,1774285503.148994,11,3,0.2727272727272727,8,0.7272727272727273,74.54545454545455,11.16569421364956,66,97,70.0,11,0,31.537576014649346,3,3,207.54545454545453,82.33512450511462,60.54545454545455,11.16569421364956,2,2,20.666666666666668,17.897858344878397,2,0.6666666666666666,1,3689.6666666666665,503.0,5283.0,0,3,0,1,1,0.03408509090909091,0.045475112218563124,0.0,0.147026,0,0,0,0,1,2,0,8,0,0,0,0,0,26.0,0.0,26.0,26.0,0.0139815,0.017934349291234403,0.0013,0.026663,2,0.00503,0.0076141775655680635,0.0,0.01379,0,0,0,2,idle
1629,1774285503.148994,1774285503.410576,3,3,1.0,0,0.0,173.0,172.86700089953547,60,372,87.0,2,0,1984.0804407763717,2,2,208.33333333333334,80.82903768654761,157.0,174.85136545077364,2,2,117.0,174.85136545077364,2,0.6666666666666666,1,23146.666666666668,1936.0,65535.0,0,3,0,0,0,0.03230433333333333,0.04299260648452631,0.005418,0.081889,0,0,1,2,0,0,0,0,0,0,0,0,0,170.5,201.52543263816605,28.0,313.0,0.066652,0.04676521408055351,0.033584,0.09972,2,0.03230433333333333,0.04299260648452631,0.005418,0.081889,0,0,0,2,bulbOff
1630,1774285514.411713,1774285514.865698,3,3,1.0,0,0.0,172.66666666666666,172.2914197902302,60,371,87.0,2,0,1141.0063230246326,2,2,208.33333333333334,80.82903768654761,156.66666666666666,174.27660007394374,2,2,116.66666666666667,174.27660007394374,2,0.6666666666666666,1,23124.666666666668,1903.0,65535.0,0,3,0,0,0,0.06556166666666667,0.07984722748682846,0.013423,0.157485,0,0,1,2,0,0,0,0,0,0,0,0,0,170.0,200.8183258569795,28.0,312.0,0.091631,0.0931316199365178,0.025777,0.157485,2,0.06556166666666667,0.07984722748682846,0.013423,0.157485,0,0,0,2,bulbOn
1631,1774285514.865945,1774285515.421337,5,5,1.0,0,0.0,195.0,160.58798211572372,60,371,87.0,3,0,1755.5174927301434,2,2,199.0,76.68115805072325,179.8,161.866302855165,2,2,139.8,161.866302855165,4,0.8,1,27336.0,1837.0,65535.0,0,5,0,0,0,0.0317724,0.03829720444497221,0.002727,0.098912,0,0,2,3,0,0,0,0,0,0,0,0,0,169.75,163.67931044168859,28.0,312.0,0.06247675,0.04591492062772187,0.022235,0.105431,4,0.0317724,0.03829720444497221,0.002727,0.098912,0,0,0,4,bulbChange
6556,1774285515.421337,1774285536.421754,3,3,1.0,0,0.0,102.0,36.373066958946424,60,123,123.0,1,0,14.571139234332575,2,2,208.33333333333334,80.82903768654761,86.0,39.83716857408418,2,2,46.0,39.83716857408418,2,0.6666666666666666,1,23124.666666666668,1885.0,65535.0,0,3,0,0,0,0.046668666666666664,0.025364897246654344,0.028839,0.075707,0,0,0,0,0,0,1,2,0,0,0,0,0,64.0,0.0,64.0,64.0,0.09385450000000001,0.09194580186446796,0.028839,0.15887,2,0.046668666666666664,0.025364897246654344,0.028839,0.075707,0,0,0,2,idle
1632,1774285536.421754,1774285536.564595,1,1,1.0,0,0.0,371.0,,371,371,371.0,0,0,2597.291663258885,1,1,255.0,,357.0,,1,1,317.0,,1,1.0,1,1837.0,1837.0,1837.0,0,1,0,0,0,0.002816,,0.002816,0.002816,0,0,0,1,0,0,0,0,0,0,0,0,0,312.0,,312.0,312.0,,,,,0,0.002816,,0.002816,0.002816,0,0,0,1,bulbChange
6557,1774285536.564595,1774285537.866182,2,2,1.0,0,0.0,73.5,19.091883092036785,60,87,73.5,2,0,112.93904146575392,2,2,185.0,98.99494936611666,56.5,23.33452377915607,2,2,16.5,23.33452377915607,1,0.5,1,33669.5,1804.0,65535.0,0,2,0,0,0,0.0060880000000000005,0.004029094439200948,0.003239,0.008937,0,0,1,1,0,0,0,0,0,0,0,0,0,28.0,,28.0,28.0,0.1429205,0.16551319137911638,0.025885,0.259956,2,0.0060880000000000005,0.004029094439200948,0.003239,0.008937,0,0,0,1,idle
1633,1774285537.866182,1774285538.121022,2,2,1.0,0,0.0,229.5,201.52543263816605,87,372,229.5,1,0,1801.1308477316359,2,2,185.0,98.99494936611666,215.5,201.52543263816605,2,2,175.5,201.52543263816605,2,1.0,1,33981.0,2427.0,65535.0,0,2,0,0,0,0.0149825,0.01355452988856493,0.005398,0.024567,1,1,0,0,0,0,0,0,0,0,0,0,0,170.5,201.52543263816605,28.0,313.0,0.027675,,0.027675,0.027675,1,0.0149825,0.01355452988856493,0.005398,0.024567,0,0,0,2,bulbOff
6558,1774285538.121022,1774285551.12182,4,4,1.0,0,0.0,80.0,19.782146833277054,60,97,81.5,4,0,24.613873726856454,3,3,124.5,90.26073343375845,64.5,21.91650823770368,3,2,15.5,17.897858344878397,2,0.5,2,3365.75,503.0,5283.0,0,4,0,0,0,0.0185295,0.023549852235912935,0.001124,0.051949,0,1,0,0,1,2,0,0,0,0,0,0,0,26.0,0.0,26.0,26.0,0.080942,0.11873321865425868,0.001124,0.217388,3,0.0185295,0.023549852235912935,0.001124,0.051949,0,0,0,2,idle
1634,1774285551.12182,1774285551.592346,4,3,0.75,1,0.25,147.0,149.74867834697795,60,371,78.5,3,0,1249.6653213608718,3,3,220.0,70.0,131.5,150.93596876379954,2,2,116.66666666666667,174.27660007394374,2,0.6666666666666666,1,23430.0,2361.0,65535.0,0,3,0,1,1,0.0061635,0.0052397916943328965,0.000146,0.011858,1,2,0,0,0,0,0,1,0,0,0,0,0,170.0,200.8183258569795,28.0,312.0,0.1220385,0.13644686003166215,0.025556,0.218521,2,0.004265333333333334,0.00442322340983737,0.000146,0.00894,0,0,0,2,bulbOn
6559,1774285551.592346,1774285567.56545,7,0,0.0,7,1.0,70.0,0.0,70,70,70.0,7,0,30.67656730947169,1,1,255.0,0.0,56.0,0.0,0,0,,,0,0.0,0,,,,0,0,0,1,1,0.08817557142857144,0.07227061007504397,0.012907,0.187071,0,0,0,0,0,0,0,7,0,0,0,0,0,,,,,,,,,0,,,,,0,0,0,0,idle
1635,1774285567.56545,1774285568.412306,3,3,1.0,0,0.0,172.66666666666666,172.2914197902302,60,371,87.0,2,0,611.6741550890604,2,2,208.33333333333334,80.82903768654761,156.66666666666666,174.27660007394374,2,2,116.66666666666667,174.27660007394374,2,0.6666666666666666,1,23036.666666666668,1771.0,65535.0,0,3,0,0,0,0.014101333333333334,0.011330465230224808,0.002651,0.025308,0,0,1,2,0,0,0,0,0,0,0,0,0,170.0,200.8183258569795,28.0,312.0,0.1240055,0.13957934307231856,0.025308,0.222703,2,0.014101333333333334,0.011330465230224808,0.002651,0.025308,0,0,0,2,bulbChange
1636,1774285574.592673,1774285574.8887,3,3,1.0,0,0.0,173.0,172.86700089953547,60,372,87.0,2,0,1753.218781485905,2,2,208.33333333333334,80.82903768654761,157.0,174.85136545077364,2,2,117.0,174.85136545077364,2,0.6666666666666666,1,23408.0,2328.0,65535.0,0,3,0,0,0,0.06041166666666667,0.06410618807364336,0.020569,0.134361,1,2,0,0,0,0,0,0,0,0,0,0,0,170.5,201.52543263816605,28.0,313.0,0.023437,0.004055964496886035,0.020569,0.026305,2,0.06041166666666667,0.06410618807364336,0.020569,0.134361,0,0,0,2,bulbOff
1637,1774285585.889882,1774285586.305484,3,3,1.0,0,0.0,172.66666666666666,172.2914197902302,60,371,87.0,2,0,1246.3848560173158,2,2,208.33333333333334,80.82903768654761,156.66666666666666,174.27660007394374,2,2,116.66666666666667,174.27660007394374,2,0.6666666666666666,1,23386.0,2295.0,65535.0,0,3,0,0,0,0.0014806666666666668,0.002294783286790571,2.5e-05,0.004126,1,2,0,0,0,0,0,0,0,0,0,0,0,170.0,200.8183258569795,28.0,312.0,0.017148,0.016913994205982216,0.005188,0.029108,2,0.0014806666666666668,0.002294783286790571,2.5e-05,0.004126,0,0,0,2,bulbOn
1638,1774285598.413616,1774285599.005016,5,5,1.0,0,0.0,195.0,160.58798211572372,60,371,87.0,3,0,1648.6299602662675,2,2,199.0,76.68115805072325,179.8,161.866302855165,2,2,139.8,161.866302855165,4,0.8,1,27577.8,2262.0,65535.0,0,5,0,0,0,0.0253264,0.041631813956396375,1e-06,0.096955,2,3,0,0,0,0,0,0,0,0,0,0,0,169.75,163.67931044168859,28.0,312.0,0.11269733333333333,0.1479697590230292,0.027112,0.283558,3,0.0253264,0.041631813956396375,1e-06,0.096955,0,0,0,4,bulbChange
6560,1774285599.005016,1774285620.306386,15,7,0.4666666666666667,8,0.5333333333333333,74.0,11.600492600378166,60,97,70.0,15,0,52.10932465497762,6,6,210.86666666666667,76.97204192494335,59.2,12.768264229274527,3,3,17.714285714285715,16.57019699857031,4,0.5714285714285714,3,11932.0,503.0,65535.0,0,7,0,1,1,0.0426974,0.04624762835896098,3e-05,0.135624,0,1,1,2,1,2,0,8,0,0,0,0,0,26.0,0.0,26.0,26.0,0.0561706,0.09255315957491675,0.001075,0.22056,5,0.02133842857142857,0.026850997472826113,0.001075,0.077742,0,0,0,4,idle
1639,1774285620.306386,1774285620.518939,2,2,1.0,0,0.0,229.0,200.8183258569795,87,371,229.0,1,0,2154.7564497168855,2,2,185.0,98.99494936611666,215.0,200.8183258569795,2,2,175.0,200.8183258569795,2,1.0,1,33882.0,2229.0,65535.0,0,2,0,0,0,0.053027500000000005,0.06746859352691444,0.00532,0.100735,1,1,0,0,0,0,0,0,0,0,0,0,0,170.0,200.8183258569795,28.0,312.0,0.024227,,0.024227,0.024227,1,0.053027500000000005,0.06746859352691444,0.00532,0.100735,0,0,0,2,bulbOff
6561,1774285620.518939,1774285628.005424,4,4,1.0,0,0.0,72.5,14.433756729740644,60,85,72.5,4,0,38.7364697623236,2,2,220.0,70.0,55.5,17.897858344878397,2,2,15.5,17.897858344878397,2,0.5,1,18023.0,2165.0,65535.0,0,4,0,0,0,0.08448975,0.05085357165021286,0.02821,0.145982,1,3,0,0,0,0,0,0,0,0,0,0,0,26.0,0.0,26.0,26.0,0.17071999999999998,0.1234289054921901,0.02821,0.243669,3,0.08448975,0.05085357165021286,0.02821,0.145982,0,0,0,2,idle
1640,1774285628.005424,1774285628.206355,1,1,1.0,0,0.0,371.0,,371,371,371.0,0,0,1846.404321009628,1,1,255.0,,357.0,,1,1,317.0,,1,1.0,1,2920.0,2920.0,2920.0,0,1,0,0,0,0.002496,,0.002496,0.002496,0,0,0,1,0,0,0,0,0,0,0,0,0,312.0,,312.0,312.0,,,,,0,0.002496,,0.002496,0.002496,0,0,0,1,bulbChange
6562,1774285628.206355,1774285630.519439,2,2,1.0,0,0.0,73.5,19.091883092036785,60,87,73.5,2,0,63.55152133469982,2,2,185.0,98.99494936611666,56.5,23.33452377915607,2,2,16.5,23.33452377915607,1,0.5,1,34211.0,2887.0,65535.0,0,2,0,0,0,0.0894745,0.09022894659974702,0.025673,0.153276,0,0,1,1,0,0,0,0,0,0,0,0,0,28.0,,28.0,28.0,0.134461,0.14964642231607142,0.028645,0.240277,2,0.0894745,0.09022894659974702,0.025673,0.153276,0,0,0,1,idle
1641,1774285630.519439,1774285630.73644,3,3,1.0,0,0.0,172.33333333333334,171.71585055938584,60,370,87.0,2,0,2382.477924954514,2,2,208.33333333333334,80.82903768654761,156.33333333333334,173.70185184198047,2,2,116.33333333333333,173.7018518419805,2,0.6666666666666666,1,23277.333333333332,2132.0,65535.0,0,3,0,0,0,0.014753333333333334,0.01956558788621833,0.003216,0.037344,1,2,0,0,0,0,0,0,0,0,0,0,0,169.5,200.11121907579295,28.0,311.0,0.0321635,0.007326333359873821,0.026983,0.037344,2,0.014753333333333334,0.01956558788621833,0.003216,0.037344,0,0,0,2,bulbOn
6563,1774285630.73644,1774285654.207393,3,3,1.0,0,0.0,76.66666666666667,14.433756729740644,60,85,85.0,3,0,9.799346456908552,2,2,208.33333333333334,80.82903768654761,60.666666666666664,17.8978583448784,2,2,20.666666666666668,17.897858344878397,2,0.6666666666666666,1,23110.0,1882.0,65535.0,0,3,0,0,0,0.025117,0.02399305907965885,0.001467,0.049439,0,0,0,0,0,0,0,0,1,2,0,0,0,26.0,0.0,26.0,26.0,0.0254425,0.0014106780284671625,0.024445,0.02644,2,0.025117,0.02399305907965885,0.001467,0.049439,0,0,0,2,idle
1642,1774285654.207393,1774285654.41571,1,1,1.0,0,0.0,370.0,,370,370,370.0,0,0,1776.138896359922,1,1,255.0,,356.0,,1,1,316.0,,1,1.0,1,2132.0,2132.0,2132.0,0,1,0,0,0,0.038072,,0.038072,0.038072,0,1,0,0,0,0,0,0,0,0,0,0,0,311.0,,311.0,311.0,,,,,0,0.038072,,0.038072,0.038072,0,0,0,1,bulbChange
6564,1774285654.41571,1774285661.737608,5,5,1.0,0,0.0,81.4,17.415510328439993,60,97,87.0,5,0,55.58667997209793,4,4,122.6,78.28345930016123,66.2,19.357169214531343,3,3,19.0,17.363755354185336,3,0.6,2,15740.6,503.0,65535.0,0,5,0,0,0,0.013555600000000001,0.02017191140670611,0.000575,0.048973,1,1,0,0,1,2,0,0,0,0,0,0,0,26.666666666666668,1.1547005383792515,26.0,28.0,0.07527299999999998,0.11489373994260957,0.001115,0.24666,4,0.013555600000000001,0.02017191140670611,0.000575,0.048973,0,0,0,3,idle
1643,1774285661.737608,1774285662.031733,2,2,1.0,0,0.0,229.5,201.52543263816605,87,372,229.5,1,0,1560.5605609370566,2,2,185.0,98.99494936611666,215.5,201.52543263816605,2,2,175.5,201.52543263816605,2,1.0,1,34211.0,2887.0,65535.0,0,2,0,0,0,0.025218499999999998,0.03476631911059898,0.000635,0.049802,0,0,1,1,0,0,0,0,0,0,0,0,0,170.5,201.52543263816605,28.0,313.0,0.026958,,0.026958,0.026958,1,0.025218499999999998,0.03476631911059898,0.000635,0.049802,0,0,0,2,bulbOff
6565,1774285662.031733,1774285674.032475,1,1,1.0,0,0.0,60.0,,60,60,60.0,1,0,4.999690869689257,1,1,255.0,,40.0,,1,1,0.0,,0,0.0,1,2854.0,2854.0,2854.0,0,1,0,0,0,0.015602,,0.015602,0.015602,0,0,0,1,0,0,0,0,0,0,0,0,0,,,,,0.12083,,0.12083,0.12083,1,0.015602,,0.015602,0.015602,0,0,0,0,idle
1644,1774285674.032475,1774285674.486401,3,3,1.0,0,0.0,172.66666666666666,172.2914197902302,60,371,87.0,2,0,1141.1549489890247,2,2,208.33333333333334,80.82903768654761,156.66666666666666,174.27660007394374,2,2,116.66666666666667,174.27660007394374,2,0.6666666666666666,1,23736.666666666668,2821.0,65535.0,0,3,0,0,0,0.08291133333333332,0.057391106927235105,0.017254,0.123523,0,0,1,2,0,0,0,0,0,0,0,0,0,170.0,200.8183258569795,28.0,312.0,0.1006075,0.10329486570251205,0.027567,0.173648,2,0.08291133333333332,0.057391106927235105,0.017254,0.123523,0,0,0,2,bulbOn
6566,1774285674.486401,1774285688.416904,8,0,0.0,8,1.0,70.0,0.0,70,70,70.0,8,0,40.19955376772988,1,1,255.0,0.0,56.0,0.0,0,0,,,0,0.0,0,,,,0,0,0,1,1,0.0260725,0.02597224399788579,0.00057,0.062096,0,0,0,0,0,0,0,8,0,0,0,0,0,,,,,,,,,0,,,,,0,0,0,0,idle
1645,1774285688.416904,1774285688.867097,5,5,1.0,0,0.0,194.6,160.04155710314743,60,370,87.0,3,0,2161.2956108473154,2,2,199.0,76.68115805072325,179.4,161.32048846938196,2,2,139.4,161.32048846938196,4,0.8,1,27460.2,2066.0,65535.0,0,5,0,0,0,0.04222499999999999,0.04450787649955904,0.001895,0.097256,2,3,0,0,0,0,0,0,0,0,0,0,0,169.25,163.10196197471078,28.0,311.0,0.028055999999999998,0.0037721745717821703,0.024161,0.031692,3,0.04222499999999999,0.04450787649955904,0.001895,0.097256,0,0,0,4,bulbChange
6567,1774285688.867097,1774285708.868204,1,1,1.0,0,0.0,60.0,,60,60,60.0,1,0,2.9998339268117413,1,1,255.0,,40.0,,1,1,0.0,,0,0.0,1,2033.0,2033.0,2033.0,0,1,0,0,0,0.017621,,0.017621,0.017621,0,1,0,0,0,0,0,0,0,0,0,0,0,,,,,0.112649,,0.112649,0.112649,1,0.017621,,0.017621,0.017621,0,0,0,0,idle
1646,1774285708.868204,1774285708.995913,1,1,1.0,0,0.0,371.0,,371,371,371.0,0,0,2905.043935405582,1,1,255.0,,357.0,,1,1,317.0,,1,1.0,1,2033.0,2033.0,2033.0,0,1,0,0,0,0.000446,,0.000446,0.000446,0,1,0,0,0,0,0,0,0,0,0,0,0,312.0,,312.0,312.0,,,,,0,0.000446,,0.000446,0.000446,0,0,0,1,bulbChange
6568,1774285708.995913,1774285709.487298,2,2,1.0,0,0.0,73.5,19.091883092036785,60,87,73.5,2,0,299.15444115480796,2,2,185.0,98.99494936611666,56.5,23.33452377915607,2,2,16.5,23.33452377915607,1,0.5,1,33767.5,2000.0,65535.0,0,2,0,0,0,0.0167765,0.009775751249904022,0.009864,0.023689,1,1,0,0,0,0,0,0,0,0,0,0,0,28.0,,28.0,28.0,0.123571,0.1380640132402358,0.025945,0.221197,2,0.0167765,0.009775751249904022,0.009864,0.023689,0,0,0,1,idle
1647,1774285709.487298,1774285709.709829,2,2,1.0,0,0.0,229.5,201.52543263816605,87,372,229.5,1,0,2062.6332263010213,2,2,185.0,98.99494936611666,215.5,201.52543263816605,2,2,175.5,201.52543263816605,2,1.0,1,33767.5,2000.0,65535.0,0,2,0,0,0,0.020235999999999997,0.004000810167953486,0.017407,0.023065,1,1,0,0,0,0,0,0,0,0,0,0,0,170.5,201.52543263816605,28.0,313.0,0.023065,,0.023065,0.023065,1,0.020235999999999997,0.004000810167953486,0.017407,0.023065,0,0,0,2,bulbOff
6569,1774285709.709829,1774285719.710784,4,4,1.0,0,0.0,80.0,19.782146833277054,60,97,81.5,4,0,31.996944719228733,3,3,124.5,90.26073343375845,64.5,21.91650823770368,3,2,15.5,17.897858344878397,2,0.5,2,3259.0,503.0,5283.0,0,4,0,0,0,0.01807025,0.01316712604367407,0.001148,0.031798,0,1,0,0,1,2,0,0,0,0,0,0,0,26.0,0.0,26.0,26.0,0.051059,0.06640443848870345,0.001148,0.126425,3,0.01807025,0.01316712604367407,0.001148,0.031798,0,0,0,2,idle
1648,1774285719.710784,1774285720.013675,2,2,1.0,0,0.0,229.0,200.8183258569795,87,371,229.0,1,0,1512.0950302144886,2,2,185.0,98.99494936611666,215.0,200.8183258569795,2,2,175.0,200.8183258569795,2,1.0,1,33751.0,1967.0,65535.0,0,2,0,0,0,0.0326015,0.0077661537777718535,0.02711,0.038093,1,1,0,0,0,0,0,0,0,0,0,0,0,170.0,200.8183258569795,28.0,312.0,0.027201,,0.027201,0.027201,1,0.0326015,0.0077661537777718535,0.02711,0.038093,0,0,0,2,bulbOn
6570,1774285720.013675,1774285741.997107,9,4,0.4444444444444444,5,0.5555555555555556,79.55555555555556,24.990553770930685,60,123,70.0,7,0,32.56998262256302,3,4,239.44444444444446,46.666666666666664,64.22222222222223,26.27155199915765,3,2,34.5,39.83716857408418,2,0.5,2,17792.5,1816.0,65535.0,0,4,0,1,1,0.07555666666666666,0.07521425365580649,0.013696,0.198031,0,1,0,0,0,0,1,7,0,0,0,0,0,64.0,0.0,64.0,64.0,0.14201766666666668,0.10411483425685955,0.025349,0.225476,3,0.024299499999999998,0.011617017675232601,0.013696,0.038896,0,0,0,2,idle
1649,1774285741.997107,1774285742.526899,6,4,0.6666666666666666,2,0.3333333333333333,171.5,154.77564407877617,60,371,78.5,4,0,1942.271425929151,3,3,231.66666666666666,57.154760664940824,156.5,155.6569947030971,2,2,166.75,174.0160433216815,3,0.75,1,18483.0,2788.0,65535.0,0,4,0,1,1,0.03149816666666667,0.018990081394419208,0.006447,0.054721,0,0,1,3,0,0,0,2,0,0,0,0,0,217.33333333333334,163.9674764498537,28.0,312.0,0.135873,0.15256677332237187,0.027992,0.243754,2,0.03131275,0.02448592763711434,0.006447,0.054721,0,0,0,3,bulbChange
6571,1774285742.526899,1774285759.014175,3,2,0.6666666666666666,1,0.3333333333333333,72.33333333333333,13.650396819628847,60,87,70.0,3,0,13.161664917902565,3,3,208.33333333333334,80.82903768654761,56.333333333333336,16.502525059315417,2,2,16.5,23.33452377915607,1,0.5,1,34145.0,2755.0,65535.0,0,2,0,1,1,0.05249266666666667,0.06571685233129577,0.005637,0.127613,0,0,1,1,0,0,0,1,0,0,0,0,0,28.0,,28.0,28.0,0.0538155,0.041843043776713953,0.024228,0.083403,2,0.0149325,0.013145822169039105,0.005637,0.024228,0,0,0,1,idle
1650,1774285759.014175,1774285759.294344,2,2,1.0,0,0.0,229.5,201.52543263816605,87,372,229.5,1,0,1638.2968256696797,2,2,185.0,98.99494936611666,215.5,201.52543263816605,2,2,175.5,201.52543263816605,2,1.0,1,33734.5,1934.0,65535.0,0,2,0,0,0,0.044631000000000004,0.024242448886199596,0.027489,0.061773,1,1,0,0,0,0,0,0,0,0,0,0,0,170.5,201.52543263816605,28.0,313.0,0.027489,,0.027489,0.027489,1,0.044631000000000004,0.024242448886199596,0.027489,0.061773,0,0,0,2,bulbOff
6572,1774285759.294344,1774285764.527546,1,1,1.0,0,0.0,60.0,,60,60,60.0,1,0,11.465255922192801,1,1,255.0,,40.0,,1,1,0.0,,0,0.0,1,1901.0,1901.0,1901.0,0,1,0,0,0,0.012153,,0.012153,0.012153,0,1,0,0,0,0,0,0,0,0,0,0,0,,,,,0.126094,,0.126094,0.126094,1,0.012153,,0.012153,0.012153,0,0,0,0,idle
1651,1774285764.527546,1774285764.719605,1,1,1.0,0,0.0,371.0,,371,371,371.0,0,0,1931.6976689334297,1,1,255.0,,357.0,,1,1,317.0,,1,1.0,1,2755.0,2755.0,2755.0,0,1,0,0,0,0.002736,,0.002736,0.002736,0,0,0,1,0,0,0,0,0,0,0,0,0,312.0,,312.0,312.0,,,,,0,0.002736,,0.002736,0.002736,0,0,0,1,bulbChange
6573,1774285764.719605,1774285769.295042,5,5,1.0,0,0.0,81.4,17.415510328439993,60,97,87.0,5,0,88.95325055675191,4,4,122.6,78.28345930016123,66.2,19.357169214531343,3,3,19.0,17.363755354185336,3,0.6,2,15865.2,503.0,65535.0,0,5,0,0,0,0.029265399999999997,0.037759123338605205,0.001074,0.094885,0,0,1,1,1,2,0,0,0,0,0,0,0,26.666666666666668,1.1547005383792515,26.0,28.0,0.069106,0.10335890370613135,0.001074,0.223128,4,0.029265399999999997,0.037759123338605205,0.001074,0.094885,0,0,0,3,idle
1652,1774285769.295042,1774285769.573092,2,2,1.0,0,0.0,229.0,200.8183258569795,87,371,229.0,1,0,1647.1860788560707,2,2,185.0,98.99494936611666,215.0,200.8183258569795,2,2,175.0,200.8183258569795,2,1.0,1,33718.0,1901.0,65535.0,0,2,0,0,0,0.010416,0.01092479976933216,0.002691,0.018141,1,1,0,0,0,0,0,0,0,0,0,0,0,170.0,200.8183258569795,28.0,312.0,0.025661,,0.025661,0.025661,1,0.010416,0.01092479976933216,0.002691,0.018141,0,0,0,2,bulbOn
6574,1774285769.573092,1774285796.720016,1,1,1.0,0,0.0,60.0,,60,60,60.0,1,0,2.2101951572235596,1,1,255.0,,40.0,,1,1,0.0,,0,0.0,1,1868.0,1868.0,1868.0,0,1,0,0,0,0.053543,,0.053543,0.053543,0,1,0,0,0,0,0,0,0,0,0,0,0,,,,,0.262273,,0.262273,0.262273,1,0.053543,,0.053543,0.053543,0,0,0,0,idle
1653,1774285796.720016,1774285796.860126,1,1,1.0,0,0.0,371.0,,371,371,371.0,0,0,2647.919191919192,1,1,255.0,,357.0,,1,1,317.0,,1,1.0,1,2722.0,2722.0,2722.0,0,1,0,0,0,0.070823,,0.070823,0.070823,0,0,0,1,0,0,0,0,0,0,0,0,0,312.0,,312.0,312.0,,,,,0,0.070823,,0.070823,0.070823,0,0,0,1,bulbChange
6575,1774285796.860126,1774285799.574251,2,2,1.0,0,0.0,73.5,19.091883092036785,60,87,73.5,2,0,54.16110328082773,2,2,185.0,98.99494936611666,56.5,23.33452377915607,2,2,16.5,23.33452377915607,1,0.5,1,34112.0,2689.0,65535.0,0,2,0,0,0,0.0219515,0.002938028675830104,0.019874,0.024029,0,0,1,1,0,0,0,0,0,0,0,0,0,28.0,,28.0,28.0,0.0748955,0.06919251985944724,0.025969,0.123822,2,0.0219515,0.002938028675830104,0.019874,0.024029,0,0,0,1,idle
1654,1774285799.574251,1774285799.82713,3,3,1.0,0,0.0,173.0,172.86700089953547,60,372,87.0,2,0,2052.363806413414,2,2,208.33333333333334,80.82903768654761,157.0,174.85136545077364,2,2,117.0,174.85136545077364,2,0.6666666666666666,1,23626.666666666668,2656.0,65535.0,0,3,0,0,0,0.016401666666666665,0.00787073423089189,0.010717,0.025385,0,0,1,2,0,0,0,0,0,0,0,0,0,170.5,201.52543263816605,28.0,313.0,0.050059,0.03428619360617331,0.025815,0.074303,2,0.016401666666666665,0.00787073423089189,0.010717,0.025385,0,0,0,2,bulbOff
6576,1774285799.82713,1774285812.828895,8,0,0.0,8,1.0,70.0,0.0,70,70,70.0,8,0,43.07107530794685,1,1,255.0,0.0,56.0,0.0,0,0,,,0,0.0,0,,,,0,0,0,1,1,0.023189374999999998,0.02130376809686493,0.000631,0.063801,0,0,0,0,0,0,0,8,0,0,0,0,0,,,,,,,,,0,,,,,0,0,0,0,idle
1655,1774285812.828895,1774285813.232153,3,3,1.0,0,0.0,172.66666666666666,172.2914197902302,60,371,87.0,2,0,1284.5379304310193,2,2,208.33333333333334,80.82903768654761,156.66666666666666,174.27660007394374,2,2,116.66666666666667,174.27660007394374,2,0.6666666666666666,1,23604.666666666668,2623.0,65535.0,0,3,0,0,0,0.028013,0.01268242220555679,0.014726,0.039989,0,0,1,2,0,0,0,0,0,0,0,0,0,170.0,200.8183258569795,28.0,312.0,0.062775,0.047306857874942404,0.029324,0.096226,2,0.028013,0.01268242220555679,0.014726,0.039989,0,0,0,2,bulbOn
6577,1774285813.232153,1774285826.861346,31,9,0.2903225806451613,0,0.0,92.7741935483871,11.170525733433067,60,98,98.0,31,0,211.01762853792005,10,9,142.8709677419355,91.78516290246618,78.38709677419355,12.379222967954112,3,3,20.666666666666668,15.5,6,0.6666666666666666,3,16784.333333333332,503.0,65535.0,0,9,0,0,0,0.007462322580645162,0.007278349892602016,1e-06,0.02768,3,4,3,4,3,4,2,2,2,2,0,0,0,26.0,0.0,26.0,26.0,0.06565599999999999,0.08282472955343712,0.005713,0.225568,6,0.011073666666666667,0.009729339314670859,1e-06,0.02768,0,0,0,6,idle
1656,1774285826.861346,1774285827.123641,3,3,1.0,0,0.0,276.3333333333333,163.9674764498537,87,371,371.0,1,0,3160.5633948252275,2,2,208.33333333333334,80.82903768654761,262.3333333333333,163.9674764498537,2,2,222.33333333333334,163.9674764498537,3,1.0,1,23058.666666666668,1804.0,65535.0,0,3,0,0,0,0.04415633333333333,0.03949164495603258,0.016939,0.089451,1,2,0,0,0,0,0,0,0,0,0,0,0,217.33333333333334,163.9674764498537,28.0,312.0,0.085242,0.08366911699067943,0.026079,0.144405,2,0.04415633333333333,0.03949164495603258,0.016939,0.089451,0,0,0,3,bulbChange
6578,1774285827.123641,1774285839.232844,2,2,1.0,0,0.0,73.5,19.091883092036785,60,87,73.5,2,0,12.139527166533185,2,2,185.0,98.99494936611666,56.5,23.33452377915607,2,2,16.5,23.33452377915607,1,0.5,1,33653.0,1771.0,65535.0,0,2,0,0,0,0.06435099999999999,0.06092290605347056,0.021272,0.10743,1,1,0,0,0,0,0,0,0,0,0,0,0,28.0,,28.0,28.0,0.074942,0.07317423814430868,0.0232,0.126684,2,0.06435099999999999,0.06092290605347056,0.021272,0.10743,0,0,0,1,idle
1657,1774285839.232844,1774285839.518276,3,3,1.0,0,0.0,173.0,172.86700089953547,60,372,87.0,2,0,1818.2973568061157,2,2,208.33333333333334,80.82903768654761,157.0,174.85136545077364,2,2,117.0,174.85136545077364,2,0.6666666666666666,1,23408.666666666668,1771.0,65535.0,0,3,0,0,0,0.012055000000000001,0.012972588677669544,0.000268,0.025954,1,2,0,0,0,0,0,0,0,0,0,0,0,170.5,201.52543263816605,28.0,313.0,0.019332000000000002,0.013278051137120989,0.009943,0.028721,2,0.012055000000000001,0.012972588677669544,0.000268,0.025954,0,0,0,2,bulbOff
1658,1774285849.519426,1774285849.854366,3,3,1.0,0,0.0,172.66666666666666,172.2914197902302,60,371,87.0,2,0,1546.545850061217,2,2,208.33333333333334,80.82903768654761,156.66666666666666,174.27660007394374,2,2,116.66666666666667,174.27660007394374,2,0.6666666666666666,1,23780.666666666668,2887.0,65535.0,0,3,0,0,0,0.048369666666666665,0.039930514300886906,0.023041,0.0944,1,2,0,0,0,0,0,0,0,0,0,0,0,170.0,200.8183258569795,28.0,312.0,0.07757649999999999,0.07058127757769761,0.027668,0.127485,2,0.048369666666666665,0.039930514300886906,0.023041,0.0944,0,0,0,2,bulbOn
1659,1774285849.854608,1774285850.055493,2,2,1.0,0,0.0,229.0,200.8183258569795,87,371,229.0,1,0,2279.9107400783078,2,2,185.0,98.99494936611666,215.0,200.8183258569795,2,2,175.0,200.8183258569795,2,1.0,1,34211.0,2887.0,65535.0,0,2,0,0,0,0.0438615,0.034643282530672524,0.019365,0.068358,1,1,0,0,0,0,0,0,0,0,0,0,0,170.0,200.8183258569795,28.0,312.0,0.021762,,0.021762,0.021762,1,0.0438615,0.034643282530672524,0.019365,0.068358,0,0,0,2,bulbChange
6579,1774285850.055493,1774285875.855051,14,6,0.42857142857142855,8,0.5714285714285714,93.42857142857143,80.31449173354446,60,371,70.0,13,0,50.69854312385385,5,5,235.0,50.8391127441794,78.57142857142857,80.72718947714657,2,2,68.66666666666667,122.64528799210618,4,0.6666666666666666,2,23413.0,1851.0,65535.0,0,6,0,1,1,0.05115221428571427,0.04607877584374656,0.000593,0.164307,1,2,0,0,0,0,0,8,1,2,0,0,0,98.0,142.6697818974525,26.0,312.0,0.0874162,0.08538810654125081,0.022877,0.232593,5,0.061067166666666665,0.06026750476804782,0.001135,0.164307,0,0,0,4,idle
1660,1774285875.855051,1774285876.159343,3,3,1.0,0,0.0,173.0,172.86700089953547,60,372,87.0,2,0,1705.598773949242,2,2,208.33333333333334,80.82903768654761,157.0,174.85136545077364,2,2,117.0,174.85136545077364,2,0.6666666666666666,1,23562.0,2559.0,65535.0,0,3,0,0,0,0.045071,0.03130417729313453,0.026771,0.081217,0,0,1,2,0,0,0,0,0,0,0,0,0,170.5,201.52543263816605,28.0,313.0,0.026998,0.00032102647865869224,0.026771,0.027225,2,0.045071,0.03130417729313453,0.026771,0.081217,0,0,0,2,bulbOff
6580,1774285876.159343,1774285887.15976,3,3,1.0,0,0.0,86.66666666666667,17.8978583448784,66,97,97.0,3,0,23.635467649960088,2,2,81.0,29.444863728670914,72.66666666666667,17.8978583448784,2,2,20.666666666666668,17.897858344878397,2,0.6666666666666666,1,3689.6666666666665,503.0,5283.0,0,3,0,0,0,0.007240000000000001,0.005546523325471551,0.001021,0.011675,0,0,0,0,1,2,0,0,0,0,0,0,0,26.0,0.0,26.0,26.0,0.01345,0.0175772603667352,0.001021,0.025879,2,0.007240000000000001,0.005546523325471551,0.001021,0.011675,0,0,0,2,idle
1661,1774285887.15976,1774285887.687549,3,3,1.0,0,0.0,172.66666666666666,172.2914197902302,60,371,87.0,2,0,981.4525998912233,2,2,208.33333333333334,80.82903768654761,156.66666666666666,174.27660007394374,2,2,116.66666666666667,174.27660007394374,2,0.6666666666666666,1,23540.0,2526.0,65535.0,0,3,0,0,0,0.008775666666666668,0.0066120398012514525,0.002436,0.01563,0,0,1,2,0,0,0,0,0,0,0,0,0,170.0,200.8183258569795,28.0,312.0,0.12405450000000001,0.13468192150582053,0.02882,0.219289,2,0.008775666666666668,0.0066120398012514525,0.002436,0.01563,0,0,0,2,bulbOn
1662,1774285888.056842,1774285888.197355,1,1,1.0,0,0.0,370.0,,370,370,370.0,0,0,2633.209378404151,1,1,255.0,,356.0,,1,1,316.0,,1,1.0,1,2821.0,2821.0,2821.0,0,1,0,0,0,0.000143,,0.000143,0.000143,0,1,0,0,0,0,0,0,0,0,0,0,0,311.0,,311.0,311.0,,,,,0,0.000143,,0.000143,0.000143,0,0,0,1,bulbChange
6581,1774285888.197355,1774285922.688644,2,2,1.0,0,0.0,73.5,19.091883092036785,60,87,73.5,2,0,4.261945687927024,2,2,185.0,98.99494936611666,56.5,23.33452377915607,2,2,16.5,23.33452377915607,1,0.5,1,34161.5,2788.0,65535.0,0,2,0,0,0,0.0332235,0.010307495549356303,0.025935,0.040512,1,1,0,0,0,0,0,0,0,0,0,0,0,28.0,,28.0,28.0,0.12241950000000001,0.13617250260056177,0.026131,0.218708,2,0.0332235,0.010307495549356303,0.025935,0.040512,0,0,0,1,idle
1663,1774285922.688644,1774285922.935348,2,2,1.0,0,0.0,229.0,200.8183258569795,87,371,229.0,1,0,1856.4750123701137,2,2,185.0,98.99494936611666,215.0,200.8183258569795,2,2,175.0,200.8183258569795,2,1.0,1,34161.5,2788.0,65535.0,0,2,0,0,0,0.0046700000000000005,0.0009079251070435267,0.004028,0.005312,1,1,0,0,0,0,0,0,0,0,0,0,0,170.0,200.8183258569795,28.0,312.0,0.026341,,0.026341,0.026341,1,0.0046700000000000005,0.0009079251070435267,0.004028,0.005312,0,0,0,2,bulbOff
6582,1774285922.935348,1774285928.198148,6,4,0.6666666666666666,2,0.3333333333333333,84.33333333333333,30.283108603092035,60,123,70.0,4,0,96.14653836182045,3,4,231.66666666666666,57.154760664940824,68.33333333333333,32.30273466235741,3,2,34.5,39.83716857408418,2,0.5,2,17963.25,1747.0,65535.0,0,4,0,1,1,0.053851666666666666,0.03947898639360776,0.009072,0.111124,0,1,0,0,0,0,1,4,0,0,0,0,0,64.0,0.0,64.0,64.0,0.13572366666666666,0.10101586628017073,0.024656,0.222115,3,0.05935025000000001,0.04142311833083067,0.024656,0.111124,0,0,0,2,idle
1664,1774285928.198148,1774285928.618361,5,3,0.6,2,0.4,131.6,134.18010284688262,60,371,70.0,4,0,1565.872604894976,3,3,227.0,62.609903369994115,116.4,135.004814728957,2,2,116.66666666666667,174.27660007394374,2,0.6666666666666666,1,23518.0,2493.0,65535.0,0,3,0,1,1,0.0239356,0.022494346096297177,1e-06,0.059809,0,0,1,2,0,0,0,2,0,0,0,0,0,170.0,200.8183258569795,28.0,312.0,0.0495885,0.03359110764026694,0.025836,0.073341,2,0.032322333333333335,0.024885772689095538,0.011322,0.059809,0,0,0,2,bulbChange
6583,1774285928.618361,1774285935.936463,7,3,0.42857142857142855,4,0.5714285714285714,77.14285714285714,13.643418088692332,66,97,70.0,7,0,73.78962346321448,3,3,180.42857142857142,94.5477959250543,63.142857142857146,13.643418088692332,2,2,20.666666666666668,17.897858344878397,2,0.6666666666666666,1,3689.6666666666665,503.0,5283.0,0,3,0,1,1,0.07359385714285714,0.06603170570119724,0.001146,0.195409,0,0,0,0,1,2,0,4,0,0,0,0,0,26.0,0.0,26.0,26.0,0.013324,0.017222292762579552,0.001146,0.025502,2,0.03276966666666666,0.035814878756367914,0.001146,0.071661,0,0,0,2,idle
1665,1774285935.936463,1774285936.44216,3,3,1.0,0,0.0,172.33333333333334,171.71585055938584,60,370,87.0,2,0,1022.3517868070754,2,2,208.33333333333334,80.82903768654761,156.33333333333334,173.70185184198047,2,2,116.33333333333333,173.7018518419805,2,0.6666666666666666,1,23670.666666666668,2722.0,65535.0,0,3,0,0,0,0.032814,0.021039969272791254,0.014863,0.055967,1,2,0,0,0,0,0,0,0,0,0,0,0,169.5,200.11121907579295,28.0,311.0,0.0699125,0.059821940795163106,0.027612,0.112213,2,0.032814,0.021039969272791254,0.014863,0.055967,0,0,0,2,bulbOn
1666,1774285956.619165,1774285957.196395,4,4,1.0,0,0.0,222.0,171.8274328117215,60,371,228.5,2,0,1538.3816432184342,2,2,220.0,70.0,206.5,173.7287157227229,2,2,166.5,173.7287157227229,3,0.75,1,18408.75,2689.0,65535.0,0,4,0,0,0,0.007773749999999999,0.010864150415471981,0.000196,0.023704,1,3,0,0,0,0,0,0,0,0,0,0,0,217.0,163.67956500430955,28.0,312.0,0.1225305,0.1360282528171997,0.026344,0.218717,2,0.007773749999999999,0.010864150415471981,0.000196,0.023704,0,0,0,3,bulbChange
6584,1774285957.196395,1774285966.443408,2,2,1.0,0,0.0,73.5,19.091883092036785,60,87,73.5,2,0,15.89702518389686,2,2,185.0,98.99494936611666,56.5,23.33452377915607,2,2,16.5,23.33452377915607,1,0.5,1,34095.5,2656.0,65535.0,0,2,0,0,0,0.0203885,0.0008280220407694461,0.019803,0.020974,1,1,0,0,0,0,0,0,0,0,0,0,0,28.0,,28.0,28.0,0.052519,0.041712229022194444,0.023024,0.082014,2,0.0203885,0.0008280220407694461,0.019803,0.020974,0,0,0,1,idle
1667,1774285966.443408,1774285966.776506,3,3,1.0,0,0.0,173.0,172.86700089953547,60,372,87.0,2,0,1558.1003239535214,2,2,208.33333333333334,80.82903768654761,157.0,174.85136545077364,2,2,117.0,174.85136545077364,2,0.6666666666666666,1,23496.0,2460.0,65535.0,0,3,0,0,0,0.047859000000000006,0.06165935735150019,0.003812,0.118326,0,0,1,2,0,0,0,0,0,0,0,0,0,170.5,201.52543263816605,28.0,313.0,0.0173895,0.012208198577185744,0.008757,0.026022,2,0.047859000000000006,0.06165935735150019,0.003812,0.118326,0,0,0,2,bulbOff
1668,1774285980.77735,1774285981.283267,2,2,1.0,0,0.0,229.0,200.8183258569795,87,371,229.0,1,0,905.2867062211059,2,2,185.0,98.99494936611666,215.0,200.8183258569795,2,2,175.0,200.8183258569795,2,1.0,1,33997.5,2460.0,65535.0,0,2,0,0,0,0.01286,0.01723643489820328,0.000672,0.025048,0,0,1,1,0,0,0,0,0,0,0,0,0,170.0,200.8183258569795,28.0,312.0,0.028214,,0.028214,0.028214,1,0.01286,0.01723643489820328,0.000672,0.025048,0,0,0,2,bulbOn
6585,1774285981.283267,1774285991.197181,10,4,0.4,6,0.6,74.0,12.534397117975445,60,97,70.0,10,0,74.64256827280113,4,4,202.8,85.18841861818228,59.4,13.39319893743753,3,2,15.5,17.897858344878397,2,0.5,2,3374.0,503.0,5283.0,0,4,0,1,1,0.0553844,0.05949950800207418,0.001024,0.164085,0,0,0,1,1,2,0,6,0,0,0,0,0,26.0,0.0,26.0,26.0,0.09953200000000001,0.14868429699534513,0.001024,0.270561,3,0.010914,0.008900797717058848,0.001024,0.019774,0,0,0,2,idle
1669,1774285991.197181,1774285991.707097,6,5,0.8333333333333334,1,0.16666666666666666,174.33333333333334,152.687480386136,60,371,87.0,4,0,2051.317986312521,3,3,208.33333333333334,72.29568912920512,159.33333333333334,153.60295136053432,2,2,140.0,162.13882940245992,4,0.8,1,27787.8,2590.0,65535.0,0,5,0,1,1,0.03590666666666666,0.039730611838564314,0.005241,0.088862,2,3,0,0,0,0,0,1,0,0,0,0,0,170.0,163.9674764498537,28.0,312.0,0.0630125,0.04327323642853629,0.025057,0.110512,4,0.0420398,0.04112221981727154,0.005769,0.088862,0,0,0,4,bulbChange
6586,1774285991.707097,1774286010.284182,1,0,0.0,1,1.0,70.0,,70,70,70.0,1,0,3.76808309439179,1,1,255.0,,56.0,,0,0,,,0,0.0,0,,,,0,0,0,1,1,0.004569,,0.004569,0.004569,0,0,0,0,0,0,0,1,0,0,0,0,0,,,,,,,,,0,,,,,0,0,0,0,idle
1670,1774286010.284182,1774286010.604602,2,2,1.0,0,0.0,229.5,201.52543263816605,87,372,229.5,1,0,1432.4947307876325,2,2,185.0,98.99494936611666,215.5,201.52543263816605,2,2,175.5,201.52543263816605,2,1.0,1,34062.5,2590.0,65535.0,0,2,0,0,0,0.046024499999999996,0.02763019747486434,0.026487,0.065562,1,1,0,0,0,0,0,0,0,0,0,0,0,170.5,201.52543263816605,28.0,313.0,0.026487,,0.026487,0.026487,1,0.046024499999999996,0.02763019747486434,0.026487,0.065562,0,0,0,2,bulbOff
6587,1774286010.604602,1774286019.605503,4,4,1.0,0,0.0,72.5,14.433756729740644,60,85,72.5,4,0,32.218996800610505,3,3,220.0,70.0,55.5,17.897858344878397,2,2,15.5,17.897858344878397,2,0.5,2,18228.75,2396.0,65535.0,0,4,0,0,0,0.0480265,0.07034693627301761,0.003849,0.152676,0,1,1,2,0,0,0,0,0,0,0,0,0,26.0,0.0,26.0,26.0,0.051993000000000004,0.05972160253208215,0.010225,0.120398,3,0.0480265,0.07034693627301761,0.003849,0.152676,0,0,0,2,idle
1671,1774286019.605503,1774286020.071654,6,6,1.0,0,0.0,172.66666666666666,154.10213063636294,60,371,87.0,4,0,2222.4558181117945,4,4,208.33333333333334,72.29568912920512,156.66666666666666,155.87772986115323,2,2,116.66666666666667,155.87772986115323,4,0.6666666666666666,2,23485.0,2363.0,65535.0,0,6,0,0,0,0.0480865,0.04548895783264329,0.002372,0.130954,1,2,1,2,0,0,0,0,0,0,0,0,0,170.0,163.9674764498537,28.0,312.0,0.08764075,0.09203431945883014,0.025981,0.221134,4,0.0480865,0.04548895783264329,0.002372,0.130954,0,0,0,4,bulbOn
1672,1774286019.707982,1774286020.308259,7,7,1.0,0,0.0,201.0,159.40200751558933,60,371,87.0,4,0,2343.9180981068766,4,4,215.0,68.31300510639733,185.28571428571428,161.18800026233785,2,2,145.28571428571428,161.18800026233785,5,0.7142857142857143,2,20467.571428571428,2363.0,65535.0,0,7,0,0,0,0.05684885714285714,0.0475586310723531,0.002372,0.130954,1,2,1,3,0,0,0,0,0,0,0,0,0,198.4,155.55320633146718,28.0,312.0,0.08764075,0.09203431945883014,0.025981,0.221134,4,0.05684885714285714,0.0475586310723531,0.002372,0.130954,0,0,0,5,bulbChange
6588,1774286020.308259,1774286052.072116,74,70,0.9459459459459459,4,0.05405405405405406,341.6216216216216,590.2281356635256,60,3134,72.0,50,12,795.8731236349266,9,9,142.83783783783784,89.86245608950992,327.05405405405406,590.505237397856,5,5,291.8,603.0538611270886,33,0.4714285714285714,5,4482.457142857143,0.0,65535.0,4,63,4,1,1,0.011315472972972971,0.024368619353824464,0.0,0.135063,1,2,1,1,25,40,0,4,0,0,0,0,2,703.6,2063.6167891911473,26.0,9088.0,0.02627815625,0.024762942654504575,0.001071,0.099849,32,0.009735271428571429,0.020336504461383416,0.0,0.135063,0,4,5,11,idle
1673,1774286052.072116,1774286052.326017,3,2,0.6666666666666666,1,0.3333333333333333,176.33333333333334,169.6653569039164,70,372,87.0,2,0,2083.4891946761218,3,3,208.33333333333334,80.82903768654761,162.33333333333334,169.6653569039164,2,2,175.5,201.52543263816605,2,1.0,1,33932.5,2330.0,65535.0,0,2,0,1,1,0.026315666666666668,0.01953718726770395,0.006433,0.045488,0,0,1,1,0,0,0,1,0,0,0,0,0,170.5,201.52543263816605,28.0,313.0,0.027026,,0.027026,0.027026,1,0.0167295,0.014561449944974573,0.006433,0.027026,0,0,0,2,bulbOff
6589,1774286052.326017,1774286055.309418,7,4,0.5714285714285714,3,0.42857142857142855,71.42857142857143,10.293317295817756,60,85,70.0,7,0,167.59396069347383,4,4,235.0,52.91502622129181,55.714285714285715,12.658518682614298,2,2,15.5,17.897858344878397,2,0.5,2,17875.75,1820.0,65535.0,0,4,0,1,1,0.03848014285714285,0.04030995949484681,0.005741,0.10576,0,0,0,1,0,0,0,3,1,2,0,0,0,26.0,0.0,26.0,26.0,0.14644933333333332,0.10549156365479342,0.025216,0.217329,3,0.038708,0.04489268123722024,0.010506,0.10576,0,0,0,2,idle
1674,1774286055.309418,1774286055.41553,1,1,1.0,0,0.0,371.0,,371,371,371.0,0,0,3496.3056805058127,1,1,255.0,,357.0,,1,1,317.0,,1,1.0,1,2493.0,2493.0,2493.0,0,1,0,0,0,0.00015,,0.00015,0.00015,0,1,0,0,0,0,0,0,0,0,0,0,0,312.0,,312.0,312.0,,,,,0,0.00015,,0.00015,0.00015,0,0,0,1,bulbChange
6590,1774286055.41553,1774286059.614006,2,2,1.0,0,0.0,73.5,19.091883092036785,60,87,73.5,2,0,35.012703975113695,2,2,185.0,98.99494936611666,56.5,23.33452377915607,2,2,16.5,23.33452377915607,1,0.5,1,33997.5,2460.0,65535.0,0,2,0,0,0,0.0800095,0.10503293417066858,0.00574,0.154279,1,1,0,0,0,0,0,0,0,0,0,0,0,28.0,,28.0,28.0,0.1250485,0.14070222864084278,0.025557,0.22454,2,0.0800095,0.10503293417066858,0.00574,0.154279,0,0,0,1,idle
1675,1774286059.614006,1774286059.84914,4,4,1.0,0,0.0,243.25,284.05677249451384,60,667,123.0,1,1,4138.067954205084,2,2,185.0,80.82903768654761,227.75,285.35986052701946,2,2,187.75,285.35986052701946,3,0.75,1,33606.5,1609.0,65535.0,0,4,0,0,0,0.0107635,0.009084930397825474,0.001775,0.022026,0,0,0,0,0,0,2,2,0,0,0,0,0,245.33333333333334,314.0785464391564,64.0,608.0,0.021089,0.01189353605955773,0.012679,0.029499,2,0.0107635,0.009084930397825474,0.001775,0.022026,0,0,0,3,movingAroundHouse
6591,1774286059.84914,1774286066.326844,1,1,1.0,0,0.0,60.0,,60,60,60.0,1,0,9.262541103135653,1,1,255.0,,40.0,,1,1,0.0,,0,0.0,1,2851.0,2851.0,2851.0,0,1,0,0,0,0.001883,,0.001883,0.001883,0,0,0,0,0,0,0,1,0,0,0,0,0,,,,,,,,,0,0.001883,,0.001883,0.001883,0,0,0,0,idle
1676,1774286066.326844,1774286066.823652,3,3,1.0,0,0.0,172.66666666666666,172.2914197902302,60,371,87.0,2,0,1042.656208668544,2,2,208.33333333333334,80.82903768654761,156.66666666666666,174.27660007394374,2,2,116.66666666666667,174.27660007394374,2,0.6666666666666666,1,23365.333333333332,2264.0,65535.0,0,3,0,0,0,0.001726666666666667,0.0013414951857287202,0.00018,0.002574,0,0,1,2,0,0,0,0,0,0,0,0,0,170.0,200.8183258569795,28.0,312.0,0.128635,0.14343378213656643,0.027212,0.230058,2,0.001726666666666667,0.0013414951857287202,0.00018,0.002574,0,0,0,2,bulbOn
6592,1774286066.823652,1774286078.417032,4,4,1.0,0,0.0,139.5,120.71039723238425,60,315,91.5,2,0,48.130916198194555,2,2,185.0,80.82903768654761,122.5,123.36531116971253,2,2,82.5,123.36531116971253,2,0.5,1,34175.75,2782.0,65535.0,0,4,0,0,0,0.01411575,0.015370006384188657,0.001676,0.034923,0,0,0,0,0,0,2,2,0,0,0,0,0,160.0,135.7645019878171,64.0,256.0,0.128865,0.14405179346332347,0.027005,0.230725,2,0.01411575,0.015370006384188657,0.001676,0.034923,0,0,0,2,idle
1677,1774286078.417032,1774286078.522393,1,1,1.0,0,0.0,371.0,,371,371,371.0,0,0,3521.2275274033977,1,1,255.0,,357.0,,1,1,317.0,,1,1.0,1,2264.0,2264.0,2264.0,0,1,0,0,0,0.010973,,0.010973,0.010973,0,0,0,1,0,0,0,0,0,0,0,0,0,312.0,,312.0,312.0,,,,,0,0.010973,,0.010973,0.010973,0,0,0,1,bulbChange
6593,1774286078.522393,1774286103.523336,5,5,1.0,0,0.0,81.4,17.415510328439993,60,97,87.0,5,0,16.279385977062805,4,4,122.6,78.28345930016123,66.2,19.357169214531343,3,3,19.0,17.363755354185336,3,0.6,2,15767.0,503.0,65535.0,0,5,0,0,0,0.033476399999999996,0.03506778392342465,0.001126,0.093493,0,0,1,1,1,2,0,0,0,0,0,0,0,26.666666666666668,1.1547005383792515,26.0,28.0,0.0691245,0.10244032003236486,0.001126,0.221705,4,0.033476399999999996,0.03506778392342465,0.001126,0.093493,0,0,0,3,idle
1678,1774286103.523336,1774286103.93735,3,3,1.0,0,0.0,172.66666666666666,172.2914197902302,60,371,87.0,2,0,1251.16511421531,2,2,208.33333333333334,80.82903768654761,156.66666666666666,174.27660007394374,2,2,116.66666666666667,174.27660007394374,2,0.6666666666666666,1,23474.0,2427.0,65535.0,0,3,0,0,0,0.04701866666666666,0.06607418879058095,0.005857,0.123233,1,2,0,0,0,0,0,0,0,0,0,0,0,170.0,200.8183258569795,28.0,312.0,0.1306925,0.14202734674878637,0.030264,0.231121,2,0.04701866666666666,0.06607418879058095,0.005857,0.123233,0,0,0,2,bulbChange
1679,1774286106.82463,1774286107.066494,2,2,1.0,0,0.0,229.5,201.52543263816605,87,372,229.5,1,0,1897.7609919059669,2,2,185.0,98.99494936611666,215.5,201.52543263816605,2,2,175.5,201.52543263816605,2,1.0,1,33981.0,2427.0,65535.0,0,2,0,0,0,0.0111065,0.015479274546954712,0.000161,0.022052,1,1,0,0,0,0,0,0,0,0,0,0,0,170.5,201.52543263816605,28.0,313.0,0.026,,0.026,0.026,1,0.0111065,0.015479274546954712,0.000161,0.022052,0,0,0,2,bulbOff
6594,1774286107.066494,1774286119.067754,9,1,0.1111111111111111,8,0.8888888888888888,68.88888888888889,3.333333333333333,60,70,70.0,9,0,51.66124205461624,2,2,255.0,0.0,54.22222222222222,5.333333333333334,1,1,0.0,,0,0.0,1,2394.0,2394.0,2394.0,0,1,0,1,1,0.07144822222222222,0.06275934133612657,0.000577,0.184595,0,1,0,0,0,0,0,8,0,0,0,0,0,,,,,0.22478,,0.22478,0.22478,1,0.040208,,0.040208,0.040208,0,0,0,0,idle
1680,1774286119.067754,1774286119.459161,3,3,1.0,0,0.0,172.66666666666666,172.2914197902302,60,371,87.0,2,0,1323.430554066566,2,2,208.33333333333334,80.82903768654761,156.66666666666666,174.27660007394374,2,2,116.66666666666667,174.27660007394374,2,0.6666666666666666,1,23430.0,2361.0,65535.0,0,3,0,0,0,0.08266366666666666,0.05200933702070556,0.026375,0.128937,1,2,0,0,0,0,0,0,0,0,0,0,0,170.0,200.8183258569795,28.0,312.0,0.130343,0.14703295565280594,0.026375,0.234311,2,0.08266366666666666,0.05200933702070556,0.026375,0.128937,0,0,0,2,bulbOn
6595,1774286119.459161,1774286132.93824,4,4,1.0,0,0.0,91.5,36.373066958946424,60,123,91.5,2,0,27.15319049469133,2,2,185.0,80.82903768654761,74.5,39.83716857408418,2,2,34.5,39.83716857408418,2,0.5,1,34141.25,2713.0,65535.0,0,4,0,0,0,0.0123045,0.012577741145902682,0.00013,0.028196,0,0,0,0,0,0,2,2,0,0,0,0,0,64.0,0.0,64.0,64.0,0.0228295,0.007589377082475214,0.017463,0.028196,2,0.0123045,0.012577741145902682,0.00013,0.028196,0,0,0,2,idle
1681,1774286132.93824,1774286133.14107,1,1,1.0,0,0.0,371.0,,371,371,371.0,0,0,1829.119443301635,1,1,255.0,,357.0,,1,1,317.0,,1,1.0,1,2361.0,2361.0,2361.0,0,1,0,0,0,0.052482,,0.052482,0.052482,0,1,0,0,0,0,0,0,0,0,0,0,0,312.0,,312.0,312.0,,,,,0,0.052482,,0.052482,0.052482,0,0,0,1,bulbChange
6596,1774286133.14107,1774286157.45964,5,5,1.0,0,0.0,81.4,17.415510328439993,60,97,87.0,5,0,16.736181350578704,4,4,122.6,78.28345930016123,66.2,19.357169214531343,3,3,19.0,17.363755354185336,3,0.6,2,15786.4,503.0,65535.0,0,5,0,0,0,0.0322282,0.02802788579611384,0.001109,0.078038,1,1,0,0,1,2,0,0,0,0,0,0,0,26.666666666666668,1.1547005383792515,26.0,28.0,0.033854,0.032140043901650164,0.001109,0.078038,4,0.0322282,0.02802788579611384,0.001109,0.078038,0,0,0,3,idle
1682,1774286157.45964,1774286157.746805,2,2,1.0,0,0.0,229.5,201.52543263816605,87,372,229.5,1,0,1598.3846131493278,2,2,185.0,98.99494936611666,215.5,201.52543263816605,2,2,175.5,201.52543263816605,2,1.0,1,33931.5,2328.0,65535.0,0,2,0,0,0,0.079518,0.07676775480629872,0.025235,0.133801,1,1,0,0,0,0,0,0,0,0,0,0,0,170.5,201.52543263816605,28.0,313.0,0.025235,,0.025235,0.025235,1,0.079518,0.07676775480629872,0.025235,0.133801,0,0,0,2,bulbOff
6597,1774286157.746805,1774286171.747339,1,1,1.0,0,0.0,60.0,,60,60,60.0,1,0,4.285550804924913,1,1,255.0,,40.0,,1,1,0.0,,0,0.0,1,2295.0,2295.0,2295.0,0,1,0,0,0,0.072763,,0.072763,0.072763,0,1,0,0,0,0,0,0,0,0,0,0,0,,,,,0.182083,,0.182083,0.182083,1,0.072763,,0.072763,0.072763,0,0,0,0,idle
1683,1774286171.747339,1774286172.244692,3,3,1.0,0,0.0,172.66666666666666,172.2914197902302,60,371,87.0,2,0,1041.5136128088973,2,2,208.33333333333334,80.82903768654761,156.66666666666666,174.27660007394374,2,2,116.66666666666667,174.27660007394374,2,0.6666666666666666,1,23364.0,2262.0,65535.0,0,3,0,0,0,0.032585333333333334,0.03079651266512709,0.004015,0.065207,1,2,0,0,0,0,0,0,0,0,0,0,0,170.0,200.8183258569795,28.0,312.0,0.0795455,0.07214115513699514,0.028534,0.130557,2,0.032585333333333334,0.03079651266512709,0.004015,0.065207,0,0,0,2,bulbOn
1684,1774286172.244982,1774286172.545187,2,2,1.0,0,0.0,228.5,200.11121907579295,87,370,228.5,1,0,1522.2931387895494,2,2,185.0,98.99494936611666,214.5,200.11121907579295,2,2,174.5,200.11121907579295,2,1.0,1,33898.5,2262.0,65535.0,0,2,0,0,0,0.004193,0.002790243358562116,0.00222,0.006166,1,1,0,0,0,0,0,0,0,0,0,0,0,169.5,200.11121907579295,28.0,311.0,0.023429,,0.023429,0.023429,1,0.004193,0.002790243358562116,0.00222,0.006166,0,0,0,2,bulbChange
6598,1774286172.545187,1774286198.245277,9,1,0.1111111111111111,8,0.8888888888888888,68.88888888888889,3.333333333333333,60,70,70.0,9,0,24.124429200551905,2,2,255.0,0.0,54.22222222222222,5.333333333333334,1,1,0.0,,0,0.0,1,2229.0,2229.0,2229.0,0,1,0,1,1,0.06262966666666665,0.056944651370870646,0.000575,0.138903,0,1,0,0,0,0,0,8,0,0,0,0,0,,,,,0.245859,,0.245859,0.245859,1,0.022018,,0.022018,0.022018,0,0,0,0,idle
1685,1774286198.245277,1774286198.481864,2,2,1.0,0,0.0,229.0,200.8183258569795,87,371,229.0,1,0,1935.8625279396322,2,2,185.0,98.99494936611666,215.0,200.8183258569795,2,2,175.0,200.8183258569795,2,1.0,1,33882.0,2229.0,65535.0,0,2,0,0,0,0.0606955,0.047371204592030376,0.027199,0.094192,1,1,0,0,0,0,0,0,0,0,0,0,0,170.0,200.8183258569795,28.0,312.0,0.027199,,0.027199,0.027199,1,0.0606955,0.047371204592030376,0.027199,0.094192,0,0,0,2,bulbOff
6599,1774286198.481864,1774286208.482919,1,1,1.0,0,0.0,60.0,,60,60,60.0,1,0,5.99936706544722,1,1,255.0,,40.0,,1,1,0.0,,0,0.0,1,2196.0,2196.0,2196.0,0,1,0,0,0,0.144689,,0.144689,0.144689,0,1,0,0,0,0,0,0,0,0,0,0,0,,,,,0.232944,,0.232944,0.232944,1,0.144689,,0.144689,0.144689,0,0,0,0,idle
1686,1774286208.482919,1774286208.73017,2,2,1.0,0,0.0,228.5,200.11121907579295,87,370,228.5,1,0,1848.323920057548,2,2,185.0,98.99494936611666,214.5,200.11121907579295,2,2,174.5,200.11121907579295,2,1.0,1,33865.5,2196.0,65535.0,0,2,0,0,0,0.018626,0.0023928493475352756,0.016934,0.020318,1,1,0,0,0,0,0,0,0,0,0,0,0,169.5,200.11121907579295,28.0,311.0,0.027151,,0.027151,0.027151,1,0.018626,0.0023928493475352756,0.016934,0.020318,0,0,0,2,bulbOn
6600,1774286208.73017,1774286212.545738,4,4,1.0,0,0.0,80.0,19.782146833277054,60,97,81.5,4,0,83.86693737154495,3,3,124.5,90.26073343375845,64.5,21.91650823770368,3,2,15.5,17.897858344878397,2,0.5,2,3308.0,503.0,5283.0,0,4,0,0,0,0.023967750000000003,0.022073240411185666,0.001032,0.052715,0,1,0,0,1,2,0,0,0,0,0,0,0,26.0,0.0,26.0,26.0,0.08737,0.12702078887725426,0.001032,0.233221,3,0.023967750000000003,0.022073240411185666,0.001032,0.052715,0,0,0,2,idle
1687,1774286212.545738,1774286213.033423,3,3,1.0,0,0.0,172.66666666666666,172.2914197902302,60,371,87.0,2,0,1062.1611020098273,2,2,208.33333333333334,80.82903768654761,156.66666666666666,174.27660007394374,2,2,116.66666666666667,174.27660007394374,2,0.6666666666666666,1,23321.333333333332,2198.0,65535.0,0,3,0,0,0,0.017118666666666667,0.007225925638513956,0.012666,0.025456,0,0,1,2,0,0,0,0,0,0,0,0,0,170.0,200.8183258569795,28.0,312.0,0.019345,0.008642259079661985,0.013234,0.025456,2,0.017118666666666667,0.007225925638513956,0.012666,0.025456,0,0,0,2,bulbChange
6601,1774286213.033423,1774286232.730978,6,6,1.0,0,0.0,76.66666666666667,12.909944487358057,60,85,85.0,6,0,23.35315212869946,4,4,208.33333333333334,72.29568912920512,60.666666666666664,16.00833116432399,2,2,20.666666666666668,16.00833116432399,4,0.6666666666666666,2,23288.333333333332,2132.0,65535.0,0,6,0,0,0,0.032862666666666665,0.028287818704641525,0.005686,0.082388,1,2,1,2,0,0,0,0,0,0,0,0,0,26.0,0.0,26.0,26.0,0.07993525,0.08728927729633615,0.023787,0.209728,4,0.032862666666666665,0.028287818704641525,0.005686,0.082388,0,0,0,4,idle
1688,1774286232.730978,1774286233.029454,2,2,1.0,0,0.0,229.5,201.52543263816605,87,372,229.5,1,0,1537.812184529263,2,2,185.0,98.99494936611666,215.5,201.52543263816605,2,2,175.5,201.52543263816605,2,1.0,1,33851.0,2167.0,65535.0,0,2,0,0,0,0.0311475,0.006363253923897739,0.026648,0.035647,0,0,1,1,0,0,0,0,0,0,0,0,0,170.5,201.52543263816605,28.0,313.0,0.026648,,0.026648,0.026648,1,0.0311475,0.006363253923897739,0.026648,0.035647,0,0,0,2,bulbOff
6602,1774286233.029454,1774286241.034621,9,1,0.1111111111111111,8,0.8888888888888888,68.88888888888889,3.333333333333333,60,70,70.0,9,0,77.4499769240648,2,2,255.0,0.0,54.22222222222222,5.333333333333334,1,1,0.0,,0,0.0,1,2134.0,2134.0,2134.0,0,1,0,1,1,0.05995911111111111,0.05527728801561371,0.000672,0.140298,0,0,0,1,0,0,0,8,0,0,0,0,0,,,,,0.158371,,0.158371,0.158371,1,0.017062,,0.017062,0.017062,0,0,0,0,idle
1689,1774286241.034621,1774286241.134315,1,1,1.0,0,0.0,370.0,,370,370,370.0,0,0,3711.356245530878,1,1,255.0,,356.0,,1,1,316.0,,1,1.0,1,2132.0,2132.0,2132.0,0,1,0,0,0,0.002079,,0.002079,0.002079,0,1,0,0,0,0,0,0,0,0,0,0,0,311.0,,311.0,311.0,,,,,0,0.002079,,0.002079,0.002079,0,0,0,1,bulbChange
6603,1774286241.134315,1774286248.030293,2,2,1.0,0,0.0,73.5,19.091883092036785,60,87,73.5,2,0,21.316773422936965,2,2,185.0,98.99494936611666,56.5,23.33452377915607,2,2,16.5,23.33452377915607,1,0.5,1,33817.0,2099.0,65535.0,0,2,0,0,0,0.024451,0.004717816444076646,0.021115,0.027787,1,1,0,0,0,0,0,0,0,0,0,0,0,28.0,,28.0,28.0,0.12429449999999999,0.13160035015340954,0.031239,0.21735,2,0.024451,0.004717816444076646,0.021115,0.027787,0,0,0,1,idle
1690,1774286248.030293,1774286248.547359,3,3,1.0,0,0.0,172.66666666666666,172.2914197902302,60,371,87.0,2,0,1001.8063421390932,2,2,208.33333333333334,80.82903768654761,156.66666666666666,174.27660007394374,2,2,116.66666666666667,174.27660007394374,2,0.6666666666666666,1,23256.666666666668,2101.0,65535.0,0,3,0,0,0,0.035879666666666664,0.01297511981961374,0.027364,0.050813,0,0,1,2,0,0,0,0,0,0,0,0,0,170.0,200.8183258569795,28.0,312.0,0.0390885,0.01658094691204335,0.027364,0.050813,2,0.035879666666666664,0.01297511981961374,0.027364,0.050813,0,0,0,2,bulbOn
6604,1774286248.547359,1774286261.135319,3,3,1.0,0,0.0,76.66666666666667,14.433756729740644,60,85,85.0,3,0,18.271427611160032,2,2,208.33333333333334,80.82903768654761,60.666666666666664,17.8978583448784,2,2,20.666666666666668,17.897858344878397,2,0.6666666666666666,1,23048.0,1789.0,65535.0,0,3,0,0,0,0.012541999999999998,0.01390249430857643,0.000788,0.027888,0,0,0,0,0,0,0,0,1,2,0,0,0,26.0,0.0,26.0,26.0,0.096478,0.09700090824317059,0.027888,0.165068,2,0.012541999999999998,0.01390249430857643,0.000788,0.027888,0,0,0,2,idle
1691,1774286261.135319,1774286261.52373,1,1,1.0,0,0.0,370.0,,370,370,370.0,0,0,952.5990691873005,1,1,255.0,,356.0,,1,1,316.0,,1,1.0,1,2099.0,2099.0,2099.0,0,1,0,0,0,0.000392,,0.000392,0.000392,0,1,0,0,0,0,0,0,0,0,0,0,0,311.0,,311.0,311.0,,,,,0,0.000392,,0.000392,0.000392,0,0,0,1,bulbChange
6605,1774286261.52373,1774286281.548231,5,5,1.0,0,0.0,81.4,17.415510328439993,60,97,87.0,5,0,20.32510089078021,4,4,122.6,78.28345930016123,66.2,19.357169214531343,3,3,19.0,17.363755354185336,3,0.6,2,15734.0,503.0,65535.0,0,5,0,0,0,0.0464958,0.04180481517361367,0.001723,0.093025,1,1,0,0,1,2,0,0,0,0,0,0,0,26.666666666666668,1.1547005383792515,26.0,28.0,0.10355649999999998,0.07093757332800908,0.001723,0.152587,4,0.0464958,0.04180481517361367,0.001723,0.093025,0,0,0,3,idle
1692,1774286281.548231,1774286281.833638,2,2,1.0,0,0.0,229.0,200.8183258569795,87,371,229.0,1,0,1604.7255096551287,2,2,185.0,98.99494936611666,215.0,200.8183258569795,2,2,175.0,200.8183258569795,2,1.0,1,33800.5,2066.0,65535.0,0,2,0,0,0,0.0134385,0.01743796033084145,0.001108,0.025769,1,1,0,0,0,0,0,0,0,0,0,0,0,170.0,200.8183258569795,28.0,312.0,0.025769,,0.025769,0.025769,1,0.0134385,0.01743796033084145,0.001108,0.025769,0,0,0,2,bulbOff
6606,1774286281.833638,1774286286.525545,1,1,1.0,0,0.0,60.0,,60,60,60.0,1,0,12.787977448773034,1,1,255.0,,40.0,,1,1,0.0,,0,0.0,1,2033.0,2033.0,2033.0,0,1,0,0,0,0.072586,,0.072586,0.072586,0,1,0,0,0,0,0,0,0,0,0,0,0,,,,,0.225404,,0.225404,0.225404,1,0.072586,,0.072586,0.072586,0,0,0,0,idle
1693,1774286286.525545,1774286286.864253,3,3,1.0,0,0.0,172.66666666666666,172.2914197902302,60,371,87.0,2,0,1529.3401743574223,2,2,208.33333333333334,80.82903768654761,156.66666666666666,174.27660007394374,2,2,116.66666666666667,174.27660007394374,2,0.6666666666666666,1,23234.666666666668,2068.0,65535.0,0,3,0,0,0,0.022390666666666666,0.017283993876802125,0.002555,0.034218,0,0,1,2,0,0,0,0,0,0,0,0,0,170.0,200.8183258569795,28.0,312.0,0.042196,0.0166834773953154,0.030399,0.053993,2,0.022390666666666666,0.017283993876802125,0.002555,0.034218,0,0,0,2,bulbChange
1694,1774286290.834457,1774286291.16374,2,2,1.0,0,0.0,228.5,200.11121907579295,87,370,228.5,1,0,1387.863938721886,2,2,185.0,98.99494936611666,214.5,200.11121907579295,2,2,174.5,200.11121907579295,2,1.0,1,33784.0,2033.0,65535.0,0,2,0,0,0,0.014728000000000002,0.0010238906191581206,0.014004,0.015452,1,1,0,0,0,0,0,0,0,0,0,0,0,169.5,200.11121907579295,28.0,311.0,0.029171,,0.029171,0.029171,1,0.014728000000000002,0.0010238906191581206,0.014004,0.015452,0,0,0,2,bulbOn
6607,1774286291.16374,1774286315.865792,9,1,0.1111111111111111,8,0.8888888888888888,68.88888888888889,3.333333333333333,60,70,70.0,9,0,25.09912929818992,2,2,255.0,0.0,54.22222222222222,5.333333333333334,1,1,0.0,,0,0.0,1,2000.0,2000.0,2000.0,0,1,0,1,1,0.05072544444444445,0.048130765262748294,0.000564,0.145785,0,1,0,0,0,0,0,8,0,0,0,0,0,,,,,0.235017,,0.235017,0.235017,1,0.023662,,0.023662,0.023662,0,0,0,0,idle
1695,1774286315.865792,1774286316.044879,1,1,1.0,0,0.0,371.0,,371,371,371.0,0,0,2071.6197059156357,1,1,255.0,,357.0,,1,1,317.0,,1,1.0,1,2068.0,2068.0,2068.0,0,1,0,0,0,0.014748,,0.014748,0.014748,0,0,0,1,0,0,0,0,0,0,0,0,0,312.0,,312.0,312.0,,,,,0,0.014748,,0.014748,0.014748,0,0,0,1,bulbChange
6608,1774286316.044879,1774286316.165251,1,1,1.0,0,0.0,87.0,,87,87,87.0,1,0,722.759103702486,1,1,115.0,,73.0,,1,1,33.0,,1,1.0,1,65535.0,65535.0,65535.0,0,1,0,0,0,0.02365,,0.02365,0.02365,0,0,1,0,0,0,0,0,0,0,0,0,0,28.0,,28.0,28.0,0.027091,,0.027091,0.027091,1,0.02365,,0.02365,0.02365,0,0,0,1,idle
1696,1774286316.165251,1774286316.356615,3,3,1.0,0,0.0,173.0,172.86700089953547,60,372,87.0,2,0,2712.108153229534,2,2,208.33333333333334,80.82903768654761,157.0,174.85136545077364,2,2,117.0,174.85136545077364,2,0.6666666666666666,1,23201.666666666668,2035.0,65535.0,0,3,0,0,0,0.009348333333333333,0.011760418416592724,1e-06,0.022553,0,0,1,2,0,0,0,0,0,0,0,0,0,170.5,201.52543263816605,28.0,313.0,0.0618095,0.05551707471129941,0.022553,0.101066,2,0.009348333333333333,0.011760418416592724,1e-06,0.022553,0,0,0,2,bulbOff
6609,1774286316.356615,1774286331.35768,7,7,1.0,0,0.0,89.42857142857143,27.837966537669033,60,123,97.0,5,0,41.730370433096496,4,4,160.42857142857142,90.88061242248378,73.71428571428571,30.02062782884621,4,3,28.571428571428573,30.902303813023085,4,0.5714285714285714,3,11994.714285714286,503.0,65535.0,0,7,0,0,0,0.05654585714285714,0.042938057278008326,0.001106,0.123149,0,0,0,1,1,2,1,2,0,0,0,0,0,45.0,21.939310229205777,26.0,64.0,0.0524034,0.05948265253668501,0.001106,0.152895,5,0.05654585714285714,0.042938057278008326,0.001106,0.123149,0,0,0,4,idle
1697,1774286331.35768,1774286331.594295,2,2,1.0,0,0.0,229.0,200.8183258569795,87,371,229.0,1,0,1935.6343055212683,2,2,185.0,98.99494936611666,215.0,200.8183258569795,2,2,175.0,200.8183258569795,2,1.0,1,33768.5,2002.0,65535.0,0,2,0,0,0,0.013985500000000001,0.01680297844133593,0.002104,0.025867,0,0,1,1,0,0,0,0,0,0,0,0,0,170.0,200.8183258569795,28.0,312.0,0.025867,,0.025867,0.025867,1,0.013985500000000001,0.01680297844133593,0.002104,0.025867,0,0,0,2,bulbOn
6610,1774286331.594295,1774286348.045801,1,1,1.0,0,0.0,60.0,,60,60,60.0,1,0,3.6470825447098623,1,1,255.0,,40.0,,1,1,0.0,,0,0.0,1,1969.0,1969.0,1969.0,0,1,0,0,0,0.029106,,0.029106,0.029106,0,0,0,1,0,0,0,0,0,0,0,0,0,,,,,0.251827,,0.251827,0.251827,1,0.029106,,0.029106,0.029106,0,0,0,0,idle
1698,1774286348.045801,1774286348.283523,2,2,1.0,0,0.0,228.5,200.11121907579295,87,370,228.5,1,0,1922.4122943116845,2,2,185.0,98.99494936611666,214.5,200.11121907579295,2,2,174.5,200.11121907579295,2,1.0,1,33767.5,2000.0,65535.0,0,2,0,0,0,0.042121,0.03282106835555479,0.018913,0.065329,1,1,0,0,0,0,0,0,0,0,0,0,0,169.5,200.11121907579295,28.0,311.0,0.026524,,0.026524,0.026524,1,0.042121,0.03282106835555479,0.018913,0.065329,0,0,0,2,bulbChange
6611,1774286348.283523,1774286360.063169,3,3,1.0,0,0.0,172.66666666666666,172.2914197902302,60,371,87.0,2,0,43.97415707795769,2,2,208.33333333333334,80.82903768654761,156.66666666666666,174.27660007394374,2,2,116.66666666666667,174.27660007394374,2,0.6666666666666666,1,23145.333333333332,1934.0,65535.0,0,3,0,0,0,0.012431,0.01043007061337554,0.002107,0.022964,1,2,0,0,0,0,0,0,0,0,0,0,0,170.0,200.8183258569795,28.0,312.0,0.11679633333333334,0.11803762213944048,0.022964,0.249325,3,0.012431,0.01043007061337554,0.002107,0.022964,0,0,0,2,idle
1699,1774286360.063169,1774286360.290342,4,4,1.0,0,0.0,243.25,284.05677249451384,60,667,123.0,1,1,4283.07771876079,2,2,185.0,80.82903768654761,227.75,285.35986052701946,2,2,187.75,285.35986052701946,3,0.75,1,34055.0,2506.0,65535.0,0,4,0,0,0,0.013780249999999999,0.015146475417843364,0.002065,0.033898,0,0,0,0,0,0,2,2,0,0,0,0,0,245.33333333333334,314.0785464391564,64.0,608.0,0.017981499999999997,0.022509330165511366,0.002065,0.033898,2,0.013780249999999999,0.015146475417843364,0.002065,0.033898,0,0,0,3,movingAroundHouse
6612,1774286360.290342,1774356231.664068,16,0,0.0,16,1.0,70.0,0.0,70,70,70.0,16,0,0.016029454414247184,1,1,255.0,0.0,56.0,0.0,0,0,,,0,0.0,0,,,,0,0,0,1,1,0.05203175,0.05257391519945989,0.0,0.167582,0,0,0,0,0,0,0,16,0,0,0,0,0,,,,,,,,,0,,,,,0,0,0,0,idle
1700,1774356231.664068,1774356231.893453,4,4,1.0,0,0.0,243.25,284.05677249451384,60,667,123.0,1,1,4241.778790367006,2,2,185.0,80.82903768654761,227.75,285.35986052701946,2,2,187.75,285.35986052701946,3,0.75,1,34055.0,2506.0,65535.0,0,4,0,0,0,0.01055025,0.009923270273285248,0.002097,0.021936,0,0,0,0,0,0,2,2,0,0,0,0,0,245.33333333333334,314.0785464391564,64.0,608.0,0.014384500000000001,0.017377149147659407,0.002097,0.026672,2,0.01055025,0.009923270273285248,0.002097,0.021936,0,0,0,3,movingAroundHouse
6613,1774356231.893453,1774356257.273394,315,315,1.0,0,0.0,250.6,401.235732924918,60,4410,199.0,115,26,3110.290890748059,8,8,135.44444444444446,88.88663390628747,236.54285714285714,401.26338766256123,4,4,185.03809523809525,401.18592328363957,205,0.6507936507936508,4,3889.9968253968254,2239.0,65535.0,0,315,0,0,0,0.010545850793650793,0.013730131369376687,0.0,0.149597,1,2,4,3,0,0,1,2,0,0,114,188,0,217.65463917525773,475.1817643001931,26.0,6064.0,0.03265448780487805,0.026595329977200162,0.001156,0.236361,123,0.010545850793650793,0.013730131369376687,0.0,0.149597,0,0,0,194,idle
1702,1774356256.640136,1774356257.686256,57,57,1.0,0,0.0,317.2105263157895,391.7666824254542,60,1143,87.0,30,13,17283.869191122092,6,6,162.28070175438597,89.50035003641943,302.89473684210526,391.97998692583275,3,3,253.0,391.2760717009338,31,0.543859649122807,3,8224.368421052632,2239.0,65535.0,0,57,0,0,0,0.008217526315789474,0.01621630508613527,0.0,0.072283,0,0,3,3,0,0,0,0,2,2,24,23,0,460.19354838709677,428.6951845896132,28.0,1072.0,0.017297299999999998,0.024330659759964842,0.001156,0.114317,30,0.008217526315789474,0.01621630508613527,0.0,0.072283,0,0,0,31,alexaBulbOff
1701,1774356257.273394,1774356257.418265,5,5,1.0,0,0.0,292.6,330.8508727508513,66,839,119.0,2,1,10098.639724965564,3,3,175.4,101.74625300226047,278.6,330.8508727508513,3,2,229.0,331.62252637599875,3,0.6,2,2741.2,2608.0,2864.0,0,5,0,0,0,0.022487399999999998,0.029683639775135395,0.0,0.072283,0,0,0,0,0,0,0,0,0,1,2,2,0,376.6666666666667,364.06775926101085,48.0,768.0,0.032429,0.0,0.032429,0.032429,2,0.022487399999999998,0.029683639775135395,0.0,0.072283,0,0,0,3,plugOff
6614,1774356257.686256,1774356269.215021,234,234,1.0,0,0.0,244.85042735042734,444.24172635805473,60,4410,199.0,86,14,4969.743088972228,7,7,134.34188034188034,88.79026378140729,230.82478632478632,444.25261448574724,5,5,178.97863247863248,444.1954915739268,153,0.6538461538461539,4,2971.034188034188,473.0,65535.0,0,234,0,0,0,0.009353188034188036,0.00822079178118238,0.0,0.039564,0,0,0,0,1,2,0,0,1,2,88,140,0,135.8581560283688,94.74044102254808,26.0,1040.0,0.03426948314606742,0.010565519187768251,0.00134,0.086789,89,0.009353188034188036,0.00822079178118238,0.0,0.039564,0,0,0,141,idle
1705,1774356269.0,1774356285.199991,3374,3372,0.999407231772377,2,0.0005927682276229994,1044.647895672792,1016.7205962004668,60,14346,1494.0,1130,2134,217570.61486387314,11,11,62.53764078245406,21.687063063148024,1030.6372258446947,1016.7309638932768,6,6,979.2212336892052,1016.7537611952451,2250,0.6672597864768683,6,2756.1106168446026,0.0,65535.0,4,3367,2,2,2,0.0030906496739774745,0.005786535608874826,0.0,0.113246,0,0,4,4,1085,2212,0,0,1,2,35,31,2,4693.168639053254,5126.677852433274,26.0,16408.0,0.017259660142348757,0.00925399236796588,0.000985,0.223298,1124,0.003091368920521945,0.0057881019672760044,0.0,0.113246,0,2,6,668,outsideDetection
1703,1774356269.215021,1774356270.245424,59,59,1.0,0,0.0,313.52542372881356,393.2421977186931,60,1143,119.0,29,13,17952.196894644483,4,4,164.15254237288136,89.89741539749092,299.3220338983051,393.37708682277264,3,3,248.94915254237287,392.97711715994154,33,0.559322033898305,2,6943.372881355932,1806.0,65535.0,0,59,0,0,0,0.005819559322033898,0.012315731748138633,0.0,0.073142,0,0,4,4,0,0,0,0,0,0,27,24,0,440.09090909090907,435.74895034557767,28.0,1072.0,0.02923493103448276,0.0287204868864557,0.000985,0.127696,29,0.005819559322033898,0.012315731748138633,0.0,0.073142,0,0,0,33,alexaBulbOn
1704,1774356270.418918,1774356270.547951,1,1,1.0,0,0.0,372.0,,372,372,372.0,0,0,2882.9814413788517,1,1,255.0,,358.0,,1,1,318.0,,1,1.0,1,2699.0,2699.0,2699.0,0,1,0,0,0,0.003011,,0.003011,0.003011,0,0,0,0,0,0,0,0,0,1,0,0,0,313.0,,313.0,313.0,,,,,0,0.003011,,0.003011,0.003011,0,0,0,1,plugOn
6615,1774356285.199991,1774356286.584022,300,300,1.0,0,0.0,1055.1633333333334,1448.5424816204343,66,16479,1418.0,111,183,228715.24328674687,2,2,59.56,5.80333199182658,1041.1633333333334,1448.5424816204343,2,2,989.1633333333333,1448.5424816204343,189,0.63,1,2581.17,1459.0,3228.0,0,300,0,0,0,0.004007913333333333,0.006496872713030474,0.0,0.037028,0,0,0,0,111,189,0,0,0,0,0,0,0,4994.745762711865,5814.463303110142,407.0,16408.0,0.016015621621621623,0.002992036907447543,0.010999,0.022936,111,0.004007913333333333,0.006496872713030474,0.0,0.037028,0,0,0,59,idle
1706,1774356286.584022,1774356286.811613,41,41,1.0,0,0.0,930.3658536585366,813.7317050507975,60,2922,1311.0,15,24,167603.26055483738,4,4,71.70731707317073,44.086417354123384,916.219512195122,813.8926683597513,3,3,865.390243902439,812.8849512092341,26,0.6341463414634146,2,5628.024390243902,1469.0,65535.0,0,41,0,0,0,0.0046493414634146335,0.005805198160311826,0.0,0.02242,0,0,0,0,14,23,2,2,0,0,0,0,0,2951.75,4473.91232337791,64.0,14508.0,0.0156616875,0.006812353775494928,0.001906,0.03506,16,0.0046493414634146335,0.005805198160311826,0.0,0.02242,0,0,0,12,movingAroundHouse
6616,1774356286.811613,1774356291.548915,999,986,0.986986986986987,13,0.013013013013013013,997.2812812812813,833.054213485035,60,5778,1459.0,359,611,210306.21152988644,7,7,60.886886886886884,15.149628401370691,983.2692692692692,833.0677850183846,3,3,943.0324543610548,832.168894513852,634,0.6430020283975659,2,2666.579107505071,0.0,65160.0,2,983,2,3,3,0.004084387387387387,0.006292093685807852,0.0,0.038861,0,0,0,0,351,643,0,5,0,0,0,0,1,4336.813397129186,5343.8397377631545,26.0,16408.0,0.016539323782234956,0.005067830324935424,0.001152,0.064425,349,0.0040972596348884385,0.00632015502520892,0.0,0.038861,0,2,3,204,idle
1707,1774356291.548915,1774356291.687602,21,20,0.9523809523809523,1,0.047619047619047616,716.0952380952381,658.2439445040042,66,1494,559.0,9,11,108431.1110133128,4,4,77.61904761904762,59.25324986064155,702.0952380952381,658.2439445040042,3,2,683.0,657.6880559561413,12,0.6,2,2500.7,1480.0,3228.0,0,20,0,1,1,0.005359333333333332,0.0060892533395592386,0.0,0.023768,0,0,0,0,8,11,0,1,0,1,0,0,0,2271.6666666666665,3348.808723511492,314.0,9056.0,0.015625374999999997,0.0034253326402597126,0.010817,0.018741,8,0.005536299999999999,0.006191789555957402,0.0,0.023768,0,0,0,6,plugOff
6617,1774356291.687602,1774356303.689194,164,162,0.9878048780487805,2,0.012195121951219513,816.780487804878,722.0403609266746,60,2358,760.0,67,86,11161.186022935804,11,12,73.8170731707317,48.83077779528781,802.5975609756098,722.2339807422522,6,6,760.5555555555555,721.1358793748507,102,0.6296296296296297,6,3678.8888888888887,0.0,65535.0,0,160,3,1,1,0.005938774390243903,0.008092904725727853,0.0,0.054808,0,0,1,2,51,95,1,4,1,1,4,4,0,2673.478260869565,4005.479861606987,26.0,16408.0,0.018748350000000004,0.01533461019252787,0.001485,0.111431,60,0.005852956790123457,0.008025577986460218,0.0,0.054808,0,2,0,44,idle
6618,1774356303.822339,1774356326.823291,47,45,0.9574468085106383,2,0.0425531914893617,172.0212765957447,223.52886102554714,60,1271,90.0,28,3,351.507189707046,10,10,150.4468085106383,89.87329450776758,157.38297872340425,223.8632689438771,7,7,109.31111111111112,228.23948967359846,24,0.5333333333333333,6,6477.177777777778,0.0,65535.0,2,41,1,2,2,0.014246085106382974,0.019785311565192244,0.0,0.079762,0,0,0,0,2,4,1,2,1,2,18,17,1,205.04545454545453,292.79709816294405,19.0,1200.0,0.03208127272727272,0.04737969828762991,0.000931,0.226506,22,0.014766933333333331,0.0200609527853127,0.0,0.079762,1,0,1,16,idle
1708,1774356326.823291,1774356326.958977,1,1,1.0,0,0.0,373.0,,373,373,373.0,0,0,2748.9956071606794,1,1,255.0,,359.0,,1,1,319.0,,1,1.0,1,2600.0,2600.0,2600.0,0,1,0,0,0,0.050123,,0.050123,0.050123,0,0,0,0,0,0,0,0,0,1,0,0,0,314.0,,314.0,314.0,,,,,0,0.050123,,0.050123,0.050123,0,0,0,1,plugOff
6619,1774356326.958977,1774356336.960648,2,2,1.0,0,0.0,73.5,19.091883092036785,60,87,73.5,2,0,14.697543928971335,2,2,185.0,98.99494936611666,56.5,23.33452377915607,2,2,16.5,23.33452377915607,1,0.5,1,34051.0,2567.0,65535.0,0,2,0,0,0,0.014385,0.01215375135503438,0.005791,0.022979,0,0,0,0,0,0,0,0,1,1,0,0,0,28.0,,28.0,28.0,0.0784975,0.07282139186049659,0.027005,0.12999,2,0.014385,0.01215375135503438,0.005791,0.022979,0,0,0,1,idle
1709,1774356336.960648,1774356337.087064,1,1,1.0,0,0.0,372.0,,372,372,372.0,0,0,2942.6662316328666,1,1,255.0,,358.0,,1,1,318.0,,1,1.0,1,2567.0,2567.0,2567.0,0,1,0,0,0,0.005838,,0.005838,0.005838,0,0,0,0,0,0,0,0,0,1,0,0,0,313.0,,313.0,313.0,,,,,0,0.005838,,0.005838,0.005838,0,0,0,1,plugOn
6620,1774356337.087064,1774356340.072448,5,5,1.0,0,0.0,90.6,31.564220250150328,60,123,87.0,3,0,151.73927438073449,4,4,199.0,76.68115805072325,74.2,34.50652112282547,3,3,34.2,34.50652112282547,3,0.6,2,27571.4,2092.0,65535.0,0,5,0,0,0,0.049325,0.07689888583718232,0.002114,0.185568,0,0,0,0,0,0,1,2,1,1,0,0,0,52.0,20.784609690826528,28.0,64.0,0.072833,0.10907043175856598,0.002114,0.2355,4,0.049325,0.07689888583718232,0.002114,0.185568,0,0,0,3,idle
1710,1774356340.072448,1774356340.299583,4,4,1.0,0,0.0,243.25,284.05677249451384,60,667,123.0,1,1,4283.7970552330125,2,2,185.0,80.82903768654761,227.75,285.35986052701946,2,2,187.75,285.35986052701946,3,0.75,1,33779.0,1954.0,65535.0,0,4,0,0,0,0.04192225,0.0647001815369684,0.00155,0.137346,0,0,0,0,0,0,2,2,0,0,0,0,0,245.33333333333334,314.0785464391564,64.0,608.0,0.0143965,0.017532712639520442,0.001999,0.026794,2,0.04192225,0.0647001815369684,0.00155,0.137346,0,0,0,3,movingAroundHouse
6621,1774356340.299583,1774356363.22406,410,402,0.9804878048780488,8,0.01951219512195122,186.24878048780488,281.310792394861,60,2036,199.0,197,15,3331.024723733385,6,7,153.7219512195122,91.61461620982702,172.2341463414634,281.3175320583513,5,5,122.636815920398,283.61974901746373,214,0.5323383084577115,4,2854.490049751244,473.0,65535.0,0,402,1,1,1,0.009702339024390242,0.011204392522106092,0.0,0.094943,0,0,0,0,0,0,1,10,0,0,191,208,0,128.95477386934672,29.71366663121246,28.0,416.0,0.03365292670157068,0.015816010671563803,0.001527,0.232262,191,0.009014398009950249,0.008861621626495238,0.0,0.090167,0,0,0,199,idle
1711,1774356363.22406,1774356364.257715,87,87,1.0,0,0.0,283.0919540229885,353.3708978483337,60,1143,135.0,40,15,23827.100638616914,4,4,163.4712643678161,90.35084574840765,268.95402298850576,353.46013584133675,3,3,217.91954022988506,353.47077173962305,50,0.5747126436781609,2,5570.551724137931,2576.0,64032.0,0,87,0,0,0,0.007789954022988505,0.013565949252232245,0.0,0.081274,4,4,0,0,0,0,0,0,0,0,42,37,0,368.0408163265306,397.78815337562077,28.0,1072.0,0.034188465116279064,0.03944715084487745,0.001037,0.151044,43,0.007789954022988505,0.013565949252232245,0.0,0.081274,0,0,0,49,alexaBulbChange
6622,1774356364.257715,1774356371.087755,17,17,1.0,0,0.0,142.2941176470588,184.6739575257846,66,839,97.0,10,1,354.17069413679434,4,4,142.35294117647058,91.05557449743988,128.2941176470588,184.6739575257846,3,3,76.29411764705883,184.67395752578463,9,0.5294117647058824,2,2905.6470588235293,503.0,5283.0,0,17,0,0,0,0.012573294117647061,0.018289288640365112,0.0,0.062377,0,0,0,0,1,2,0,0,0,0,7,7,0,139.11111111111111,239.19471380260708,26.0,768.0,0.025088111111111113,0.03923098930196779,0.000983,0.123673,9,0.012573294117647061,0.018289288640365112,0.0,0.062377,0,0,0,9,idle
1712,1774356371.087755,1774356371.238117,1,1,1.0,0,0.0,373.0,,373,373,373.0,0,0,2480.6797153476336,1,1,255.0,,359.0,,1,1,319.0,,1,1.0,1,2534.0,2534.0,2534.0,0,1,0,0,0,0.006904,,0.006904,0.006904,0,0,0,0,0,0,0,0,0,1,0,0,0,314.0,,314.0,314.0,,,,,0,0.006904,,0.006904,0.006904,0,0,0,1,plugOff
6623,1774356371.238117,1774356381.966937,254,254,1.0,0,0.0,239.53149606299212,368.34626285576485,60,3484,199.0,83,15,5670.800657947646,4,4,124.75196850393701,86.22989251819004,225.50787401574803,368.35801392119623,3,3,173.46062992125985,368.38073783666783,172,0.6771653543307087,2,2939.303149606299,2501.0,65535.0,0,254,0,0,0,0.009935157480314961,0.008729786652763624,0.0,0.032259,0,0,0,0,0,0,0,0,1,1,83,169,0,135.9746835443038,80.22198099009805,28.0,1040.0,0.03923125581395348,0.03420019445393155,0.001706,0.251181,86,0.009935157480314961,0.008729786652763624,0.0,0.032259,0,0,0,158,idle
1713,1774356381.966937,1774356383.012394,68,68,1.0,0,0.0,244.61764705882354,282.77526699524446,60,1143,199.0,27,8,15910.746983555624,4,4,142.7058823529412,89.42921136562981,230.52941176470588,282.8346635107354,3,3,179.76470588235293,282.906825949055,44,0.6470588235294118,2,6304.382352941177,2280.0,64032.0,0,68,0,0,0,0.009537220588235293,0.013803123585326931,0.0,0.096175,4,3,0,0,0,0,0,0,0,0,25,36,0,263.51162790697674,308.6049541383213,28.0,1072.0,0.0334986875,0.05599326698085686,0.00159,0.320194,32,0.009537220588235293,0.013803123585326931,0.0,0.096175,0,0,0,43,alexaBulbChange
6624,1774356383.012394,1774356384.239197,26,26,1.0,0,0.0,359.53846153846155,524.3450948197556,66,2220,119.0,11,6,7619.804899151409,2,2,162.53846153846155,93.03557632184831,345.53846153846155,524.3450948197556,2,2,293.53846153846155,524.3450948197556,15,0.5769230769230769,1,2748.5384615384614,2608.0,2869.0,0,26,0,0,0,0.011340692307692309,0.017732212808940075,0.0,0.059223,0,0,0,0,0,0,0,0,0,0,14,12,0,386.2857142857143,423.4065928361802,48.0,1072.0,0.025689636363636362,0.028049529219838,0.00112,0.084566,11,0.011340692307692309,0.017732212808940075,0.0,0.059223,0,0,0,14,idle
1714,1774356384.239197,1774356384.368973,1,1,1.0,0,0.0,372.0,,372,372,372.0,0,0,2866.4776014109348,1,1,255.0,,358.0,,1,1,318.0,,1,1.0,1,2501.0,2501.0,2501.0,0,1,0,0,0,0.004738,,0.004738,0.004738,0,0,0,0,0,0,0,0,0,1,0,0,0,313.0,,313.0,313.0,,,,,0,0.004738,,0.004738,0.004738,0,0,0,1,plugOn
6625,1774356384.368973,1774356410.540166,312,312,1.0,0,0.0,221.62820512820514,328.8296252124295,60,2962,199.0,115,18,2642.1416977557033,4,4,135.1602564102564,89.2603041000698,207.60897435897436,328.8392833285554,3,3,155.64743589743588,328.8227819398539,198,0.6346153846153846,2,2909.0608974358975,2468.0,65535.0,0,312,0,0,0,0.01023776923076923,0.009749115833499916,0.0,0.081581,0,0,0,0,0,0,0,0,1,1,120,190,0,137.2087912087912,86.93701491983511,28.0,1040.0,0.03831072131147541,0.02951751707521022,0.002997,0.216019,122,0.01023776923076923,0.009749115833499916,0.0,0.081581,0,0,0,182,idle
1715,1774356410.540166,1774356411.605883,55,55,1.0,0,0.0,367.74545454545455,427.9339780413441,60,1143,119.0,25,15,18978.772360530038,4,4,171.43636363636364,88.787045192074,353.5272727272727,428.0952582876272,3,3,303.27272727272725,427.54559880466445,33,0.6,2,7329.8,2494.0,65535.0,0,55,0,0,0,0.0071659818181818175,0.01436086184673973,0.0,0.080864,0,0,4,4,0,0,0,0,0,0,27,20,0,495.0625,456.77155562957074,28.0,1072.0,0.020844520000000002,0.017783033100683358,0.001071,0.080864,25,0.0071659818181818175,0.01436086184673973,0.0,0.080864,0,0,0,32,alexaBulbChange
6626,1774356411.605883,1774356419.370399,12,4,0.3333333333333333,8,0.6666666666666666,80.16666666666667,25.658007197234422,66,135,70.0,10,0,123.89696739996182,3,3,221.83333333333334,73.78695786868538,66.16666666666667,25.658007197234422,2,2,34.5,39.83716857408418,2,0.5,1,2738.5,2608.0,2869.0,0,4,0,1,1,0.03527991666666667,0.04367261732993536,0.000578,0.142884,0,0,0,0,0,0,0,8,0,0,2,2,0,64.0,0.0,64.0,64.0,0.023212,0.023474530921831,0.006613,0.039811,2,0.02175275,0.035747012298232704,0.001156,0.075269,0,0,0,2,idle
1716,1774356419.370399,1774356419.518715,1,1,1.0,0,0.0,373.0,,373,373,373.0,0,0,2514.9022026035154,1,1,255.0,,359.0,,1,1,319.0,,1,1.0,1,2468.0,2468.0,2468.0,0,1,0,0,0,0.097071,,0.097071,0.097071,0,0,0,0,0,0,0,0,0,1,0,0,0,314.0,,314.0,314.0,,,,,0,0.097071,,0.097071,0.097071,0,0,0,1,plugOff
6627,1774356419.518715,1774356429.519285,5,5,1.0,0,0.0,81.4,17.415510328439993,60,97,87.0,5,0,40.69767999284594,4,4,122.6,78.28345930016123,66.2,19.357169214531343,3,3,19.0,17.363755354185336,3,0.6,2,15807.8,503.0,65535.0,0,5,0,0,0,0.0094794,0.009870815989572491,0.001255,0.026417,0,0,0,0,1,2,0,0,1,1,0,0,0,26.666666666666668,1.1547005383792515,26.0,28.0,0.041039,0.04605151228063345,0.001255,0.107541,4,0.0094794,0.009870815989572491,0.001255,0.026417,0,0,0,3,idle
1717,1774356429.519285,1774356429.650325,1,1,1.0,0,0.0,372.0,,372,372,372.0,0,0,2838.8257529720427,1,1,255.0,,358.0,,1,1,318.0,,1,1.0,1,2435.0,2435.0,2435.0,0,1,0,0,0,0.007743,,0.007743,0.007743,0,0,0,0,0,0,0,0,0,1,0,0,0,313.0,,313.0,313.0,,,,,0,0.007743,,0.007743,0.007743,0,0,0,1,plugOn
6628,1774356429.650325,1774356442.920271,184,184,1.0,0,0.0,270.73369565217394,563.5298293659126,60,6327,199.0,68,14,3753.9716081661086,5,5,134.30434782608697,88.9818228052015,256.66847826086956,563.5546956216713,3,3,204.92934782608697,563.4662342738786,119,0.6467391304347826,3,3373.163043478261,2249.0,65535.0,0,184,0,0,0,0.010217260869565217,0.011598261770905095,0.0,0.092151,1,2,0,0,0,0,0,0,1,1,67,112,0,201.6880733944954,605.8663936760883,26.0,6256.0,0.0376125072463768,0.03166642755284381,0.001834,0.227553,69,0.010217260869565217,0.011598261770905095,0.0,0.092151,0,0,0,109,idle
1718,1774356442.920271,1774356443.958993,76,76,1.0,0,0.0,232.42105263157896,267.6262200984995,60,1143,199.0,28,7,17005.511916774012,4,4,144.1578947368421,89.86642719526633,218.26315789473685,267.7310276338825,3,3,167.52631578947367,267.6663830808399,51,0.6710526315789473,2,5898.276315789473,1816.0,64032.0,0,76,0,0,0,0.009382368421052634,0.01347389867741044,0.0,0.100333,4,4,0,0,0,0,0,0,0,0,28,40,0,244.64705882352942,294.205222491336,28.0,1072.0,0.03346724137931034,0.01717045521206864,0.004057,0.09625,29,0.009382368421052634,0.01347389867741044,0.0,0.100333,0,0,0,51,alexaBulbOff
6629,1774356443.958993,1774356458.650771,31,31,1.0,0,0.0,278.83870967741933,358.6101036663815,66,1143,119.0,14,6,588.3562923844642,3,3,154.32258064516128,91.73453987703658,264.83870967741933,358.6101036663815,3,3,212.83870967741936,358.61010366638146,18,0.5806451612903226,2,2604.7741935483873,473.0,2869.0,0,31,0,0,0,0.017815,0.034916490469881614,0.0,0.167658,0,0,0,0,0,0,0,0,0,0,16,15,0,361.55555555555554,409.0025488518626,28.0,1072.0,0.02150046153846154,0.026144970279881705,0.000909,0.088718,13,0.017815,0.034916490469881614,0.0,0.167658,0,0,0,18,idle
1719,1774356458.650771,1774356458.791792,1,1,1.0,0,0.0,373.0,,373,373,373.0,0,0,2644.9958866243437,1,1,255.0,,359.0,,1,1,319.0,,1,1.0,1,2402.0,2402.0,2402.0,0,1,0,0,0,0.046061,,0.046061,0.046061,0,0,0,0,0,0,0,0,0,1,0,0,0,314.0,,314.0,314.0,,,,,0,0.046061,,0.046061,0.046061,0,0,0,1,plugOff
6630,1774356458.791792,1774356468.064151,196,196,1.0,0,0.0,259.6734693877551,377.7940362904364,60,2036,199.0,71,16,5489.002234624776,4,4,134.66836734693877,89.06999390791869,245.6122448979592,377.827043124179,3,3,193.73469387755102,377.7716051557569,128,0.6530612244897959,2,3340.9897959183672,2338.0,65535.0,0,196,0,0,0,0.010687178571428571,0.015466732552481795,0.0,0.158421,0,0,0,0,0,0,0,0,2,3,72,119,0,272.70175438596493,1384.6659603553512,26.0,14880.0,0.03698853333333333,0.025995015482875843,0.001565,0.198533,75,0.010687178571428571,0.015466732552481795,0.0,0.158421,0,0,0,114,idle
1720,1774356468.064151,1774356469.098182,45,45,1.0,0,0.0,357.64444444444445,422.1336580427167,60,1356,119.0,20,12,15564.331566229503,4,4,162.77777777777777,89.63965459977898,343.3777777777778,422.32776418800654,3,3,293.24444444444447,421.7932580367454,28,0.6222222222222222,2,8201.222222222223,2552.0,64032.0,0,45,0,0,0,0.010566555555555555,0.018978178610943905,0.0,0.072343,4,4,0,0,0,0,0,0,0,0,19,18,0,435.962962962963,428.9284036976049,28.0,1072.0,0.04373119047619047,0.04680653849476486,0.001547,0.148732,21,0.010566555555555555,0.018978178610943905,0.0,0.072343,0,0,0,27,alexaBulbOn
6631,1774356469.098182,1774356469.792958,4,4,1.0,0,0.0,120.5,77.78817390837762,66,231,92.5,2,0,693.7487184731351,2,2,155.5,105.65509926170151,106.5,77.78817390837762,2,2,54.5,77.78817390837762,2,0.5,1,2738.5,2608.0,2869.0,0,4,0,0,0,0.00278125,0.00464676879670164,1e-06,0.009676,0,0,0,0,0,0,0,0,0,0,2,2,0,104.0,79.19595949289332,48.0,160.0,0.001448,0.0,0.001448,0.001448,2,0.00278125,0.00464676879670164,1e-06,0.009676,0,0,0,2,idle
1721,1774356469.792958,1774356469.920324,1,1,1.0,0,0.0,372.0,,372,372,372.0,0,0,2920.7151617709824,1,1,255.0,,358.0,,1,1,318.0,,1,1.0,1,2338.0,2338.0,2338.0,0,1,0,0,0,0.006529,,0.006529,0.006529,0,0,0,0,0,0,0,0,0,1,0,0,0,313.0,,313.0,313.0,,,,,0,0.006529,,0.006529,0.006529,0,0,0,1,plugOn
6632,1774356469.920324,1774356496.921353,361,321,0.889196675900277,10,0.027700831024930747,213.601108033241,337.446747072601,60,2962,151.0,170,21,2855.8170860207233,14,14,134.60664819944597,89.34154415071538,199.5512465373961,337.4699464065037,6,6,162.75389408099687,355.02087772073526,196,0.6105919003115264,6,3518.4766355140187,131.0,65535.0,2,320,2,3,3,0.01026525484764543,0.014440115732892058,0.0,0.120446,1,2,1,2,1,2,0,8,1,1,141,201,0,245.05524861878453,1132.6655568159997,26.0,15216.0,0.03420942537313433,0.029245440558046627,0.000891,0.251727,134,0.009079744548286604,0.009745846413513323,0.0,0.09843,0,0,0,181,idle
1723,1774356496.259553,1774356497.925956,105,105,1.0,0,0.0,258.4190476190476,336.40185392772037,60,1143,119.0,51,15,16282.975427508023,5,5,162.74285714285713,90.35645528123052,244.24761904761905,336.5054228889924,3,3,193.5047619047619,336.3601299148533,58,0.5523809523809524,3,5652.333333333333,2272.0,65535.0,0,105,0,0,0,0.009554180952380954,0.017991710489609968,0.0,0.100566,4,4,0,0,0,0,0,0,1,2,49,45,0,339.5263157894737,388.9038673568479,28.0,1072.0,0.029476703703703703,0.032584962894776304,0.00143,0.229529,54,0.009554180952380954,0.017991710489609968,0.0,0.100566,0,0,0,57,alexaBulbChange
1722,1774356496.921353,1774356497.118333,14,14,1.0,0,0.0,214.28571428571428,257.85548384599184,60,839,87.0,8,2,15229.97262144242,5,4,168.14285714285714,87.4254470460906,199.85714285714286,258.1364746804286,3,3,153.0,258.70595128595176,9,0.6428571428571429,3,15780.214285714286,2280.0,64032.0,0,14,0,0,0,0.008529214285714286,0.009167677074949218,0.0,0.023875,3,2,0,0,0,0,0,0,0,1,4,4,0,177.75,258.6281113877608,28.0,768.0,0.024361,0.009992263035540476,0.011882,0.033497,8,0.008529214285714286,0.009167677074949218,0.0,0.023875,0,0,0,8,plugOff
1724,1774356501.217561,1774356501.44812,4,4,1.0,0,0.0,243.25,284.05677249451384,60,667,123.0,1,1,4220.1758902211395,2,2,185.0,80.82903768654761,227.75,285.35986052701946,2,2,187.75,285.35986052701946,3,0.75,1,33675.5,1747.0,65535.0,0,4,0,0,0,0.01765775,0.019515521640905906,0.001625,0.041529,0,0,0,0,0,0,2,2,0,0,0,0,0,245.33333333333334,314.0785464391564,64.0,608.0,0.0137385,0.016880760187266447,0.001802,0.025675,2,0.01765775,0.019515521640905906,0.001625,0.041529,0,0,0,3,movingAroundHouse
6633,1774356501.44812,1774356506.119214,4,4,1.0,0,0.0,100.5,39.83716857408418,66,135,100.5,2,0,86.06121073573544,2,2,155.5,105.65509926170151,86.5,39.83716857408418,2,2,34.5,39.83716857408418,2,0.5,1,2738.5,2608.0,2869.0,0,4,0,0,0,0.015629499999999998,0.018367148163682533,9.1e-05,0.042079,0,0,0,0,0,0,0,0,0,0,2,2,0,64.0,0.0,64.0,64.0,0.1250875,0.11962478970723417,0.0405,0.209675,2,0.015629499999999998,0.018367148163682533,9.1e-05,0.042079,0,0,0,2,idle
1725,1774356506.119214,1774356506.260749,1,1,1.0,0,0.0,372.0,,372,372,372.0,0,0,2628.324337436262,1,1,255.0,,358.0,,1,1,318.0,,1,1.0,1,2272.0,2272.0,2272.0,0,1,0,0,0,0.007007,,0.007007,0.007007,0,0,0,0,0,0,0,0,0,1,0,0,0,313.0,,313.0,313.0,,,,,0,0.007007,,0.007007,0.007007,0,0,0,1,plugOn
6634,1774356506.260749,1774356532.262035,12,12,1.0,0,0.0,235.25,404.79357814704883,60,1495,103.0,6,1,108.57155383192745,6,6,181.25,87.19374977600172,220.25,405.2723270726847,4,4,173.25,403.86814342397355,7,0.5833333333333334,3,13105.0,1747.0,65535.0,0,12,0,0,0,0.02605958333333333,0.0526186830809575,0.0,0.184094,0,0,0,0,0,0,1,2,1,1,4,3,0,292.0,506.1172459684284,28.0,1424.0,0.031267857142857146,0.02681985122024711,0.002427,0.08286,7,0.02605958333333333,0.0526186830809575,0.0,0.184094,0,0,0,7,idle
1726,1774356532.262035,1774356532.406646,1,1,1.0,0,0.0,373.0,,373,373,373.0,0,0,2579.331377989689,1,1,255.0,,359.0,,1,1,319.0,,1,1.0,1,2239.0,2239.0,2239.0,0,1,0,0,0,0.000646,,0.000646,0.000646,0,0,0,0,0,0,0,0,0,1,0,0,0,314.0,,314.0,314.0,,,,,0,0.000646,,0.000646,0.000646,0,0,0,1,plugOff
6635,1774356532.406646,1774356547.407513,25,17,0.68,8,0.32,83.56,23.829393613770367,60,135,70.0,20,0,139.25861854017558,9,10,185.56,85.61643144474859,69.08,24.37539743265738,7,7,26.058823529411764,28.636669211509425,9,0.5294117647058824,6,9467.35294117647,134.0,65535.0,0,17,1,1,1,0.03200372,0.0400869300432614,0.000687,0.143818,0,0,0,0,1,2,1,10,1,1,5,4,0,44.22222222222222,18.906201216649645,26.0,64.0,0.04383836363636364,0.06102565375687953,0.001462,0.215092,11,0.027761470588235294,0.04126502800210738,0.000687,0.143818,0,0,0,8,idle
1727,1774356547.407513,1774356547.550649,1,1,1.0,0,0.0,372.0,,372,372,372.0,0,0,2598.9264503061518,1,1,255.0,,358.0,,1,1,318.0,,1,1.0,1,2206.0,2206.0,2206.0,0,1,0,0,0,0.01442,,0.01442,0.01442,0,0,0,0,0,0,0,0,0,1,0,0,0,313.0,,313.0,313.0,,,,,0,0.01442,,0.01442,0.01442,0,0,0,1,plugOn
6636,1774356547.550649,1774356562.125035,2,2,1.0,0,0.0,73.5,19.091883092036785,60,87,73.5,2,0,10.086188110514275,2,2,185.0,98.99494936611666,56.5,23.33452377915607,2,2,16.5,23.33452377915607,1,0.5,1,33854.0,2173.0,65535.0,0,2,0,0,0,0.0249425,0.020960766314712827,0.010121,0.039764,0,0,0,0,0,0,0,0,1,1,0,0,0,28.0,,28.0,28.0,0.074221,0.06428024905054429,0.028768,0.119674,2,0.0249425,0.020960766314712827,0.010121,0.039764,0,0,0,1,idle
1728,1774356562.125035,1774356562.352587,4,4,1.0,0,0.0,243.25,284.05677249451384,60,667,123.0,1,1,4275.946899799041,2,2,185.0,80.82903768654761,227.75,285.35986052701946,2,2,187.75,285.35986052701946,3,0.75,1,34158.5,2713.0,65535.0,0,4,0,0,0,0.002406,0.0028014064324906516,0.000429,0.006554,0,0,0,0,0,0,2,2,0,0,0,0,0,245.33333333333334,314.0785464391564,64.0,608.0,0.017237,0.013193198323378603,0.007908,0.026566,2,0.002406,0.0028014064324906516,0.000429,0.006554,0,0,0,3,movingAroundHouse
6637,1774356562.352587,1774356574.551822,278,276,0.9928057553956835,2,0.007194244604316547,961.4388489208633,996.668929349561,60,10062,1494.0,103,155,21909.570626552504,8,8,64.0,26.11181178703316,947.3525179856115,996.747547334018,6,6,901.5434782608696,997.6941569589546,177,0.6413043478260869,5,2962.913043478261,0.0,65535.0,4,271,2,2,2,0.003869320143884893,0.009677877936780963,0.0,0.103206,0,0,0,0,90,182,1,2,0,0,2,1,2,4837.2,5965.701224670978,4.0,16408.0,0.01933030612244898,0.012430984460113809,0.000985,0.066552,98,0.0038798768115942037,0.009710028544815565,0.0,0.103206,0,2,8,40,idle
1730,1774356568.0,1774356583.477956,3025,3023,0.9993388429752066,2,0.0006611570247933885,1085.9038016528925,995.7023020997989,60,15774,1494.0,1003,1956,212228.21592133847,8,8,60.46380165289256,9.772414986564995,1071.8938842975206,995.7125534341834,6,6,1020.5534237512405,995.7129324853717,2027,0.6705259675818723,5,2644.959642739001,0.0,65535.0,4,3018,2,2,2,0.002855385123966942,0.005900481704797862,0.0,0.103206,0,0,0,0,987,2032,1,2,1,2,0,0,2,5051.267657992565,5536.973462102931,4.0,62236.0,0.016793446231155782,0.007929437601109722,0.000985,0.222521,995,0.0028556781343036714,0.00590209685371425,0.0,0.103206,0,3,9,526,outsideDetection
1729,1774356574.551822,1774356574.696493,1,1,1.0,0,0.0,373.0,,373,373,373.0,0,0,2578.2644390023634,1,1,255.0,,359.0,,1,1,319.0,,1,1.0,1,2173.0,2173.0,2173.0,0,1,0,0,0,0.001904,,0.001904,0.001904,0,0,0,0,0,0,0,0,0,1,0,0,0,314.0,,314.0,314.0,,,,,0,0.001904,,0.001904,0.001904,0,0,0,1,plugOff
6638,1774356583.477956,1774356583.698583,34,34,1.0,0,0.0,997.9705882352941,1146.9830118235252,66,4350,178.0,17,16,153793.62445535653,2,2,58.0,6.0902306270706275,983.9705882352941,1146.9830118235252,2,2,931.9705882352941,1146.9830118235252,17,0.5,1,2246.5882352941176,1256.0,3228.0,0,34,0,0,0,0.005283764705882353,0.0074051283747136555,0.0,0.028016,0,0,0,0,17,17,0,0,0,0,0,0,0,3955.875,2606.340534570043,1347.0,6988.0,0.017064647058823525,0.0020167847226828794,0.013918,0.020204,17,0.005283764705882353,0.0074051283747136555,0.0,0.028016,0,0,0,8,idle
1731,1774356583.698583,1774356583.832816,29,29,1.0,0,0.0,1251.9655172413793,2021.395707404003,66,8634,372.0,13,14,270477.4576262757,3,3,65.20689655172414,36.989746948449714,1237.9655172413793,2021.395707404003,3,2,1186.3793103448277,2021.210358985659,16,0.5517241379310345,2,2314.448275862069,1256.0,3228.0,0,29,0,0,0,0.004203620689655172,0.004382864982876849,0.0,0.014049,0,0,0,0,13,15,0,0,0,1,0,0,0,4131.125,5276.2827671842715,313.0,16408.0,0.01713676923076923,0.0011357624571072767,0.01526,0.019534,13,0.004203620689655172,0.004382864982876849,0.0,0.014049,0,0,0,8,plugOn
6639,1774356583.832816,1774356614.833728,685,669,0.9766423357664233,16,0.02335766423357664,945.7313868613139,948.3760146526247,60,8634,1347.0,266,390,20896.9979992963,12,12,63.1941605839416,25.438929756141825,931.6875912408759,948.4171140068695,6,6,900.03288490284,950.4031710488548,420,0.6278026905829597,5,2694.846038863976,0.0,65535.0,2,664,4,3,3,0.005499023357664234,0.011376554249167406,0.0,0.131735,0,0,0,0,246,426,0,8,1,1,2,1,1,3792.1962025316457,4128.700169381147,26.0,16408.0,0.017030681451612902,0.007551175451258363,0.001092,0.107377,248,0.004954243647234679,0.009054487358171619,0.0,0.131735,0,4,3,151,idle
1732,1774356614.833728,1774356614.980598,1,1,1.0,0,0.0,373.0,,373,373,373.0,0,0,2539.6626911270305,1,1,255.0,,359.0,,1,1,319.0,,1,1.0,1,2107.0,2107.0,2107.0,0,1,0,0,0,0.059409,,0.059409,0.059409,0,0,0,0,0,0,0,0,0,1,0,0,0,314.0,,314.0,314.0,,,,,0,0.059409,,0.059409,0.059409,0,0,0,1,plugOff