windowID,windowStart,windowEnd,packetCount,tcpPacketCount,tcpRatio,udpPacketCount,udpRatio,avgPacketLength,stdPacketLength,minPacketLength,maxPacketLength,medianPacketLength,smallPacketCount,largePacketCount,packetsPerSecond,uniqueSrcIPs,uniqueDstIPs,avgTTL,stdTTL,avgIPLen,stdIPLen,uniqueTCPSrcPorts,uniqueTCPDstPorts,avgTCPLen,stdTCPLen,tcpPayloadPacketCount,tcpPayloadPacketRatio,uniqueTCPStreams,avgTCPWindowSize,minTCPWindowSize,maxTCPWindowSize,synCount,ackCount,finCount,uniqueUDPSrcPorts,uniqueUDPDstPorts,avgInterArrivalTime,stdInterArrivalTime,minInterArrivalTime,maxInterArrivalTime,packetsTobedroomBulb,packetsFrombedroomBulb,packetsToloungeBulb,packetsFromloungeBulb,packetsTocamera,packetsFromcamera,packetsTomotionSensor,packetsFrommotionSensor,packetsToplug,packetsFromplug,packetsToalexa,packetsFromalexa,tlsHandshakeCount,avgTLSRecordLen,stdTLSRecordLen,minTLSRecordLen,maxTLSRecordLen,avgACKRoundTripTime,stdACKRoundTripTime,minACKRoundTripTime,maxACKRoundTripTime,ACKRoundTripTimeCount,avgTimeDelta,stdTimeDelta,minTimeDelta,maxTimeDelta,tlsContentTypeChanegCipherCount,tlsContentTypeAlertCount,tlsContentTypeHandshakeCount,tlsContentTypeAppDataCount,label
0,1774266519.081578,1774266519.309655,4,4,1.0,0,0.0,243.25,284.05677249451384,60,667,123.0,1,1,4266.104333573066,2,2,185.0,80.82903768654761,227.75,285.35986052701946,2,2,187.75,285.35986052701946,3,0.75,1,33871.5,2139.0,65535.0,0,4,0,0,0,0.019312500000000003,0.02108246820622924,0.001749,0.044434,0,0,0,0,0,0,2,2,0,0,0,0,0,245.33333333333334,314.0785464391564,64.0,608.0,0.0155335,0.019112389188691195,0.002019,0.029048,2,0.019312500000000003,0.02108246820622924,0.001749,0.044434,0,0,0,3,movingAroundHouse
1,1774266530.671453,1774266530.972162,2,2,1.0,0,0.0,229.5,201.52543263816605,87,372,229.5,1,0,1526.3925788791412,2,2,185.0,98.99494936611666,215.5,201.52543263816605,2,2,175.5,201.52543263816605,2,1.0,1,33859.0,2183.0,65535.0,0,2,0,0,0,0.025999,0.012447907776007981,0.017197,0.034801,0,0,1,1,0,0,0,0,0,0,0,0,0,170.5,201.52543263816605,28.0,313.0,0.034801,,0.034801,0.034801,1,0.025999,0.012447907776007981,0.017197,0.034801,0,0,0,2,bulbOff
2,1774266534.671089,1774266534.85619,2,2,1.0,0,0.0,230.0,202.2325394193526,87,373,230.0,1,0,2485.1293069026365,2,2,185.0,98.99494936611666,216.0,202.2325394193526,2,2,176.0,202.2325394193526,2,1.0,1,33150.5,2269.0,64032.0,0,2,0,0,0,0.033774,0.008066674159776133,0.02807,0.039478,1,1,0,0,0,0,0,0,0,0,0,0,0,171.0,202.2325394193526,28.0,314.0,0.02807,,0.02807,0.02807,1,0.033774,0.008066674159776133,0.02807,0.039478,0,0,0,2,bulbChange
3,1774266539.97323,1774266540.451135,3,3,1.0,0,0.0,172.66666666666666,172.2914197902302,60,371,87.0,2,0,1083.8973478894018,2,2,208.33333333333334,80.82903768654761,156.66666666666666,174.27660007394374,2,2,116.66666666666667,174.27660007394374,2,0.6666666666666666,1,23267.333333333332,2117.0,65535.0,0,3,0,0,0,0.066019,0.06925265812226994,0.023918,0.145947,0,0,1,2,0,0,0,0,0,0,0,0,0,170.0,200.8183258569795,28.0,312.0,0.039265,0.015659586776157284,0.028192,0.050338,2,0.066019,0.06925265812226994,0.023918,0.145947,0,0,0,2,bulbOn
4,1774266543.671764,1774266543.801524,1,1,1.0,0,0.0,373.0,,373,373,373.0,0,0,2874.5370112796804,1,1,255.0,,359.0,,1,1,319.0,,1,1.0,1,2244.0,2244.0,2244.0,0,1,0,0,0,0.002212,,0.002212,0.002212,0,0,0,0,0,0,0,0,0,1,0,0,0,314.0,,314.0,314.0,,,,,0,0.002212,,0.002212,0.002212,0,0,0,1,plugOff
5,1774266554.802528,1774266554.955005,1,1,1.0,0,0.0,372.0,,372,372,372.0,0,0,2439.711803106945,1,1,255.0,,358.0,,1,1,318.0,,1,1.0,1,2211.0,2211.0,2211.0,0,1,0,0,0,0.073749,,0.073749,0.073749,0,0,0,0,0,0,0,0,0,1,0,0,0,313.0,,313.0,313.0,,,,,0,0.073749,,0.073749,0.073749,0,0,0,1,plugOn
6,1774266556.857255,1774266557.277382,3,3,1.0,0,0.0,172.66666666666666,172.2914197902302,60,371,87.0,2,0,1232.9607590770313,2,2,208.33333333333334,80.82903768654761,156.66666666666666,174.27660007394374,2,2,116.66666666666667,174.27660007394374,2,0.6666666666666666,1,23245.333333333332,2084.0,65535.0,0,3,0,0,0,0.04420166666666667,0.021399081670327197,0.024369,0.066882,0,0,1,2,0,0,0,0,0,0,0,0,0,170.0,200.8183258569795,28.0,312.0,0.127018,0.13976248372864586,0.028191,0.225845,2,0.04420166666666667,0.021399081670327197,0.024369,0.066882,0,0,0,2,bulbChange
9,1774266559.0,1774266574.532776,2969,2959,0.9966318625799933,10,0.003368137420006736,1079.1902997642303,915.0381046593907,60,17202,1494.0,915,2002,206280.9619992023,11,11,60.22970697204446,10.538840686744187,1065.1781744695184,915.051654225511,7,7,1016.3311929705982,914.9936527249836,2050,0.6928016221696519,6,2658.668469077391,0.0,65535.0,6,2952,4,3,3,0.0018924600875715731,0.005432084094868175,0.0,0.162596,1,2,0,0,905,2057,2,2,0,0,0,0,3,5067.30583501006,4768.956096783714,26.0,21324.0,0.018526771775082693,0.005048258774603518,0.00107,0.070939,907,0.0018727255829672185,0.005378800274524949,0.0,0.162596,1,5,7,484,outsideDetection
7,1774266568.716819,1774266568.943544,43,43,1.0,0,0.0,945.9302325581396,691.6611954579537,60,1494,1494.0,14,27,179402.46805047148,4,4,71.02325581395348,43.25752803853255,931.7906976744187,691.8447581901709,3,3,880.9069767441861,690.6897799251291,29,0.6744186046511628,2,5395.604651162791,882.0,65535.0,0,43,0,0,0,0.0016688139534883721,0.004480401625576364,0.0,0.021603,0,0,0,0,13,26,2,2,0,0,0,0,0,6631.2,8748.148329789567,64.0,16408.0,0.017916799999999997,0.004991599059562834,0.002115,0.026516,15,0.0016688139534883721,0.004480401625576364,0.0,0.021603,0,0,0,5,movingAroundHouse
8,1774266573.451909,1774266573.625944,29,29,1.0,0,0.0,977.1379310344828,714.4653707562405,66,2323,1418.0,10,19,162823.7253638923,2,2,59.172413793103445,6.772153938409644,963.1379310344828,714.4653707562405,2,2,911.1379310344828,714.4653707562405,19,0.6551724137931034,1,2470.0689655172414,1030.0,3228.0,0,29,0,0,0,0.005088,0.007120022607307609,1e-06,0.025596,0,0,0,0,10,19,0,0,0,0,0,0,0,3297.875,3468.338937033527,595.0,10936.0,0.016896,0.002702968738257993,0.013812,0.021767,10,0.005088,0.007120022607307609,1e-06,0.025596,0,0,0,8,bulbOff
10,1774266580.957045,1774266581.080851,1,1,1.0,0,0.0,373.0,,373,373,373.0,0,0,3012.7780619319055,1,1,255.0,,359.0,,1,1,319.0,,1,1.0,1,2178.0,2178.0,2178.0,0,1,0,0,0,0.118663,,0.118663,0.118663,0,0,0,0,0,0,0,0,0,1,0,0,0,314.0,,314.0,314.0,,,,,0,0.118663,,0.118663,0.118663,0,0,0,1,plugOff
11,1774266581.626344,1774266581.752612,2,2,1.0,0,0.0,230.0,202.2325394193526,87,373,230.0,1,0,3643.0406697796666,2,2,185.0,98.99494936611666,216.0,202.2325394193526,2,2,176.0,202.2325394193526,2,1.0,1,33117.5,2203.0,64032.0,0,2,0,0,0,0.018748,0.013995057413244149,0.008852,0.028644,1,1,0,0,0,0,0,0,0,0,0,0,0,171.0,202.2325394193526,28.0,314.0,0.028644,,0.028644,0.028644,1,0.018748,0.013995057413244149,0.008852,0.028644,0,0,0,2,bulbOn
12,1774266581.752928,1774266581.982865,3,3,1.0,0,0.0,173.33333333333334,173.44259376904316,60,373,87.0,2,0,2261.4882634852233,2,2,208.33333333333334,80.82903768654761,157.33333333333334,175.42614780395004,2,2,117.33333333333333,175.42614780395007,2,0.6666666666666666,1,22779.666666666668,2137.0,64032.0,0,3,0,0,0,0.037619,0.04518389897961441,0.000257,0.087838,1,2,0,0,0,0,0,0,0,0,0,0,0,171.0,202.2325394193526,28.0,314.0,0.07961533333333333,0.04724099831008372,0.025588,0.113148,3,0.037619,0.04518389897961441,0.000257,0.087838,0,0,0,2,bulbChange
13,1774266588.081505,1774266588.226771,1,1,1.0,0,0.0,372.0,,372,372,372.0,0,0,2560.8184739614962,1,1,255.0,,358.0,,1,1,318.0,,1,1.0,1,2145.0,2145.0,2145.0,0,1,0,0,0,0.025492,,0.025492,0.025492,0,0,0,0,0,0,0,0,0,1,0,0,0,313.0,,313.0,313.0,,,,,0,0.025492,,0.025492,0.025492,0,0,0,1,plugOn
14,1774266591.254645,1774266591.481633,5,5,1.0,0,0.0,206.6,259.29192042946494,60,667,123.0,2,1,4550.904602250288,2,2,199.0,76.68115805072325,190.2,261.00325668466286,2,2,150.2,261.00325668466286,3,0.6,1,27727.0,1794.0,65535.0,0,5,0,0,0,0.021881,0.03336544531397716,0.000146,0.078206,0,0,0,0,0,0,2,3,0,0,0,0,0,245.33333333333334,314.0785464391564,64.0,608.0,0.03709766666666667,0.039046100961982536,0.004184,0.08024,3,0.021881,0.03336544531397716,0.000146,0.078206,0,0,0,3,movingAroundHouse
15,1774266604.753621,1774266605.091461,2,2,1.0,0,0.0,229.0,200.8183258569795,87,371,229.0,1,0,1355.6719583515348,2,2,185.0,98.99494936611666,215.0,200.8183258569795,2,2,175.0,200.8183258569795,2,1.0,1,33068.0,2104.0,64032.0,0,2,0,0,0,0.0133195,0.004735494113606307,0.009971,0.016668,1,1,0,0,0,0,0,0,0,0,0,0,0,170.0,200.8183258569795,28.0,312.0,0.027182,,0.027182,0.027182,1,0.0133195,0.004735494113606307,0.009971,0.016668,0,0,0,2,bulbOff
16,1774266617.091927,1774266617.483899,3,3,1.0,0,0.0,172.33333333333334,171.71585055938584,60,370,87.0,2,0,1318.9715446610505,2,2,208.33333333333334,80.82903768654761,156.33333333333334,173.70185184198047,2,2,116.33333333333333,173.7018518419805,2,0.6666666666666666,1,22713.666666666668,2038.0,64032.0,0,3,0,0,0,0.01915,0.007799336958998503,0.010543,0.025749,1,2,0,0,0,0,0,0,0,0,0,0,0,169.5,200.11121907579295,28.0,311.0,0.049373,0.033409381197502,0.025749,0.072997,2,0.01915,0.007799336958998503,0.010543,0.025749,0,0,0,2,bulbOn
17,1774266619.983468,1774266620.112846,1,1,1.0,0,0.0,371.0,,371,371,371.0,0,0,2867.5698590251545,1,1,255.0,,357.0,,1,1,317.0,,1,1.0,1,2053.0,2053.0,2053.0,0,1,0,0,0,0.0,,0.0,0.0,0,0,0,1,0,0,0,0,0,0,0,0,0,312.0,,312.0,312.0,,,,,0,0.0,,0.0,0.0,0,0,0,1,bulbChange
18,1774266621.227727,1774266621.356896,1,1,1.0,0,0.0,373.0,,373,373,373.0,0,0,2887.6900552628954,1,1,255.0,,359.0,,1,1,319.0,,1,1.0,1,2112.0,2112.0,2112.0,0,1,0,0,0,0.021,,0.021,0.021,0,0,0,0,0,0,0,0,0,1,0,0,0,314.0,,314.0,314.0,,,,,0,0.021,,0.021,0.021,0,0,0,1,plugOff
19,1774266628.358408,1774266628.500704,1,1,1.0,0,0.0,372.0,,372,372,372.0,0,0,2614.26745505024,1,1,255.0,,358.0,,1,1,318.0,,1,1.0,1,2079.0,2079.0,2079.0,0,1,0,0,0,0.002231,,0.002231,0.002231,0,0,0,0,0,0,0,0,0,1,0,0,0,313.0,,313.0,313.0,,,,,0,0.002231,,0.002231,0.002231,0,0,0,1,plugOn
20,1774266642.485082,1774266642.775286,2,2,1.0,0,0.0,229.0,200.8183258569795,87,371,229.0,1,0,1578.1999007561592,2,2,185.0,98.99494936611666,215.0,200.8183258569795,2,2,175.0,200.8183258569795,2,1.0,1,33019.5,2007.0,64032.0,0,2,0,0,0,0.0772725,0.07215812569974361,0.026249,0.128296,1,1,0,0,0,0,0,0,0,0,0,0,0,170.0,200.8183258569795,28.0,312.0,0.026249,,0.026249,0.026249,1,0.0772725,0.07215812569974361,0.026249,0.128296,0,0,0,2,bulbOff
21,1774266652.226147,1774266652.466061,4,4,1.0,0,0.0,243.25,284.05677249451384,60,667,123.0,1,1,4055.6169071415015,2,2,185.0,80.82903768654761,227.75,285.35986052701946,2,2,187.75,285.35986052701946,3,0.75,1,34124.0,2644.0,65535.0,0,4,0,0,0,0.00830525,0.009776232040856368,0.0,0.021188,0,0,0,0,0,0,2,2,0,0,0,0,0,245.33333333333334,314.0785464391564,64.0,608.0,0.017984,0.010497707273495485,0.010561,0.025407,2,0.00830525,0.009776232040856368,0.0,0.021188,0,0,0,3,movingAroundHouse
22,1774266653.502209,1774266653.643538,1,1,1.0,0,0.0,373.0,,373,373,373.0,0,0,2639.2309283254917,1,1,255.0,,359.0,,1,1,319.0,,1,1.0,1,2015.0,2015.0,2015.0,0,1,0,0,0,0.001976,,0.001976,0.001976,0,0,0,0,0,0,0,0,0,1,0,0,0,314.0,,314.0,314.0,,,,,0,0.001976,,0.001976,0.001976,0,0,0,1,plugOff
23,1774266656.776018,1774266657.284523,3,3,1.0,0,0.0,172.33333333333334,171.71585055938584,60,370,87.0,2,0,1016.7056218864651,2,2,208.33333333333334,80.82903768654761,156.33333333333334,173.70185184198047,2,2,116.33333333333333,173.7018518419805,2,0.6666666666666666,1,22649.0,1941.0,64032.0,0,3,0,0,0,0.04019833333333333,0.034098589213240674,0.014717,0.078934,1,2,0,0,0,0,0,0,0,0,0,0,0,169.5,200.11121907579295,28.0,311.0,0.053984,0.038240334726568494,0.026944,0.081024,2,0.04019833333333333,0.034098589213240674,0.014717,0.078934,0,0,0,2,bulbOn
24,1774266657.284824,1774266657.801434,5,5,1.0,0,0.0,195.0,160.58798211572372,60,371,87.0,3,0,1887.303237001689,2,2,199.0,76.68115805072325,179.8,161.866302855165,2,2,139.8,161.866302855165,4,0.8,1,26757.6,1875.0,64032.0,0,5,0,0,0,0.031242800000000005,0.02661244163356681,0.001234,0.073816,2,3,0,0,0,0,0,0,0,0,0,0,0,169.75,163.67931044168859,28.0,312.0,0.06407875,0.05290457066186879,0.023701,0.135086,4,0.031242800000000005,0.02661244163356681,0.001234,0.073816,0,0,0,4,bulbChange
26,1774266658.0,1774266675.604102,3590,3588,0.9994428969359331,2,0.0005571030640668524,1069.5573816155988,918.075090166378,60,12918,1494.0,1139,2388,218114.56344785617,8,8,60.126740947075206,10.928110955093393,1055.5473537604457,918.086152983046,6,6,1004.0772017837235,918.0716581233899,2460,0.68561872909699,5,2797.938684503902,0.0,65535.0,4,3583,2,2,2,0.0024920236768802228,0.005188676774970178,0.0,0.107543,0,0,0,0,1119,2462,2,4,1,2,0,0,2,4818.637254901961,5155.5306966833805,26.0,16408.0,0.019109851950354615,0.009246226907122217,0.001447,0.239048,1128,0.0024910891861761424,0.005189507563107467,0.0,0.107543,0,2,6,706,outsideDetection
25,1774266661.644491,1774266661.782347,1,1,1.0,0,0.0,372.0,,372,372,372.0,0,0,2698.4678369450544,1,1,255.0,,358.0,,1,1,318.0,,1,1.0,1,1982.0,1982.0,1982.0,0,1,0,0,0,0.054019,,0.054019,0.054019,0,0,0,0,0,0,0,0,0,1,0,0,0,313.0,,313.0,313.0,,,,,0,0.054019,,0.054019,0.054019,0,0,0,1,plugOn
27,1774266687.783564,1774266687.910258,1,1,1.0,0,0.0,373.0,,373,373,373.0,0,0,2944.102372443747,1,1,255.0,,359.0,,1,1,319.0,,1,1.0,1,1949.0,1949.0,1949.0,0,1,0,0,0,0.018196,,0.018196,0.018196,0,0,0,0,0,0,0,0,0,1,0,0,0,314.0,,314.0,314.0,,,,,0,0.018196,,0.018196,0.018196,0,0,0,1,plugOff
28,1774266688.285485,1774266688.56654,3,3,1.0,0,0.0,173.0,172.86700089953547,60,372,87.0,2,0,1846.6138255728138,2,2,208.33333333333334,80.82903768654761,157.0,174.85136545077364,2,2,117.0,174.85136545077364,2,0.6666666666666666,1,23180.666666666668,1987.0,65535.0,0,3,0,0,0,0.042266,0.02072217741937367,0.026223,0.065662,0,0,1,2,0,0,0,0,0,0,0,0,0,170.5,201.52543263816605,28.0,313.0,0.0459425,0.027887584343216247,0.026223,0.065662,2,0.042266,0.02072217741937367,0.026223,0.065662,0,0,0,2,bulbOff
29,1774266692.478677,1774266692.707539,4,4,1.0,0,0.0,243.25,284.05677249451384,60,667,123.0,1,1,4251.4694416288075,2,2,185.0,80.82903768654761,227.75,285.35986052701946,2,2,187.75,285.35986052701946,3,0.75,1,33951.5,2299.0,65535.0,0,4,0,0,0,0.005153,0.003911084419100837,0.001575,0.010155,0,0,0,0,0,0,2,2,0,0,0,0,0,245.33333333333334,314.0785464391564,64.0,608.0,0.0170815,0.015220473465040435,0.006319,0.027844,2,0.005153,0.003911084419100837,0.001575,0.010155,0,0,0,3,movingAroundHouse
30,1774266703.567463,1774266704.127508,3,3,1.0,0,0.0,172.66666666666666,172.2914197902302,60,371,87.0,2,0,924.9256691893015,2,2,208.33333333333334,80.82903768654761,156.66666666666666,174.27660007394374,2,2,116.66666666666667,174.27660007394374,2,0.6666666666666666,1,23158.666666666668,1954.0,65535.0,0,3,0,0,0,0.019565333333333334,0.017262823938548794,0.000564,0.034283,0,0,1,2,0,0,0,0,0,0,0,0,0,170.0,200.8183258569795,28.0,312.0,0.1193835,0.12937437800623428,0.027902,0.210865,2,0.019565333333333334,0.017262823938548794,0.000564,0.034283,0,0,0,2,bulbOn
31,1774266704.127793,1774266704.509353,3,3,1.0,0,0.0,172.33333333333334,171.71585055938584,60,370,87.0,2,0,1354.964369667666,2,2,208.33333333333334,80.82903768654761,156.33333333333334,173.70185184198047,2,2,116.33333333333333,173.7018518419805,2,0.6666666666666666,1,23136.666666666668,1921.0,65535.0,0,3,0,0,0,0.030163333333333334,0.013432080417170431,0.022175,0.045671,0,0,1,2,0,0,0,0,0,0,0,0,0,169.5,200.11121907579295,28.0,311.0,0.033923,0.016614180930759122,0.022175,0.045671,2,0.030163333333333334,0.013432080417170431,0.022175,0.045671,0,0,0,2,bulbChange
32,1774266708.369985,1774266708.598613,4,4,1.0,0,0.0,243.25,284.05677249451384,60,667,123.0,1,1,4255.823170496436,2,2,185.0,80.82903768654761,227.75,285.35986052701946,2,2,187.75,285.35986052701946,3,0.75,1,33848.0,2092.0,65535.0,0,4,0,0,0,0.014504000000000001,0.014103754464680674,0.0018,0.027687,0,0,0,0,0,0,2,2,0,0,0,0,0,245.33333333333334,314.0785464391564,64.0,608.0,0.0142645,0.016169410765392783,0.002831,0.025698,2,0.014504000000000001,0.014103754464680674,0.0018,0.027687,0,0,0,3,movingAroundHouse
33,1774266720.081904,1774266720.325594,1,1,1.0,0,0.0,667.0,,667,667,667.0,0,1,2737.0838442046356,1,1,255.0,,653.0,,1,1,613.0,,1,1.0,1,2023.0,2023.0,2023.0,0,1,0,0,0,0.016669,,0.016669,0.016669,0,0,0,0,0,0,0,1,0,0,0,0,0,608.0,,608.0,608.0,,,,,0,0.016669,,0.016669,0.016669,0,0,0,1,movingAroundHouse
34,1774266725.05079,1774266725.188712,1,1,1.0,0,0.0,373.0,,373,373,373.0,0,0,2704.430862631075,1,1,255.0,,359.0,,1,1,319.0,,1,1.0,1,1883.0,1883.0,1883.0,0,1,0,0,0,0.003202,,0.003202,0.003202,0,0,0,0,0,0,0,0,0,1,0,0,0,314.0,,314.0,314.0,,,,,0,0.003202,,0.003202,0.003202,0,0,0,1,plugOff
35,1774266731.510397,1774266731.78214,1,1,1.0,0,0.0,371.0,,371,371,371.0,0,0,1365.260261473118,1,1,255.0,,357.0,,1,1,317.0,,1,1.0,1,1921.0,1921.0,1921.0,0,1,0,0,0,0.178731,,0.178731,0.178731,0,0,0,1,0,0,0,0,0,0,0,0,0,312.0,,312.0,312.0,,,,,0,0.178731,,0.178731,0.178731,0,0,0,1,bulbChange
36,1774266734.128299,1774266734.454475,3,3,1.0,0,0.0,173.0,172.86700089953547,60,372,87.0,2,0,1591.165856407625,2,2,208.33333333333334,80.82903768654761,157.0,174.85136545077364,2,2,117.0,174.85136545077364,2,0.6666666666666666,1,22583.0,1842.0,64032.0,0,3,0,0,0,0.018171,0.01677287169807246,0.000846,0.034331,1,2,0,0,0,0,0,0,0,0,0,0,0,170.5,201.52543263816605,28.0,313.0,0.043376,0.020299621474303406,0.029022,0.05773,2,0.018171,0.01677287169807246,0.000846,0.034331,0,0,0,2,bulbOff
37,1774266739.189581,1774266739.331988,1,1,1.0,0,0.0,372.0,,372,372,372.0,0,0,2612.2278590789538,1,1,255.0,,358.0,,1,1,318.0,,1,1.0,1,1850.0,1850.0,1850.0,0,1,0,0,0,0.004824,,0.004824,0.004824,0,0,0,0,0,0,0,0,0,1,0,0,0,313.0,,313.0,313.0,,,,,0,0.004824,,0.004824,0.004824,0,0,0,1,plugOn
38,1774266747.45566,1774266747.842655,3,3,1.0,0,0.0,172.66666666666666,172.2914197902302,60,371,87.0,2,0,1338.5191433573973,2,2,208.33333333333334,80.82903768654761,156.66666666666666,174.27660007394374,2,2,116.66666666666667,174.27660007394374,2,0.6666666666666666,1,22561.0,1809.0,64032.0,0,3,0,0,0,0.06173000000000001,0.0397643713768997,0.034715,0.107391,1,2,0,0,0,0,0,0,0,0,0,0,0,170.0,200.8183258569795,28.0,312.0,0.0541865,0.02753685937974772,0.034715,0.073658,2,0.06173000000000001,0.0397643713768997,0.034715,0.107391,0,0,0,2,bulbOn
39,1774266769.782792,1774266769.9437,1,1,1.0,0,0.0,371.0,,371,371,371.0,0,0,2305.6655815628164,1,1,255.0,,357.0,,1,1,317.0,,1,1.0,1,1888.0,1888.0,1888.0,0,1,0,0,0,0.051544,,0.051544,0.051544,0,0,0,1,0,0,0,0,0,0,0,0,0,312.0,,312.0,312.0,,,,,0,0.051544,,0.051544,0.051544,0,0,0,1,bulbChange
40,1774266783.843939,1774266784.209121,3,3,1.0,0,0.0,173.0,172.86700089953547,60,372,87.0,2,0,1421.2094505132914,2,2,208.33333333333334,80.82903768654761,157.0,174.85136545077364,2,2,117.0,174.85136545077364,2,0.6666666666666666,1,23070.666666666668,1822.0,65535.0,0,3,0,0,0,0.04045966666666667,0.02659520966891093,0.022603,0.071025,0,0,1,2,0,0,0,0,0,0,0,0,0,170.5,201.52543263816605,28.0,313.0,0.051999500000000004,0.02690612013092932,0.032974,0.071025,2,0.04045966666666667,0.02659520966891093,0.022603,0.071025,0,0,0,2,bulbOff
41,1774266798.210464,1774266798.705928,3,3,1.0,0,0.0,172.66666666666666,172.2914197902302,60,371,87.0,2,0,1045.4844540299991,2,2,208.33333333333334,80.82903768654761,156.66666666666666,174.27660007394374,2,2,116.66666666666667,174.27660007394374,2,0.6666666666666666,1,23048.666666666668,1789.0,65535.0,0,3,0,0,0,0.020076333333333335,0.011185658243185037,0.011052,0.032591,0,0,1,2,0,0,0,0,0,0,0,0,0,170.0,200.8183258569795,28.0,312.0,0.1299585,0.12078727325550487,0.044549,0.215368,2,0.020076333333333335,0.011185658243185037,0.011052,0.032591,0,0,0,2,bulbOn
42,1774266803.945716,1774266804.162756,3,3,1.0,0,0.0,172.0,171.14029332684925,60,369,87.0,2,0,2377.441267581498,2,2,208.33333333333334,80.82903768654761,156.0,173.1271209256366,2,2,116.0,173.1271209256366,2,0.6666666666666666,1,22539.0,1776.0,64032.0,0,3,0,0,0,0.04635166666666666,0.02981932196300468,0.0257,0.080538,1,2,0,0,0,0,0,0,0,0,0,0,0,169.0,199.4041122946064,28.0,310.0,0.0566775,0.03374384270500323,0.032817,0.080538,2,0.04635166666666666,0.02981932196300468,0.0257,0.080538,0,0,0,2,bulbChange
43,1774266835.706871,1774266835.976879,3,3,1.0,0,0.0,172.33333333333334,171.71585055938584,60,370,87.0,2,0,1914.7591539035493,2,2,208.33333333333334,80.82903768654761,156.33333333333334,173.70185184198047,2,2,116.33333333333333,173.7018518419805,2,0.6666666666666666,1,22899.0,1745.0,64032.0,0,3,0,0,0,0.03248066666666667,0.03319396081116764,0.00257,0.068193,1,2,0,0,0,0,0,0,0,0,0,0,0,169.5,200.11121907579295,28.0,311.0,0.0146245,0.017047637387626477,0.00257,0.026679,2,0.03248066666666667,0.03319396081116764,0.00257,0.068193,0,0,0,2,bulbOff
44,1774266845.978154,1774266846.252175,2,2,1.0,0,0.0,214.5,218.4959953866432,60,369,214.5,1,0,1565.5725919841855,2,2,185.0,98.99494936611666,197.5,222.73863607376248,2,2,157.5,222.73863607376248,1,0.5,1,33476.0,2920.0,64032.0,0,2,0,0,0,0.032492,0.04579647779032794,0.000109,0.064875,1,1,0,0,0,0,0,0,0,0,0,0,0,310.0,,310.0,310.0,0.068484,,0.068484,0.068484,1,0.032492,0.04579647779032794,0.000109,0.064875,0,0,0,1,bulbOn
45,1774266878.253165,1774266878.529435,2,2,1.0,0,0.0,229.0,200.8183258569795,87,371,229.0,1,0,1657.7990541613449,2,2,185.0,98.99494936611666,215.0,200.8183258569795,2,2,175.0,200.8183258569795,2,1.0,1,33443.0,2854.0,64032.0,0,2,0,0,0,0.0159035,0.00304550890657046,0.01375,0.018057,1,1,0,0,0,0,0,0,0,0,0,0,0,170.0,200.8183258569795,28.0,312.0,0.030835,,0.030835,0.030835,1,0.0159035,0.00304550890657046,0.01375,0.018057,0,0,0,2,bulbOff
46,1774266886.530461,1774266886.954019,3,3,1.0,0,0.0,172.33333333333334,171.71585055938584,60,370,87.0,2,0,1220.61206249708,2,2,208.33333333333334,80.82903768654761,156.33333333333334,173.70185184198047,2,2,116.33333333333333,173.7018518419805,2,0.6666666666666666,1,23213.666666666668,2788.0,64032.0,0,3,0,0,0,0.052922000000000004,0.061641941914576316,0.015995,0.124083,1,2,0,0,0,0,0,0,0,0,0,0,0,169.5,200.11121907579295,28.0,311.0,0.1253255,0.14083940735639297,0.025737,0.224914,2,0.052922000000000004,0.061641941914576316,0.015995,0.124083,0,0,0,2,bulbOn
47,1774266886.954677,1774266887.998168,6,6,1.0,0,0.0,172.5,153.84505191913064,60,371,87.0,4,0,991.8629987127341,2,2,208.33333333333334,72.29568912920512,156.5,155.62101400517864,2,2,116.5,155.62101400517864,4,0.6666666666666666,1,23180.666666666668,2722.0,64032.0,0,6,0,0,0,0.02326583333333333,0.035481350951826314,0.000268,0.093581,2,4,0,0,0,0,0,0,0,0,0,0,0,169.75,163.67931044168859,28.0,312.0,0.03558125,0.03370573054516596,0.004603,0.083452,4,0.02326583333333333,0.035481350951826314,0.000268,0.093581,0,0,0,4,bulbChange
48,1774266915.956249,1774266916.31465,3,3,1.0,0,0.0,173.0,172.86700089953547,60,372,87.0,2,0,1448.0983952694276,2,2,208.33333333333334,80.82903768654761,157.0,174.85136545077364,2,2,117.0,174.85136545077364,2,0.6666666666666666,1,23404.333333333332,1758.0,65535.0,0,3,0,0,0,0.028473000000000002,0.029748446463639076,0.002514,0.060935,0,0,1,2,0,0,0,0,0,0,0,0,0,170.5,201.52543263816605,28.0,313.0,0.014137499999999999,0.01643811134224367,0.002514,0.025761,2,0.028473000000000002,0.029748446463639076,0.002514,0.060935,0,0,0,2,bulbOff
49,1774266922.695706,1774266922.924247,4,4,1.0,0,0.0,243.25,284.05677249451384,60,667,123.0,1,1,4257.439242372239,2,2,185.0,80.82903768654761,227.75,285.35986052701946,2,2,187.75,285.35986052701946,3,0.75,1,34193.0,2782.0,65535.0,0,4,0,0,0,0.01922675,0.03058493339729003,1e-06,0.064781,0,0,0,0,0,0,2,2,0,0,0,0,0,245.33333333333334,314.0785464391564,64.0,608.0,0.012248499999999999,0.012608421015337328,0.003333,0.021164,2,0.01922675,0.03058493339729003,1e-06,0.064781,0,0,0,3,movingAroundHouse
53,1774266927.0,1774266941.73166,3386,3378,0.997637330183107,8,0.002362669816893089,1008.854695806261,762.7413512037622,60,12918,1494.0,1099,2216,231880.31937252323,8,9,60.86828115770821,14.488127400309656,994.8422917897224,762.7568349749346,6,6,945.0793368857312,762.2776079199692,2294,0.6791000592066312,5,2735.2877442273534,0.0,65535.0,4,3374,2,3,3,0.002711947430596574,0.0053183558285106935,0.0,0.080707,0,0,2,4,1074,2292,4,10,0,0,0,0,2,4809.574730354391,4927.785746051678,26.0,16408.0,0.019410559040590407,0.010678903296547339,0.000906,0.252634,1084,0.002697603019538188,0.005273792485426909,0.0,0.080707,0,2,6,641,outsideDetection
50,1774266927.315401,1774266927.728374,5,3,0.6,2,0.4,131.6,134.18010284688262,60,371,70.0,4,0,1593.3247843411652,3,3,227.0,62.609903369994115,116.4,135.004814728957,2,2,116.66666666666667,174.27660007394374,2,0.6666666666666666,1,23780.666666666668,2887.0,65535.0,0,3,0,1,1,0.021831,0.02315884884876621,0.002251,0.059255,0,0,1,2,0,0,0,2,0,0,0,0,0,170.0,200.8183258569795,28.0,312.0,0.129246,0.14608684677957834,0.025947,0.232545,2,0.029151,0.02863674590451925,0.002251,0.059255,0,0,0,2,bulbOn
51,1774266927.728648,1774266927.846123,1,1,1.0,0,0.0,370.0,,370,370,370.0,0,0,3149.6054196449954,1,1,255.0,,356.0,,1,1,316.0,,1,1.0,1,2887.0,2887.0,2887.0,0,1,0,0,0,0.080707,,0.080707,0.080707,0,0,0,1,0,0,0,0,0,0,0,0,0,311.0,,311.0,311.0,,,,,0,0.080707,,0.080707,0.080707,0,0,0,1,bulbChange
52,1774266938.2429,1774266938.470992,63,63,1.0,0,0.0,875.3809523809524,691.1566842706375,60,1982,1494.0,22,38,241783.81175053937,4,4,68.36507936507937,36.57616956756864,861.1904761904761,691.3857953215052,3,3,810.1428571428571,690.4537044381399,41,0.6507936507936508,2,5585.222222222223,1342.0,65535.0,0,63,0,0,0,0.0020392380952380953,0.004083032936252823,0.0,0.024145,0,0,0,0,20,38,3,2,0,0,0,0,0,3811.230769230769,5011.44508689603,64.0,16408.0,0.0205605,0.004157648313650398,0.007591,0.026975,22,0.0020392380952380953,0.004083032936252823,0.0,0.024145,0,0,0,13,movingAroundHouse
54,1774266955.847253,1774266955.989951,1,1,1.0,0,0.0,371.0,,371,371,371.0,0,0,2599.8997256557027,1,1,255.0,,357.0,,1,1,317.0,,1,1.0,1,2722.0,2722.0,2722.0,0,1,0,0,0,0.000542,,0.000542,0.000542,0,1,0,0,0,0,0,0,0,0,0,0,0,312.0,,312.0,312.0,,,,,0,0.000542,,0.000542,0.000542,0,0,0,1,bulbChange
4147,1774445515.351628,1774445515.486634,2,1,0.5,1,0.5,221.0,213.54624791833734,70,372,221.0,1,0,3273.929756152694,2,2,255.0,0.0,207.0,213.54624791833734,1,1,318.0,,1,1.0,1,2854.0,2854.0,2854.0,0,1,0,1,1,0.000975,0.0010309616869699863,0.000246,0.001704,0,0,0,0,0,0,0,1,0,1,0,0,0,313.0,,313.0,313.0,,,,,0,0.001704,,0.001704,0.001704,0,0,0,1,plugOn
4148,1774445553.887786,1774445554.924395,8,8,1.0,0,0.0,219.5,240.71263246570885,60,742,87.0,5,1,1693.9846241387131,2,2,185.0,74.83314773547883,204.0,241.8618259609045,2,2,164.0,241.8618259609045,6,0.75,1,33979.0,2357.0,65535.0,0,8,0,0,0,0.009757374999999999,0.014065950254197953,1e-06,0.032624,4,4,0,0,0,0,0,0,0,0,0,0,0,119.8,135.4887449200117,28.0,329.0,0.0323122,0.03653320931289777,0.005673,0.094333,5,0.009757374999999999,0.014065950254197953,1e-06,0.032624,0,0,0,5,alexaBulbOff
4149,1774445563.623823,1774445563.773996,1,1,1.0,0,0.0,372.0,,372,372,372.0,0,0,2477.1399395432722,1,1,255.0,,358.0,,1,1,318.0,,1,1.0,1,2788.0,2788.0,2788.0,0,1,0,0,0,0.003366,,0.003366,0.003366,0,0,0,0,0,0,0,0,0,1,0,0,0,313.0,,313.0,313.0,,,,,0,0.003366,,0.003366,0.003366,0,0,0,1,plugOn
4150,1774445576.71321,1774445577.753753,11,8,0.7272727272727273,3,0.2727272727272727,175.9090909090909,205.01534310653656,60,711,87.0,8,1,1859.6062784105686,3,3,204.0909090909091,70.63349707533183,160.8181818181818,205.70698489930683,2,2,160.125,232.32762427227632,6,0.75,1,33762.5,1924.0,65535.0,0,8,0,1,1,0.03319345454545455,0.052325572110324105,0.0,0.172738,4,4,0,0,0,0,0,3,0,0,0,0,0,208.5,248.7808272355408,28.0,652.0,0.013345,0.010642660734045786,0.002371,0.02641,5,0.012507125,0.011469012156209693,0.0,0.028353,0,0,0,6,alexaBulbOn
4151,1774445577.0,1774445590.10449,2643,2631,0.9954597048808173,12,0.004540295119182747,1013.5081346954219,812.1441715626254,60,11490,1494.0,880,1690,204411.006568692,11,11,60.475595913734395,12.02088102414639,999.4922436625047,812.1628940436708,6,6,951.61611554542,811.7115556248211,1765,0.6708475864690232,5,2686.587229190422,0.0,65535.0,6,2623,4,4,4,0.0029842360953461974,0.006615788982099462,0.0,0.172738,4,4,0,0,860,1773,0,2,0,0,0,0,3,4060.2946273830157,4174.017306153843,26.0,16408.0,0.01839649710312862,0.005393420611538936,0.00124,0.067089,863,0.0028837924743443555,0.005501100822524372,0.0,0.062412,0,4,9,564,outsideDetection
4152,1774445600.774839,1774445600.915095,1,1,1.0,0,0.0,373.0,,373,373,373.0,0,0,2659.4196135493994,1,1,255.0,,359.0,,1,1,319.0,,1,1.0,1,2755.0,2755.0,2755.0,0,1,0,0,0,0.009376,,0.009376,0.009376,0,0,0,0,0,0,0,0,0,1,0,0,0,314.0,,314.0,314.0,,,,,0,0.009376,,0.009376,0.009376,0,0,0,1,plugOff
4153,1774445608.915892,1774445609.05818,1,1,1.0,0,0.0,372.0,,372,372,372.0,0,0,2614.4120107238605,1,1,255.0,,358.0,,1,1,318.0,,1,1.0,1,2722.0,2722.0,2722.0,0,1,0,0,0,0.030914,,0.030914,0.030914,0,0,0,0,0,0,0,0,0,1,0,0,0,313.0,,313.0,313.0,,,,,0,0.030914,,0.030914,0.030914,0,0,0,1,plugOn
4154,1774445625.733218,1774445626.853335,4,4,1.0,0,0.0,270.25,290.8463225370631,60,689,166.0,2,1,965.0777991409739,2,2,185.0,80.82903768654761,254.75,292.303922883928,2,2,214.75,292.303922883928,3,0.75,1,34227.5,2920.0,65535.0,0,4,0,0,0,0.020091750000000002,0.014870069902884342,0.00379,0.03774,2,2,0,0,0,0,0,0,0,0,0,0,0,281.3333333333333,312.11749924240604,28.0,630.0,0.0148685,0.015667364950750336,0.00379,0.025947,2,0.020091750000000002,0.014870069902884342,0.00379,0.03774,0,0,0,3,alexaBulbChange
4155,1774445636.059587,1774445636.2002,1,1,1.0,0,0.0,373.0,,373,373,373.0,0,0,2652.6693140084167,1,1,255.0,,359.0,,1,1,319.0,,1,1.0,1,2658.0,2658.0,2658.0,0,1,0,0,0,0.040177,,0.040177,0.040177,0,0,0,0,0,0,0,0,0,1,0,0,0,314.0,,314.0,314.0,,,,,0,0.040177,,0.040177,0.040177,0,0,0,1,plugOff
4156,1774445651.201681,1774445651.342398,1,1,1.0,0,0.0,372.0,,372,372,372.0,0,0,2643.6032734111586,1,1,255.0,,358.0,,1,1,318.0,,1,1.0,1,2625.0,2625.0,2625.0,0,1,0,0,0,0.100211,,0.100211,0.100211,0,0,0,0,0,0,0,0,0,1,0,0,0,313.0,,313.0,313.0,,,,,0,0.100211,,0.100211,0.100211,0,0,0,1,plugOn
4157,1774445666.236268,1774445667.265762,7,7,1.0,0,0.0,241.42857142857142,248.5148266152727,60,736,87.0,4,1,1641.5830714650797,2,2,175.0,74.83314773547883,226.57142857142858,249.2541254375122,2,2,186.57142857142858,249.2541254375122,6,0.8571428571428571,1,38495.57142857143,2388.0,65535.0,0,7,0,0,0,0.015657714285714285,0.013338671994296456,1e-06,0.033227,4,3,0,0,0,0,0,0,0,0,0,0,0,119.8,135.4887449200117,28.0,329.0,0.0301638,0.03636204462348068,0.002488,0.092018,5,0.015657714285714285,0.013338671994296456,1e-06,0.033227,0,0,0,5,alexaBulbOff
4158,1774445688.343114,1774445688.485231,1,1,1.0,0,0.0,373.0,,373,373,373.0,0,0,2624.597609053788,1,1,255.0,,359.0,,1,1,319.0,,1,1.0,1,2592.0,2592.0,2592.0,0,1,0,0,0,0.002453,,0.002453,0.002453,0,0,0,0,0,0,0,0,0,1,0,0,0,314.0,,314.0,314.0,,,,,0,0.002453,,0.002453,0.002453,0,0,0,1,plugOff
4159,1774445696.486552,1774445696.626154,1,1,1.0,0,0.0,372.0,,372,372,372.0,0,0,2664.719303608849,1,1,255.0,,358.0,,1,1,318.0,,1,1.0,1,2559.0,2559.0,2559.0,0,1,0,0,0,0.006108,,0.006108,0.006108,0,0,0,0,0,0,0,0,0,1,0,0,0,313.0,,313.0,313.0,,,,,0,0.006108,,0.006108,0.006108,0,0,0,1,plugOn
4160,1774445708.603961,1774445709.638581,7,7,1.0,0,0.0,237.0,238.29883200161376,60,705,87.0,4,1,1603.487198442405,2,2,175.0,74.83314773547883,222.14285714285714,239.051199935236,2,2,182.14285714285714,239.051199935236,6,0.8571428571428571,1,38310.0,1955.0,65535.0,0,7,0,0,0,0.026302857142857145,0.03492378273435154,1e-06,0.097705,4,3,0,0,0,0,0,0,0,0,0,0,0,207.5,246.64448098427016,28.0,646.0,0.033609999999999994,0.036582870363053806,0.006631,0.097705,5,0.026302857142857145,0.03492378273435154,1e-06,0.097705,0,0,0,6,alexaBulbOn
4161,1774445737.75868,1774445737.902009,1,1,1.0,0,0.0,372.0,,372,372,372.0,0,0,2595.429021982318,1,1,255.0,,358.0,,1,1,318.0,,1,1.0,1,2493.0,2493.0,2493.0,0,1,0,0,0,0.000123,,0.000123,0.000123,0,0,0,0,0,0,0,0,0,1,0,0,0,313.0,,313.0,313.0,,,,,0,0.000123,,0.000123,0.000123,0,0,0,1,plugOn
4162,1774445767.903031,1774445768.044822,1,1,1.0,0,0.0,373.0,,373,373,373.0,0,0,2630.6348799591065,1,1,255.0,,359.0,,1,1,319.0,,1,1.0,1,2460.0,2460.0,2460.0,0,1,0,0,0,0.002387,,0.002387,0.002387,0,0,0,0,0,0,0,0,0,1,0,0,0,314.0,,314.0,314.0,,,,,0,0.002387,,0.002387,0.002387,0,0,0,1,plugOff
4163,1774445778.045939,1774445778.185937,1,1,1.0,0,0.0,372.0,,372,372,372.0,0,0,2657.1815924549637,1,1,255.0,,358.0,,1,1,318.0,,1,1.0,1,2427.0,2427.0,2427.0,0,1,0,0,0,0.003169,,0.003169,0.003169,0,0,0,0,0,0,0,0,0,1,0,0,0,313.0,,313.0,313.0,,,,,0,0.003169,,0.003169,0.003169,0,0,0,1,plugOn
4164,1774445798.188095,1774445798.337364,1,1,1.0,0,0.0,373.0,,373,373,373.0,0,0,2498.8466183979976,1,1,255.0,,359.0,,1,1,319.0,,1,1.0,1,2394.0,2394.0,2394.0,0,1,0,0,0,0.1443,,0.1443,0.1443,0,0,0,0,0,0,0,0,0,1,0,0,0,314.0,,314.0,314.0,,,,,0,0.1443,,0.1443,0.1443,0,0,0,1,plugOff
4165,1774445810.338698,1774445810.481711,1,1,1.0,0,0.0,372.0,,372,372,372.0,0,0,2601.162123232862,1,1,255.0,,358.0,,1,1,318.0,,1,1.0,1,2361.0,2361.0,2361.0,0,1,0,0,0,0.046656,,0.046656,0.046656,0,0,0,0,0,0,0,0,0,1,0,0,0,313.0,,313.0,313.0,,,,,0,0.046656,,0.046656,0.046656,0,0,0,1,plugOn
4166,1774445830.482906,1774445830.632036,1,1,1.0,0,0.0,373.0,,373,373,373.0,0,0,2501.1756941691074,1,1,255.0,,359.0,,1,1,319.0,,1,1.0,1,2297.0,2297.0,2297.0,0,1,0,0,0,0.001833,,0.001833,0.001833,0,0,0,0,0,0,0,0,0,1,0,0,0,314.0,,314.0,314.0,,,,,0,0.001833,,0.001833,0.001833,0,0,0,1,plugOff
4167,1774445834.025031,1774445835.061055,7,7,1.0,0,0.0,257.14285714285717,262.7212899452121,60,738,87.0,4,1,1737.411731350792,2,2,175.0,74.83314773547883,242.28571428571428,263.48036883590544,2,2,202.28571428571428,263.48036883590544,6,0.8571428571428571,1,38449.28571428572,2280.0,65535.0,0,7,0,0,0,0.010843999999999998,0.017726434666903546,0.0,0.050764,4,3,0,0,0,0,0,0,0,0,0,0,0,141.4,178.84853927276006,28.0,437.0,0.03539099999999999,0.0457213932639853,0.003857,0.114589,5,0.010843999999999998,0.017726434666903546,0.0,0.050764,0,0,0,5,alexaBulbChange
4168,1774445873.771114,1774445873.914324,1,1,1.0,0,0.0,373.0,,373,373,373.0,0,0,2604.5679162795964,1,1,255.0,,359.0,,1,1,319.0,,1,1.0,1,2231.0,2231.0,2231.0,0,1,0,0,0,0.015171,,0.015171,0.015171,0,0,0,0,0,0,0,0,0,1,0,0,0,314.0,,314.0,314.0,,,,,0,0.015171,,0.015171,0.015171,0,0,0,1,plugOff
4169,1774445881.914828,1774445882.05014,1,1,1.0,0,0.0,372.0,,372,372,372.0,0,0,2749.2050555116034,1,1,255.0,,358.0,,1,1,318.0,,1,1.0,1,2198.0,2198.0,2198.0,0,1,0,0,0,0.123084,,0.123084,0.123084,0,0,0,0,0,0,0,0,0,1,0,0,0,313.0,,313.0,313.0,,,,,0,0.123084,,0.123084,0.123084,0,0,0,1,plugOn
4170,1774445893.182543,1774445894.211626,8,8,1.0,0,0.0,255.25,285.9089515412705,60,730,87.0,5,2,1984.2908425690878,2,2,185.0,74.83314773547883,239.75,287.0907024418789,2,2,199.75,287.0907024418789,6,0.75,1,34211.0,2821.0,65535.0,0,8,0,0,0,0.005173624999999999,0.01014218288616551,0.0,0.02932,4,4,0,0,0,0,0,0,0,0,0,0,0,179.4,259.400848109639,28.0,627.0,0.0141042,0.013704412107055157,0.002488,0.030635,5,0.005173624999999999,0.01014218288616551,0.0,0.02932,0,0,0,5,alexaBulbChange
4171,1774445921.050751,1774445921.195619,1,1,1.0,0,0.0,373.0,,373,373,373.0,0,0,2574.7553030589793,1,1,255.0,,359.0,,1,1,319.0,,1,1.0,1,2165.0,2165.0,2165.0,0,1,0,0,0,0.059654,,0.059654,0.059654,0,0,0,0,0,0,0,0,0,1,0,0,0,314.0,,314.0,314.0,,,,,0,0.059654,,0.059654,0.059654,0,0,0,1,plugOff
4172,1774445929.197748,1774445929.340712,1,1,1.0,0,0.0,372.0,,372,372,372.0,0,0,2602.0513945983807,1,1,255.0,,358.0,,1,1,318.0,,1,1.0,1,2132.0,2132.0,2132.0,0,1,0,0,0,0.002486,,0.002486,0.002486,0,0,0,0,0,0,0,0,0,1,0,0,0,313.0,,313.0,313.0,,,,,0,0.002486,,0.002486,0.002486,0,0,0,1,plugOn
4173,1774445969.341781,1774445969.476697,1,1,1.0,0,0.0,373.0,,373,373,373.0,0,0,2764.6818348092083,1,1,255.0,,359.0,,1,1,319.0,,1,1.0,1,2099.0,2099.0,2099.0,0,1,0,0,0,0.003044,,0.003044,0.003044,0,0,0,0,0,0,0,0,0,1,0,0,0,314.0,,314.0,314.0,,,,,0,0.003044,,0.003044,0.003044,0,0,0,1,plugOff
4174,1774445974.078355,1774445975.108958,8,8,1.0,0,0.0,214.625,228.71500512959042,60,703,87.0,5,1,1666.015054612181,2,2,185.0,74.83314773547883,199.125,229.88782202258065,2,2,159.125,229.88782202258065,6,0.75,1,33979.0,2357.0,65535.0,0,8,0,0,0,0.020213875,0.02939005235710837,0.0,0.087,4,4,0,0,0,0,0,0,0,0,0,0,0,207.16666666666666,245.9336631424553,28.0,644.0,0.0320756,0.0398240152018854,0.002455,0.099629,5,0.020213875,0.02939005235710837,0.0,0.087,0,0,0,6,alexaBulbOff
4175,1774445976.477582,1774445976.622175,1,1,1.0,0,0.0,372.0,,372,372,372.0,0,0,2572.7386453013933,1,1,255.0,,358.0,,1,1,318.0,,1,1.0,1,2066.0,2066.0,2066.0,0,1,0,0,0,0.047354,,0.047354,0.047354,0,0,0,0,0,0,0,0,0,1,0,0,0,313.0,,313.0,313.0,,,,,0,0.047354,,0.047354,0.047354,0,0,0,1,plugOn
4176,1774446003.623909,1774446003.761065,1,1,1.0,0,0.0,373.0,,373,373,373.0,0,0,2719.5308531239025,1,1,255.0,,359.0,,1,1,319.0,,1,1.0,1,2033.0,2033.0,2033.0,0,1,0,0,0,0.039922,,0.039922,0.039922,0,0,0,0,0,0,0,0,0,1,0,0,0,314.0,,314.0,314.0,,,,,0,0.039922,,0.039922,0.039922,0,0,0,1,plugOff
4177,1774446011.761871,1774446011.906957,2,1,0.5,1,0.5,221.0,213.54624791833734,70,372,221.0,1,0,3046.472946458209,2,2,255.0,0.0,207.0,213.54624791833734,1,1,318.0,,1,1.0,1,1969.0,1969.0,1969.0,0,1,0,1,1,0.00048249999999999996,0.0004518412331782039,0.000163,0.000802,0,0,0,0,0,0,0,1,0,1,0,0,0,313.0,,313.0,313.0,,,,,0,0.000163,,0.000163,0.000163,0,0,0,1,plugOn
4178,1774446039.428594,1774446040.46544,7,7,1.0,0,0.0,240.57142857142858,246.52711625218646,60,730,87.0,4,1,1624.1564571023077,2,2,175.0,74.83314773547883,225.71428571428572,247.2688916178191,2,2,185.71428571428572,247.2688916178191,6,0.8571428571428571,1,38296.71428571428,1924.0,65535.0,0,7,0,0,0,0.022991571428571427,0.032048362323511125,0.0,0.092065,4,3,0,0,0,0,0,0,0,0,0,0,0,119.8,135.4887449200117,28.0,329.0,0.0290612,0.03672754998226808,0.00261,0.092065,5,0.022991571428571427,0.032048362323511125,0.0,0.092065,0,0,0,5,alexaBulbOn
4179,1774446050.907852,1774446051.045558,1,1,1.0,0,0.0,373.0,,373,373,373.0,0,0,2708.6683807119693,1,1,255.0,,359.0,,1,1,319.0,,1,1.0,1,1936.0,1936.0,1936.0,0,1,0,0,0,0.018983,,0.018983,0.018983,0,0,0,0,0,0,0,0,0,1,0,0,0,314.0,,314.0,314.0,,,,,0,0.018983,,0.018983,0.018983,0,0,0,1,plugOff
4180,1774446065.046305,1774446065.191083,1,1,1.0,0,0.0,372.0,,372,372,372.0,0,0,2569.450924918031,1,1,255.0,,358.0,,1,1,318.0,,1,1.0,1,1903.0,1903.0,1903.0,0,1,0,0,0,0.000391,,0.000391,0.000391,0,0,0,0,0,0,0,0,0,1,0,0,0,313.0,,313.0,313.0,,,,,0,0.000391,,0.000391,0.000391,0,0,0,1,plugOn
4181,1774446087.191473,1774446087.344315,1,1,1.0,0,0.0,373.0,,373,373,373.0,0,0,2440.4279621755013,1,1,255.0,,359.0,,1,1,319.0,,1,1.0,1,1870.0,1870.0,1870.0,0,1,0,0,0,0.000193,,0.000193,0.000193,0,0,0,0,0,0,0,0,0,1,0,0,0,314.0,,314.0,314.0,,,,,0,0.000193,,0.000193,0.000193,0,0,0,1,plugOff
4182,1774446099.345229,1774446099.488046,1,1,1.0,0,0.0,372.0,,372,372,372.0,0,0,2604.731557315473,1,1,255.0,,358.0,,1,1,318.0,,1,1.0,1,1837.0,1837.0,1837.0,0,1,0,0,0,0.002043,,0.002043,0.002043,0,0,0,0,0,0,0,0,0,1,0,0,0,313.0,,313.0,313.0,,,,,0,0.002043,,0.002043,0.002043,0,0,0,1,plugOn
4183,1774446136.488762,1774446136.626003,2,1,0.5,1,0.5,221.5,214.2533546995239,70,373,221.5,1,0,3227.895426062877,2,2,255.0,0.0,207.5,214.2533546995239,1,1,319.0,,1,1.0,1,1804.0,1804.0,1804.0,0,1,0,1,1,0.02161,0.024538019520735574,0.004259,0.038961,0,0,0,0,0,0,0,1,0,1,0,0,0,314.0,,314.0,314.0,,,,,0,0.004259,,0.004259,0.004259,0,0,0,1,plugOff
4184,1774446144.626768,1774446144.77219,1,1,1.0,0,0.0,372.0,,372,372,372.0,0,0,2558.0726886402686,1,1,255.0,,358.0,,1,1,318.0,,1,1.0,1,1771.0,1771.0,1771.0,0,1,0,0,0,0.002642,,0.002642,0.002642,0,0,0,0,0,0,0,0,0,1,0,0,0,313.0,,313.0,313.0,,,,,0,0.002642,,0.002642,0.002642,0,0,0,1,plugOn
4185,1774446146.211754,1774446147.24767,8,8,1.0,0,0.0,232.5,253.02230280013995,60,738,87.0,5,1,1795.5126346794643,2,2,185.0,74.83314773547883,217.0,254.2035180154448,2,2,177.0,254.2035180154448,6,0.75,1,33940.5,2280.0,65535.0,0,8,0,0,0,0.01659,0.027440707565846142,0.0,0.079065,4,4,0,0,0,0,0,0,0,0,0,0,0,141.4,178.84853927276006,28.0,437.0,0.0512512,0.041512468304113155,0.007162,0.099711,5,0.01659,0.027440707565846142,0.0,0.079065,0,0,0,5,alexaBulbChange
4186,1774446183.9086,1774446184.054108,1,1,1.0,0,0.0,372.0,,372,372,372.0,0,0,2556.5637583892617,1,1,255.0,,358.0,,1,1,318.0,,1,1.0,1,2887.0,2887.0,2887.0,0,1,0,0,0,0.004452,,0.004452,0.004452,0,0,0,0,0,0,0,0,0,1,0,0,0,313.0,,313.0,313.0,,,,,0,0.004452,,0.004452,0.004452,0,0,0,1,plugOn
4187,1774446214.054966,1774446214.194579,1,1,1.0,0,0.0,373.0,,373,373,373.0,0,0,2671.672638533827,1,1,255.0,,359.0,,1,1,319.0,,1,1.0,1,2823.0,2823.0,2823.0,0,1,0,0,0,0.015168,,0.015168,0.015168,0,0,0,0,0,0,0,0,0,1,0,0,0,314.0,,314.0,314.0,,,,,0,0.015168,,0.015168,0.015168,0,0,0,1,plugOff
4188,1774446223.195483,1774446223.340497,1,1,1.0,0,0.0,372.0,,372,372,372.0,0,0,2565.26871774468,1,1,255.0,,358.0,,1,1,318.0,,1,1.0,1,2790.0,2790.0,2790.0,0,1,0,0,0,0.014161,,0.014161,0.014161,0,0,0,0,0,0,0,0,0,1,0,0,0,313.0,,313.0,313.0,,,,,0,0.014161,,0.014161,0.014161,0,0,0,1,plugOn
4189,1774446254.34109,1774446254.486163,1,1,1.0,0,0.0,373.0,,373,373,373.0,0,0,2571.120483828556,1,1,255.0,,359.0,,1,1,319.0,,1,1.0,1,2757.0,2757.0,2757.0,0,1,0,0,0,0.083514,,0.083514,0.083514,0,0,0,0,0,0,0,0,0,1,0,0,0,314.0,,314.0,314.0,,,,,0,0.083514,,0.083514,0.083514,0,0,0,1,plugOff
4190,1774446261.486672,1774446261.631978,2,1,0.5,1,0.5,221.0,213.54624791833734,70,372,221.0,1,0,3041.8541851940577,2,2,255.0,0.0,207.0,213.54624791833734,1,1,318.0,,1,1.0,1,2724.0,2724.0,2724.0,0,1,0,1,1,0.0367725,0.04402800373058038,0.00564,0.067905,0,0,0,0,0,0,0,1,0,1,0,0,0,313.0,,313.0,313.0,,,,,0,0.067905,,0.067905,0.067905,0,0,0,1,plugOn
4191,1774446271.692067,1774446272.726116,7,7,1.0,0,0.0,242.0,249.84261712792983,60,740,87.0,4,1,1638.2201850261788,2,2,175.0,74.83314773547883,227.14285714285714,250.58027893367066,2,2,187.14285714285714,250.58027893367066,6,0.8571428571428571,1,38250.42857142857,1816.0,65535.0,0,7,0,0,0,0.013321142857142856,0.012856259635271986,0.0,0.031583,4,3,0,0,0,0,0,0,0,0,0,0,0,119.8,135.4887449200117,28.0,329.0,0.0314944,0.03791813780765085,0.003499,0.096821,5,0.013321142857142856,0.012856259635271986,0.0,0.031583,0,0,0,5,alexaBulbOff
4192,1774446294.633277,1774446294.775052,1,1,1.0,0,0.0,373.0,,373,373,373.0,0,0,2630.926854206186,1,1,255.0,,359.0,,1,1,319.0,,1,1.0,1,2691.0,2691.0,2691.0,0,1,0,0,0,0.041794,,0.041794,0.041794,0,0,0,0,0,0,0,0,0,1,0,0,0,314.0,,314.0,314.0,,,,,0,0.041794,,0.041794,0.041794,0,0,0,1,plugOff
4193,1774446301.77583,1774446301.921513,1,1,1.0,0,0.0,372.0,,372,372,372.0,0,0,2553.488546557585,1,1,255.0,,358.0,,1,1,318.0,,1,1.0,1,2658.0,2658.0,2658.0,0,1,0,0,0,0.004261,,0.004261,0.004261,0,0,0,0,0,0,0,0,0,1,0,0,0,313.0,,313.0,313.0,,,,,0,0.004261,,0.004261,0.004261,0,0,0,1,plugOn
4194,1774446329.749298,1774446330.778536,8,8,1.0,0,0.0,219.0,239.47323142979587,60,738,87.0,5,1,1702.2302173971962,2,2,185.0,74.83314773547883,203.5,240.62478200361184,2,2,163.5,240.62478200361184,6,0.75,1,34211.0,2821.0,65535.0,0,8,0,0,0,0.0036228750000000002,0.0028004002998295997,0.0,0.009028,4,4,0,0,0,0,0,0,0,0,0,0,0,119.8,135.4887449200117,28.0,329.0,0.0128942,0.00958314557961007,0.004266,0.023501,5,0.0036228750000000002,0.0028004002998295997,0.0,0.009028,0,0,0,5,alexaBulbOn
4195,1774446336.922412,1774446337.066395,1,1,1.0,0,0.0,373.0,,373,373,373.0,0,0,2590.58134917678,1,1,255.0,,359.0,,1,1,319.0,,1,1.0,1,2625.0,2625.0,2625.0,0,1,0,0,0,0.029132,,0.029132,0.029132,0,0,0,0,0,0,0,0,0,1,0,0,0,314.0,,314.0,314.0,,,,,0,0.029132,,0.029132,0.029132,0,0,0,1,plugOff
4196,1774446349.067107,1774446349.207608,1,1,1.0,0,0.0,372.0,,372,372,372.0,0,0,2647.6675671639764,1,1,255.0,,358.0,,1,1,318.0,,1,1.0,1,2592.0,2592.0,2592.0,0,1,0,0,0,0.0509,,0.0509,0.0509,0,0,0,0,0,0,0,0,0,1,0,0,0,313.0,,313.0,313.0,,,,,0,0.0509,,0.0509,0.0509,0,0,0,1,plugOn
4197,1774446369.146352,1774446370.320925,6,6,1.0,0,0.0,267.5,248.7808272355408,87,711,166.0,3,1,1366.4540864172573,2,2,161.66666666666666,72.29568912920512,253.5,248.7808272355408,2,2,213.5,248.7808272355408,6,1.0,1,44503.166666666664,2423.0,65535.0,0,6,0,0,0,0.0112325,0.011002128298652039,0.0,0.023522,4,2,0,0,0,0,0,0,0,0,0,0,0,208.5,248.7808272355408,28.0,652.0,0.0382435,0.041339790472779775,0.00236,0.097767,4,0.0112325,0.011002128298652039,0.0,0.023522,0,0,0,6,alexaBulbOff
4198,1774446378.208434,1774446378.351747,1,1,1.0,0,0.0,373.0,,373,373,373.0,0,0,2602.696052889878,1,1,255.0,,359.0,,1,1,319.0,,1,1.0,1,2559.0,2559.0,2559.0,0,1,0,0,0,0.028643,,0.028643,0.028643,0,0,0,0,0,0,0,0,0,1,0,0,0,314.0,,314.0,314.0,,,,,0,0.028643,,0.028643,0.028643,0,0,0,1,plugOff
4199,1774446389.352726,1774446389.494022,1,1,1.0,0,0.0,372.0,,372,372,372.0,0,0,2632.7725997995403,1,1,255.0,,358.0,,1,1,318.0,,1,1.0,1,2526.0,2526.0,2526.0,0,1,0,0,0,0.001104,,0.001104,0.001104,0,0,0,0,0,0,0,0,0,1,0,0,0,313.0,,313.0,313.0,,,,,0,0.001104,,0.001104,0.001104,0,0,0,1,plugOn
4200,1774446395.157215,1774446396.195754,10,10,1.0,0,0.0,187.2,221.5805847892715,60,738,87.0,7,1,1802.532327750469,2,2,171.0,72.29568912920512,170.8,223.12766649511568,2,2,130.8,223.12766649511568,6,0.6,1,40113.7,1924.0,65535.0,0,10,0,0,0,0.0201286,0.025919506486213988,0.0,0.073279,6,4,0,0,0,0,0,0,0,0,0,0,0,119.8,135.4887449200117,28.0,329.0,0.08732980000000001,0.09782501713109996,0.003716,0.251163,5,0.0201286,0.025919506486213988,0.0,0.073279,0,0,0,5,alexaBulbOn
4201,1774446400.0,1774446414.196653,3198,3196,0.9993746091307066,2,0.0006253908692933083,1012.8708567854909,802.4644858607949,60,12195,1494.0,1068,2065,228163.71050759224,7,7,60.28455284552845,8.279694985280953,998.8614759224515,802.4756634169979,5,5,947.4314768460575,802.402053460112,2136,0.6683354192740926,4,2717.6398623279097,0.0,65535.0,4,3191,2,2,2,0.0029103952470293936,0.005467644299735406,0.0,0.094185,0,0,0,0,1054,2140,0,0,2,2,0,0,2,4370.609467455622,4089.341481877801,4.0,16408.0,0.01621433270321361,0.006195415556947128,0.001025,0.1539,1058,0.0029102481226533166,0.0054692753748745646,0.0,0.094185,0,2,8,666,outsideDetection
4202,1774446421.495223,1774446421.642675,1,1,1.0,0,0.0,373.0,,373,373,373.0,0,0,2529.638863107923,1,1,255.0,,359.0,,1,1,319.0,,1,1.0,1,2462.0,2462.0,2462.0,0,1,0,0,0,0.002596,,0.002596,0.002596,0,0,0,0,0,0,0,0,0,1,0,0,0,314.0,,314.0,314.0,,,,,0,0.002596,,0.002596,0.002596,0,0,0,1,plugOff
4203,1774446430.643652,1774446430.788785,1,1,1.0,0,0.0,372.0,,372,372,372.0,0,0,2563.165872666461,1,1,255.0,,358.0,,1,1,318.0,,1,1.0,1,2429.0,2429.0,2429.0,0,1,0,0,0,0.053283,,0.053283,0.053283,0,0,0,0,0,0,0,0,0,1,0,0,0,313.0,,313.0,313.0,,,,,0,0.053283,,0.053283,0.053283,0,0,0,1,plugOn
4204,1774446450.789121,1774446450.933118,1,1,1.0,0,0.0,373.0,,373,373,373.0,0,0,2590.3282822931014,1,1,255.0,,359.0,,1,1,319.0,,1,1.0,1,2396.0,2396.0,2396.0,0,1,0,0,0,0.086482,,0.086482,0.086482,0,0,0,0,0,0,0,0,0,1,0,0,0,314.0,,314.0,314.0,,,,,0,0.086482,,0.086482,0.086482,0,0,0,1,plugOff
4205,1774446456.361094,1774446457.390163,9,9,1.0,0,0.0,231.0,270.1046093645941,60,705,87.0,6,2,2020.272797451849,2,2,177.22222222222223,73.78647873726219,215.0,271.5418936370593,2,2,175.0,271.5418936370593,6,0.6666666666666666,1,37698.77777777778,2854.0,65535.0,0,9,0,0,0,0.019327888888888888,0.02459050648850306,1e-06,0.062166,5,4,0,0,0,0,0,0,0,0,0,0,0,257.5,300.6883768954164,28.0,646.0,0.01763225,0.00910932457704741,0.004261,0.023857,4,0.019327888888888888,0.02459050648850306,1e-06,0.062166,0,0,0,6,alexaBulbChange
4206,1774446457.934375,1774446458.080623,1,1,1.0,0,0.0,372.0,,372,372,372.0,0,0,2543.626897595075,1,1,255.0,,358.0,,1,1,318.0,,1,1.0,1,2363.0,2363.0,2363.0,0,1,0,0,0,0.018031,,0.018031,0.018031,0,0,0,0,0,0,0,0,0,1,0,0,0,313.0,,313.0,313.0,,,,,0,0.018031,,0.018031,0.018031,0,0,0,1,plugOn
4207,1774446486.081384,1774446486.223375,1,1,1.0,0,0.0,373.0,,373,373,373.0,0,0,2626.924497190851,1,1,255.0,,359.0,,1,1,319.0,,1,1.0,1,2330.0,2330.0,2330.0,0,1,0,0,0,0.057596,,0.057596,0.057596,0,0,0,0,0,0,0,0,0,1,0,0,0,314.0,,314.0,314.0,,,,,0,0.057596,,0.057596,0.057596,0,0,0,1,plugOff
4208,1774446521.830032,1774446522.863454,7,7,1.0,0,0.0,283.2857142857143,297.1041984925571,60,732,87.0,4,2,1918.8676193670944,2,2,175.0,74.83314773547883,268.42857142857144,297.8634234806601,2,2,228.42857142857142,297.8634234806601,6,0.8571428571428571,1,38368.28571428572,2091.0,65535.0,0,7,0,0,0,0.022001142857142858,0.03588802228891311,1e-06,0.100311,4,3,0,0,0,0,0,0,0,0,0,0,0,179.2,258.96949627320976,28.0,626.0,0.0335982,0.038675498447983826,0.005198,0.100311,5,0.022001142857142858,0.03588802228891311,1e-06,0.100311,0,0,0,5,alexaBulbChange
4209,1774446527.373348,1774446527.514839,1,1,1.0,0,0.0,373.0,,373,373,373.0,0,0,2636.211264188078,1,1,255.0,,359.0,,1,1,319.0,,1,1.0,1,2264.0,2264.0,2264.0,0,1,0,0,0,0.134966,,0.134966,0.134966,0,0,0,0,0,0,0,0,0,1,0,0,0,314.0,,314.0,314.0,,,,,0,0.134966,,0.134966,0.134966,0,0,0,1,plugOff
4210,1774446538.516891,1774446538.664959,1,1,1.0,0,0.0,372.0,,372,372,372.0,0,0,2512.3600142985497,1,1,255.0,,358.0,,1,1,318.0,,1,1.0,1,2231.0,2231.0,2231.0,0,1,0,0,0,0.052618,,0.052618,0.052618,0,0,0,0,0,0,0,0,0,1,0,0,0,313.0,,313.0,313.0,,,,,0,0.052618,,0.052618,0.052618,0,0,0,1,plugOn
4212,1774446560.144643,1774446561.179471,11,11,1.0,0,0.0,213.0,218.7665422316676,60,701,87.0,7,1,2264.1444941609993,4,4,191.36363636363637,73.1126155013931,197.36363636363637,220.03966584562554,3,3,157.36363636363637,220.03966584562554,8,0.7272727272727273,2,31235.090909090908,2165.0,65535.0,0,11,0,0,0,0.024790363636363635,0.031012555148754596,0.0,0.094893,4,4,0,0,0,0,0,0,1,2,0,0,0,211.375,233.61319526088417,28.0,642.0,0.03163842857142857,0.04425895844857152,0.003978,0.129902,7,0.024790363636363635,0.031012555148754596,0.0,0.094893,0,0,0,8,alexaBulbChange
4211,1774446560.665282,1774446560.808607,1,1,1.0,0,0.0,373.0,,373,373,373.0,0,0,2602.475246569486,1,1,255.0,,359.0,,1,1,319.0,,1,1.0,1,2198.0,2198.0,2198.0,0,1,0,0,0,0.044988,,0.044988,0.044988,0,0,0,0,0,0,0,0,0,1,0,0,0,314.0,,314.0,314.0,,,,,0,0.044988,,0.044988,0.044988,0,0,0,1,plugOff
4213,1774446569.809684,1774446569.953423,1,1,1.0,0,0.0,372.0,,372,372,372.0,0,0,2588.0243960290936,1,1,255.0,,358.0,,1,1,318.0,,1,1.0,1,2165.0,2165.0,2165.0,0,1,0,0,0,0.066752,,0.066752,0.066752,0,0,0,0,0,0,0,0,0,1,0,0,0,313.0,,313.0,313.0,,,,,0,0.066752,,0.066752,0.066752,0,0,0,1,plugOn
4214,1774446597.953978,1774446598.097526,1,1,1.0,0,0.0,373.0,,373,373,373.0,0,0,2598.433760073345,1,1,255.0,,359.0,,1,1,319.0,,1,1.0,1,2132.0,2132.0,2132.0,0,1,0,0,0,0.033905,,0.033905,0.033905,0,0,0,0,0,0,0,0,0,1,0,0,0,314.0,,314.0,314.0,,,,,0,0.033905,,0.033905,0.033905,0,0,0,1,plugOff
4215,1774446609.098533,1774446609.245561,1,1,1.0,0,0.0,372.0,,372,372,372.0,0,0,2530.130842576377,1,1,255.0,,358.0,,1,1,318.0,,1,1.0,1,2099.0,2099.0,2099.0,0,1,0,0,0,0.133011,,0.133011,0.133011,0,0,0,0,0,0,0,0,0,1,0,0,0,313.0,,313.0,313.0,,,,,0,0.133011,,0.133011,0.133011,0,0,0,1,plugOn
4216,1774446624.389363,1774446625.430568,7,7,1.0,0,0.0,240.85714285714286,247.18915063262017,60,732,87.0,4,1,1619.2777737324054,2,2,175.0,74.83314773547883,226.0,247.9300976753999,2,2,186.0,247.9300976753999,6,0.8571428571428571,1,38495.57142857143,2388.0,65535.0,0,7,0,0,0,0.007927714285714284,0.012881994057783206,1e-06,0.034799,4,3,0,0,0,0,0,0,0,0,0,0,0,119.8,135.4887449200117,28.0,329.0,0.028545599999999997,0.035135213266749926,0.002627,0.088662,5,0.007927714285714284,0.012881994057783206,1e-06,0.034799,0,0,0,5,alexaBulbOff
4217,1774446642.246479,1774446642.383991,1,1,1.0,0,0.0,373.0,,373,373,373.0,0,0,2712.4911654099487,1,1,255.0,,359.0,,1,1,319.0,,1,1.0,1,2035.0,2035.0,2035.0,0,1,0,0,0,0.013666,,0.013666,0.013666,0,0,0,0,0,0,0,0,0,1,0,0,0,314.0,,314.0,314.0,,,,,0,0.013666,,0.013666,0.013666,0,0,0,1,plugOff
4218,1774446654.385111,1774446654.535126,1,1,1.0,0,0.0,372.0,,372,372,372.0,0,0,2479.754052713888,1,1,255.0,,358.0,,1,1,318.0,,1,1.0,1,2002.0,2002.0,2002.0,0,1,0,0,0,0.004791,,0.004791,0.004791,0,0,0,0,0,0,0,0,0,1,0,0,0,313.0,,313.0,313.0,,,,,0,0.004791,,0.004791,0.004791,0,0,0,1,plugOn
4219,1774446674.070747,1774446675.103959,7,7,1.0,0,0.0,240.57142857142858,246.52711625218646,60,730,87.0,4,1,1629.8685058124804,2,2,175.0,74.83314773547883,225.71428571428572,247.2688916178191,2,2,185.71428571428572,247.2688916178191,6,0.8571428571428571,1,38310.0,1955.0,65535.0,0,7,0,0,0,0.017040285714285713,0.01992162142593055,0.0,0.055719,4,3,0,0,0,0,0,0,0,0,0,0,0,119.8,135.4887449200117,28.0,329.0,0.030579000000000002,0.036311269724425776,0.003702,0.093026,5,0.017040285714285713,0.01992162142593055,0.0,0.055719,0,0,0,5,alexaBulbOn
4220,1774446701.202455,1774446702.326313,8,8,1.0,0,0.0,231.75,251.31298073460965,60,732,87.0,5,1,1649.6746397069712,2,2,185.0,74.83314773547883,216.25,252.49710040767937,2,2,176.25,252.49710040767937,6,0.75,1,34211.0,2821.0,65535.0,0,8,0,0,0,0.018481,0.029431602203850788,0.0,0.083902,4,4,0,0,0,0,0,0,0,0,0,0,0,141.4,178.84853927276006,28.0,437.0,0.0113834,0.011252368941694011,0.002532,0.024092,5,0.018481,0.029431602203850788,0.0,0.083902,0,0,0,5,alexaBulbChange
4221,1774446703.672499,1774446703.810755,1,1,1.0,0,0.0,372.0,,372,372,372.0,0,0,2690.6593825014484,1,1,255.0,,358.0,,1,1,318.0,,1,1.0,1,1936.0,1936.0,1936.0,0,1,0,0,0,0.033016,,0.033016,0.033016,0,0,0,0,0,0,0,0,0,1,0,0,0,313.0,,313.0,313.0,,,,,0,0.033016,,0.033016,0.033016,0,0,0,1,plugOn
4222,1774446732.811808,1774446732.956931,1,1,1.0,0,0.0,373.0,,373,373,373.0,0,0,2570.233439024791,1,1,255.0,,359.0,,1,1,319.0,,1,1.0,1,1903.0,1903.0,1903.0,0,1,0,0,0,0.007199,,0.007199,0.007199,0,0,0,0,0,0,0,0,0,1,0,0,0,314.0,,314.0,314.0,,,,,0,0.007199,,0.007199,0.007199,0,0,0,1,plugOff
4223,1774446766.092715,1774446766.238594,1,1,1.0,0,0.0,373.0,,373,373,373.0,0,0,2556.913076662837,1,1,255.0,,359.0,,1,1,319.0,,1,1.0,1,1837.0,1837.0,1837.0,0,1,0,0,0,0.134494,,0.134494,0.134494,0,0,0,0,0,0,0,0,0,1,0,0,0,314.0,,314.0,314.0,,,,,0,0.134494,,0.134494,0.134494,0,0,0,1,plugOff
4224,1774446774.239566,1774446774.379244,1,1,1.0,0,0.0,372.0,,372,372,372.0,0,0,2663.268347637287,1,1,255.0,,358.0,,1,1,318.0,,1,1.0,1,1804.0,1804.0,1804.0,0,1,0,0,0,0.034986,,0.034986,0.034986,0,0,0,0,0,0,0,0,0,1,0,0,0,313.0,,313.0,313.0,,,,,0,0.034986,,0.034986,0.034986,0,0,0,1,plugOn
4225,1774446802.380121,1774446802.522028,1,1,1.0,0,0.0,373.0,,373,373,373.0,0,0,2628.4824655872553,1,1,255.0,,359.0,,1,1,319.0,,1,1.0,1,1771.0,1771.0,1771.0,0,1,0,0,0,0.005102,,0.005102,0.005102,0,0,0,0,0,0,0,0,0,1,0,0,0,314.0,,314.0,314.0,,,,,0,0.005102,,0.005102,0.005102,0,0,0,1,plugOff
4226,1774446815.52267,1774446815.6654,1,1,1.0,0,0.0,372.0,,372,372,372.0,0,0,2606.319667653883,1,1,255.0,,358.0,,1,1,318.0,,1,1.0,1,2889.0,2889.0,2889.0,0,1,0,0,0,0.00192,,0.00192,0.00192,0,0,0,0,0,0,0,0,0,1,0,0,0,313.0,,313.0,313.0,,,,,0,0.00192,,0.00192,0.00192,0,0,0,1,plugOn
4227,1774446842.665933,1774446842.805116,1,1,1.0,0,0.0,373.0,,373,373,373.0,0,0,2679.9241352847666,1,1,255.0,,359.0,,1,1,319.0,,1,1.0,1,2856.0,2856.0,2856.0,0,1,0,0,0,0.000283,,0.000283,0.000283,0,0,0,0,0,0,0,0,0,1,0,0,0,314.0,,314.0,314.0,,,,,0,0.000283,,0.000283,0.000283,0,0,0,1,plugOff
4228,1774446845.27172,1774446846.30369,11,11,1.0,0,0.0,177.72727272727272,204.10540948690746,60,711,87.0,8,1,1894.4348714858806,4,4,191.36363636363637,73.1126155013931,162.0909090909091,205.16015916617658,3,3,122.0909090909091,205.16015916617658,8,0.7272727272727273,2,30757.0,1815.0,65535.0,0,11,0,0,0,0.014845636363636361,0.018223378173504095,0.0,0.058984,4,4,1,2,0,0,0,0,0,0,0,0,0,162.875,226.59557270924023,26.0,652.0,0.031153714285714285,0.029002044788337976,0.004483,0.092455,7,0.014845636363636361,0.018223378173504095,0.0,0.058984,0,0,0,8,alexaBulbOff
4229,1774446849.80598,1774446849.947478,1,1,1.0,0,0.0,372.0,,372,372,372.0,0,0,2629.0107736324026,1,1,255.0,,358.0,,1,1,318.0,,1,1.0,1,2823.0,2823.0,2823.0,0,1,0,0,0,0.000196,,0.000196,0.000196,0,0,0,0,0,0,0,0,0,1,0,0,0,313.0,,313.0,313.0,,,,,0,0.000196,,0.000196,0.000196,0,0,0,1,plugOn
4230,1774446877.948788,1774446878.090731,1,1,1.0,0,0.0,373.0,,373,373,373.0,0,0,2627.815799728564,1,1,255.0,,359.0,,1,1,319.0,,1,1.0,1,2790.0,2790.0,2790.0,0,1,0,0,0,0.002269,,0.002269,0.002269,0,0,0,0,0,0,0,0,0,1,0,0,0,314.0,,314.0,314.0,,,,,0,0.002269,,0.002269,0.002269,0,0,0,1,plugOff
4231,1774446888.091446,1774446888.239954,1,1,1.0,0,0.0,372.0,,372,372,372.0,0,0,2504.9143473626077,1,1,255.0,,358.0,,1,1,318.0,,1,1.0,1,2757.0,2757.0,2757.0,0,1,0,0,0,0.004651,,0.004651,0.004651,0,0,0,0,0,0,0,0,0,1,0,0,0,313.0,,313.0,313.0,,,,,0,0.004651,,0.004651,0.004651,0,0,0,1,plugOn
4232,1774446894.934783,1774446895.971805,8,8,1.0,0,0.0,219.0,239.47323142979587,60,738,87.0,5,1,1689.452883101978,2,2,185.0,74.83314773547883,203.5,240.62478200361184,2,2,163.5,240.62478200361184,6,0.75,1,34211.0,2821.0,65535.0,0,8,0,0,0,0.0027946250000000002,0.0029175031858227193,1e-06,0.008603,4,4,0,0,0,0,0,0,0,0,0,0,0,119.8,135.4887449200117,28.0,329.0,0.014471399999999999,0.013430186997953529,0.002175,0.030218,5,0.0027946250000000002,0.0029175031858227193,1e-06,0.008603,0,0,0,5,alexaBulbOn
4233,1774446904.0,1774446919.341729,3251,3249,0.9993848046754845,2,0.0006151953245155337,1020.7886804060289,781.0784575628434,60,12918,1494.0,1064,2126,216310.9527010177,5,5,59.922485389111046,6.979055839120052,1006.7831436481083,781.0852915342604,4,4,955.3345644813788,781.0090253637491,2195,0.6755924899969221,3,2549.2262234533705,0.0,65160.0,4,3244,2,2,2,0.002614509074131037,0.00507398598938311,0.0,0.069835,0,0,0,0,1048,2203,0,0,0,0,0,0,2,4408.173274596182,4154.92346633584,26.0,16408.0,0.016514614068441066,0.005006272002764429,0.001143,0.065027,1052,0.002605466912896276,0.005062190705588385,0.0,0.069835,0,2,6,673,outsideDetection
4234,1774446919.240431,1774446919.382222,12,12,1.0,0,0.0,704.9166666666666,631.1521151230046,66,1494,707.5,5,6,59658.28538759807,3,3,74.5,57.21013896155121,690.9166666666666,631.1521151230046,3,2,639.9166666666666,630.5876708325818,7,0.5833333333333334,2,2283.3333333333335,1056.0,3228.0,0,12,0,0,0,0.009527416666666667,0.0080594991323997,0.00103,0.027647,0,0,0,0,5,6,0,0,0,1,0,0,0,1092.0,370.58017576047786,314.0,1347.0,0.011866000000000002,0.0012902397064111773,0.010594,0.013416,5,0.009527416666666667,0.0080594991323997,0.00103,0.027647,0,0,0,7,plugOff
4235,1774446934.383151,1774446934.521117,1,1,1.0,0,0.0,372.0,,372,372,372.0,0,0,2696.31809439215,1,1,255.0,,358.0,,1,1,318.0,,1,1.0,1,2691.0,2691.0,2691.0,0,1,0,0,0,0.068357,,0.068357,0.068357,0,0,0,0,0,0,0,0,0,1,0,0,0,313.0,,313.0,313.0,,,,,0,0.068357,,0.068357,0.068357,0,0,0,1,plugOn
4236,1774446960.521747,1774446960.666049,1,1,1.0,0,0.0,373.0,,373,373,373.0,0,0,2584.858705385909,1,1,255.0,,359.0,,1,1,319.0,,1,1.0,1,2658.0,2658.0,2658.0,0,1,0,0,0,0.000193,,0.000193,0.000193,0,0,0,0,0,0,0,0,0,1,0,0,0,314.0,,314.0,314.0,,,,,0,0.000193,,0.000193,0.000193,0,0,0,1,plugOff
4237,1774446970.667101,1774446970.808443,1,1,1.0,0,0.0,372.0,,372,372,372.0,0,0,2631.911043938249,1,1,255.0,,358.0,,1,1,318.0,,1,1.0,1,2625.0,2625.0,2625.0,0,1,0,0,0,0.133845,,0.133845,0.133845,0,0,0,0,0,0,0,0,0,1,0,0,0,313.0,,313.0,313.0,,,,,0,0.133845,,0.133845,0.133845,0,0,0,1,plugOn
4238,1774446980.901221,1774446981.931898,8,8,1.0,0,0.0,232.25,252.45183416134765,60,736,87.0,5,1,1802.6984744063866,2,2,185.0,74.83314773547883,216.75,253.6340164207362,2,2,176.75,253.6340164207362,6,0.75,1,33925.0,2249.0,65535.0,0,8,0,0,0,0.007804875,0.019307943083741466,1e-06,0.055466,4,4,0,0,0,0,0,0,0,0,0,0,0,141.4,178.84853927276006,28.0,437.0,0.029428600000000006,0.034800327165128785,0.002663,0.088247,5,0.007804875,0.019307943083741466,1e-06,0.055466,0,0,0,5,alexaBulbChange
4239,1774447024.957924,1774447025.099955,1,1,1.0,0,0.0,372.0,,372,372,372.0,0,0,2619.1429693716195,1,1,255.0,,358.0,,1,1,318.0,,1,1.0,1,2528.0,2528.0,2528.0,0,1,0,0,0,0.013736,,0.013736,0.013736,0,0,0,0,0,0,0,0,0,1,0,0,0,313.0,,313.0,313.0,,,,,0,0.013736,,0.013736,0.013736,0,0,0,1,plugOn
4240,1774447035.699476,1774447036.72827,8,8,1.0,0,0.0,251.875,279.5938061341335,60,703,87.0,5,2,1958.6038620417953,2,2,185.0,74.83314773547883,236.375,280.7815304772428,2,2,196.375,280.7815304772428,6,0.75,1,34211.0,2821.0,65535.0,0,8,0,0,0,0.019778250000000004,0.026933102053315096,0.0,0.081587,4,4,0,0,0,0,0,0,0,0,0,0,0,256.8333333333333,299.67743770038254,28.0,644.0,0.0109912,0.010915056605441861,0.002609,0.023145,5,0.019778250000000004,0.026933102053315096,0.0,0.081587,0,0,0,6,alexaBulbChange
4241,1774447063.237651,1774447063.382771,1,1,1.0,0,0.0,372.0,,372,372,372.0,0,0,2563.397480108498,1,1,255.0,,358.0,,1,1,318.0,,1,1.0,1,2462.0,2462.0,2462.0,0,1,0,0,0,0.001947,,0.001947,0.001947,0,0,0,0,0,0,0,0,0,1,0,0,0,313.0,,313.0,313.0,,,,,0,0.001947,,0.001947,0.001947,0,0,0,1,plugOn
4242,1774447078.093081,1774447079.126702,4,4,1.0,0,0.0,222.0,200.06165716265238,60,496,166.0,2,0,859.115611508352,2,2,185.0,80.82903768654761,206.5,201.6969674206002,2,2,166.5,201.6969674206002,3,0.75,1,33957.0,2379.0,65535.0,0,4,0,0,0,0.028866999999999997,0.02894979455309945,0.00277,0.063201,2,2,0,0,0,0,0,0,0,0,0,0,0,217.0,206.2546969162157,28.0,437.0,0.05871850000000001,0.04438862818898552,0.027331,0.090106,2,0.028866999999999997,0.02894979455309945,0.00277,0.063201,0,0,0,3,alexaBulbChange
4243,1774447086.383732,1774447086.524899,1,1,1.0,0,0.0,373.0,,373,373,373.0,0,0,2642.2619807227534,1,1,255.0,,359.0,,1,1,319.0,,1,1.0,1,2429.0,2429.0,2429.0,0,1,0,0,0,0.002175,,0.002175,0.002175,0,0,0,0,0,0,0,0,0,1,0,0,0,314.0,,314.0,314.0,,,,,0,0.002175,,0.002175,0.002175,0,0,0,1,plugOff
4244,1774447099.525561,1774447099.660474,1,1,1.0,0,0.0,372.0,,372,372,372.0,0,0,2757.333163681861,1,1,255.0,,358.0,,1,1,318.0,,1,1.0,1,2396.0,2396.0,2396.0,0,1,0,0,0,0.002066,,0.002066,0.002066,0,0,0,0,0,0,0,0,0,1,0,0,0,313.0,,313.0,313.0,,,,,0,0.002066,,0.002066,0.002066,0,0,0,1,plugOn
4245,1774447124.660967,1774447124.800693,1,1,1.0,0,0.0,373.0,,373,373,373.0,0,0,2669.51178818298,1,1,255.0,,359.0,,1,1,319.0,,1,1.0,1,2363.0,2363.0,2363.0,0,1,0,0,0,0.000733,,0.000733,0.000733,0,0,0,0,0,0,0,0,0,1,0,0,0,314.0,,314.0,314.0,,,,,0,0.000733,,0.000733,0.000733,0,0,0,1,plugOff
4246,1774447131.801932,1774447131.961242,1,1,1.0,0,0.0,372.0,,372,372,372.0,0,0,2335.071982089034,1,1,255.0,,358.0,,1,1,318.0,,1,1.0,1,2330.0,2330.0,2330.0,0,1,0,0,0,0.013678,,0.013678,0.013678,0,0,0,0,0,0,0,0,0,1,0,0,0,313.0,,313.0,313.0,,,,,0,0.013678,,0.013678,0.013678,0,0,0,1,plugOn
4247,1774447139.433651,1774447140.465622,7,7,1.0,0,0.0,237.28571428571428,238.9537711815923,60,707,87.0,4,1,1609.5413880417707,2,2,175.0,74.83314773547883,222.42857142857142,239.70527538545966,2,2,182.42857142857142,239.70527538545966,6,0.8571428571428571,1,38263.71428571428,1847.0,65535.0,0,7,0,0,0,0.01914657142857143,0.01814695123023096,1e-06,0.052169,4,3,0,0,0,0,0,0,0,0,0,0,0,207.83333333333334,247.35595134677203,28.0,648.0,0.030527,0.03689594918144809,0.003964,0.093912,5,0.01914657142857143,0.01814695123023096,1e-06,0.052169,0,0,0,6,alexaBulbOff
4248,1774447177.096968,1774447177.234536,1,1,1.0,0,0.0,372.0,,372,372,372.0,0,0,2704.1172959539135,1,1,255.0,,358.0,,1,1,318.0,,1,1.0,1,2264.0,2264.0,2264.0,0,1,0,0,0,0.125899,,0.125899,0.125899,0,0,0,0,0,0,0,0,0,1,0,0,0,313.0,,313.0,313.0,,,,,0,0.125899,,0.125899,0.125899,0,0,0,1,plugOn
4249,1774447182.862926,1774447183.900955,8,8,1.0,0,0.0,214.875,229.32536929001117,60,705,87.0,5,1,1656.023168678277,2,2,185.0,74.83314773547883,199.375,230.49693986193023,2,2,159.375,230.49693986193023,6,0.75,1,34211.0,2821.0,65535.0,0,8,0,0,0,0.0162605,0.02220622350346214,0.0,0.068135,4,4,0,0,0,0,0,0,0,0,0,0,0,207.5,246.64448098427016,28.0,646.0,0.011431,0.009682963931565583,0.002977,0.022156,5,0.0162605,0.02220622350346214,0.0,0.068135,0,0,0,6,alexaBulbOn
4250,1774447213.235778,1774447213.382114,1,1,1.0,0,0.0,373.0,,373,373,373.0,0,0,2548.9312763430366,1,1,255.0,,359.0,,1,1,319.0,,1,1.0,1,2200.0,2200.0,2200.0,0,1,0,0,0,0.000465,,0.000465,0.000465,0,0,0,0,0,0,0,0,0,1,0,0,0,314.0,,314.0,314.0,,,,,0,0.000465,,0.000465,0.000465,0,0,0,1,plugOff
4251,1774447222.382494,1774447222.524054,1,1,1.0,0,0.0,372.0,,372,372,372.0,0,0,2627.859535895821,1,1,255.0,,358.0,,1,1,318.0,,1,1.0,1,2167.0,2167.0,2167.0,0,1,0,0,0,0.055556,,0.055556,0.055556,0,0,0,0,0,0,0,0,0,1,0,0,0,313.0,,313.0,313.0,,,,,0,0.055556,,0.055556,0.055556,0,0,0,1,plugOn
4252,1774447252.524445,1774447252.670398,1,1,1.0,0,0.0,373.0,,373,373,373.0,0,0,2555.6182700585296,1,1,255.0,,359.0,,1,1,319.0,,1,1.0,1,2134.0,2134.0,2134.0,0,1,0,0,0,0.000282,,0.000282,0.000282,0,0,0,0,0,0,0,0,0,1,0,0,0,314.0,,314.0,314.0,,,,,0,0.000282,,0.000282,0.000282,0,0,0,1,plugOff
4253,1774447266.671016,1774447266.81198,1,1,1.0,0,0.0,372.0,,372,372,372.0,0,0,2638.9710678803744,1,1,255.0,,358.0,,1,1,318.0,,1,1.0,1,2101.0,2101.0,2101.0,0,1,0,0,0,0.131437,,0.131437,0.131437,0,0,0,0,0,0,0,0,0,1,0,0,0,313.0,,313.0,313.0,,,,,0,0.131437,,0.131437,0.131437,0,0,0,1,plugOn
4254,1774447298.813134,1774447298.960159,1,1,1.0,0,0.0,373.0,,373,373,373.0,0,0,2536.981636796461,1,1,255.0,,359.0,,1,1,319.0,,1,1.0,1,2068.0,2068.0,2068.0,0,1,0,0,0,0.016633,,0.016633,0.016633,0,0,0,0,0,0,0,0,0,1,0,0,0,314.0,,314.0,314.0,,,,,0,0.016633,,0.016633,0.016633,0,0,0,1,plugOff
4255,1774447307.961324,1774447308.104009,1,1,1.0,0,0.0,372.0,,372,372,372.0,0,0,2607.142765479628,1,1,255.0,,358.0,,1,1,318.0,,1,1.0,1,2035.0,2035.0,2035.0,0,1,0,0,0,0.008949,,0.008949,0.008949,0,0,0,0,0,0,0,0,0,1,0,0,0,313.0,,313.0,313.0,,,,,0,0.008949,,0.008949,0.008949,0,0,0,1,plugOn
4256,1774447344.242884,1774447344.383644,1,1,1.0,0,0.0,372.0,,372,372,372.0,0,0,2642.792806800917,1,1,255.0,,358.0,,1,1,318.0,,1,1.0,1,1969.0,1969.0,1969.0,0,1,0,0,0,0.002261,,0.002261,0.002261,0,0,0,0,0,0,0,0,0,1,0,0,0,313.0,,313.0,313.0,,,,,0,0.002261,,0.002261,0.002261,0,0,0,1,plugOn
4257,1774447360.240009,1774447361.283929,3,3,1.0,0,0.0,267.0,218.830985008979,60,496,245.0,1,0,767.3001467619866,2,2,208.33333333333334,80.82903768654761,251.0,221.6776939613005,2,2,211.0,221.6776939613005,2,0.6666666666666666,1,23049.0,1806.0,65535.0,0,3,0,0,0,0.063455,0.0949948929627272,0.00026,0.172698,1,2,0,0,0,0,0,0,0,0,0,0,0,311.5,177.48380207782344,186.0,437.0,0.088936,,0.088936,0.088936,1,0.063455,0.0949948929627272,0.00026,0.172698,0,0,0,2,alexaBulbChange
4258,1774447381.384442,1774447381.531465,1,1,1.0,0,0.0,373.0,,373,373,373.0,0,0,2537.018663475276,1,1,255.0,,359.0,,1,1,319.0,,1,1.0,1,1936.0,1936.0,1936.0,0,1,0,0,0,0.00223,,0.00223,0.00223,0,0,0,0,0,0,0,0,0,1,0,0,0,314.0,,314.0,314.0,,,,,0,0.00223,,0.00223,0.00223,0,0,0,1,plugOff
4259,1774447388.53304,1774447388.677252,1,1,1.0,0,0.0,372.0,,372,372,372.0,0,0,2579.5355490197053,1,1,255.0,,358.0,,1,1,318.0,,1,1.0,1,1903.0,1903.0,1903.0,0,1,0,0,0,0.045606,,0.045606,0.045606,0,0,0,0,0,0,0,0,0,1,0,0,0,313.0,,313.0,313.0,,,,,0,0.045606,,0.045606,0.045606,0,0,0,1,plugOn
4260,1774447423.678416,1774447423.818189,1,1,1.0,0,0.0,373.0,,373,373,373.0,0,0,2668.6147411513857,1,1,255.0,,359.0,,1,1,319.0,,1,1.0,1,1839.0,1839.0,1839.0,0,1,0,0,0,0.009635,,0.009635,0.009635,0,0,0,0,0,0,0,0,0,1,0,0,0,314.0,,314.0,314.0,,,,,0,0.009635,,0.009635,0.009635,0,0,0,1,plugOff
4261,1774447427.792822,1774447428.827688,8,8,1.0,0,0.0,219.25,240.09269043434037,60,740,87.0,5,1,1694.9052724509354,2,2,185.0,74.83314773547883,203.75,241.2430605959771,2,2,163.75,241.2430605959771,6,0.75,1,34027.5,2454.0,65535.0,0,8,0,0,0,0.020638375,0.02925021631635519,0.0,0.088309,4,4,0,0,0,0,0,0,0,0,0,0,0,119.8,135.4887449200117,28.0,329.0,0.0310228,0.03362692081799938,0.004942,0.088309,5,0.020638375,0.02925021631635519,0.0,0.088309,0,0,0,5,alexaBulbOff
4262,1774447438.819107,1774447438.957566,1,1,1.0,0,0.0,372.0,,372,372,372.0,0,0,2686.7165594182584,1,1,255.0,,358.0,,1,1,318.0,,1,1.0,1,1806.0,1806.0,1806.0,0,1,0,0,0,0.000653,,0.000653,0.000653,0,0,0,0,0,0,0,0,0,1,0,0,0,313.0,,313.0,313.0,,,,,0,0.000653,,0.000653,0.000653,0,0,0,1,plugOn
4263,1774447464.957977,1774447465.10624,1,1,1.0,0,0.0,373.0,,373,373,373.0,0,0,2515.800006432316,1,1,255.0,,359.0,,1,1,319.0,,1,1.0,1,1773.0,1773.0,1773.0,0,1,0,0,0,0.012126,,0.012126,0.012126,0,0,0,0,0,0,0,0,0,1,0,0,0,314.0,,314.0,314.0,,,,,0,0.012126,,0.012126,0.012126,0,0,0,1,plugOff
4264,1774447478.107495,1774447478.252714,1,1,1.0,0,0.0,372.0,,372,372,372.0,0,0,2561.6509295804244,1,1,255.0,,358.0,,1,1,318.0,,1,1.0,1,2920.0,2920.0,2920.0,0,1,0,0,0,0.005491,,0.005491,0.005491,0,0,0,0,0,0,0,0,0,1,0,0,0,313.0,,313.0,313.0,,,,,0,0.005491,,0.005491,0.005491,0,0,0,1,plugOn
4265,1774447501.25321,1774447501.40074,1,1,1.0,0,0.0,373.0,,373,373,373.0,0,0,2528.302062913613,1,1,255.0,,359.0,,1,1,319.0,,1,1.0,1,2887.0,2887.0,2887.0,0,1,0,0,0,0.118514,,0.118514,0.118514,0,0,0,0,0,0,0,0,0,1,0,0,0,314.0,,314.0,314.0,,,,,0,0.118514,,0.118514,0.118514,0,0,0,1,plugOff
4266,1774447507.515763,1774447508.548762,6,6,1.0,0,0.0,272.0,258.463150178125,87,738,166.0,3,1,1579.8659426243887,2,2,161.66666666666666,72.29568912920512,258.0,258.463150178125,2,2,218.0,258.463150178125,6,1.0,1,44391.166666666664,2087.0,65535.0,0,6,0,0,0,0.005280333333333334,0.0054794921905836,1e-06,0.012688,4,2,0,0,0,0,0,0,0,0,0,0,0,119.8,135.4887449200117,28.0,329.0,0.037360000000000004,0.03597434754562386,0.005657,0.089037,4,0.005280333333333334,0.0054794921905836,1e-06,0.012688,0,0,0,5,alexaBulbOn
4267,1774447513.401415,1774447513.545847,1,1,1.0,0,0.0,372.0,,372,372,372.0,0,0,2575.609555110591,1,1,255.0,,358.0,,1,1,318.0,,1,1.0,1,2854.0,2854.0,2854.0,0,1,0,0,0,0.004143,,0.004143,0.004143,0,0,0,0,0,0,0,0,0,1,0,0,0,313.0,,313.0,313.0,,,,,0,0.004143,,0.004143,0.004143,0,0,0,1,plugOn
4268,1774447552.547977,1774447552.6925,1,1,1.0,0,0.0,373.0,,373,373,373.0,0,0,2580.9015101274554,1,1,255.0,,359.0,,1,1,319.0,,1,1.0,1,2821.0,2821.0,2821.0,0,1,0,0,0,0.034132,,0.034132,0.034132,0,0,0,0,0,0,0,0,0,1,0,0,0,314.0,,314.0,314.0,,,,,0,0.034132,,0.034132,0.034132,0,0,0,1,plugOff
4269,1774447562.697055,1774447562.845213,1,1,1.0,0,0.0,372.0,,372,372,372.0,0,0,2510.835825747201,1,1,255.0,,358.0,,1,1,318.0,,1,1.0,1,2788.0,2788.0,2788.0,0,1,0,0,0,0.001893,,0.001893,0.001893,0,0,0,0,0,0,0,0,0,1,0,0,0,313.0,,313.0,313.0,,,,,0,0.001893,,0.001893,0.001893,0,0,0,1,plugOn
4270,1774447582.275201,1774447583.324255,8,8,1.0,0,0.0,232.375,252.87373331368366,60,738,87.0,5,1,1772.072900064113,2,2,185.0,74.83314773547883,216.875,254.05479583293499,2,2,176.875,254.05479583293499,6,0.75,1,34211.0,2821.0,65535.0,0,8,0,0,0,0.015565125,0.015152156314602316,0.0,0.047504,4,4,0,0,0,0,0,0,0,0,0,0,0,141.2,178.4354224922843,28.0,436.0,0.0142174,0.007791543287436707,0.006136,0.022746,5,0.015565125,0.015152156314602316,0.0,0.047504,0,0,0,5,alexaBulbChange
4271,1774447590.84575,1774447591.002565,1,1,1.0,0,0.0,373.0,,373,373,373.0,0,0,2378.6018132087834,1,1,255.0,,359.0,,1,1,319.0,,1,1.0,1,2755.0,2755.0,2755.0,0,1,0,0,0,0.013056,,0.013056,0.013056,0,0,0,0,0,0,0,0,0,1,0,0,0,314.0,,314.0,314.0,,,,,0,0.013056,,0.013056,0.013056,0,0,0,1,plugOff
4272,1774447592.659265,1774447593.699941,8,8,1.0,0,0.0,251.625,279.1333206807917,60,701,87.0,5,2,1934.3198411147443,2,2,185.0,74.83314773547883,236.125,280.3214672478724,2,2,196.125,280.3214672478724,6,0.75,1,33845.5,2090.0,65535.0,0,8,0,0,0,0.030056375,0.040482634322588605,0.0,0.099389,4,4,0,0,0,0,0,0,0,0,0,0,0,256.5,299.161327714663,28.0,642.0,0.03184440000000001,0.033759181192677054,0.006897,0.090341,5,0.030056375,0.040482634322588605,0.0,0.099389,0,0,0,6,alexaBulbChange
4273,1774447604.055272,1774447605.100951,8,8,1.0,0,0.0,214.625,228.71500512959042,60,703,87.0,5,1,1641.9955261126863,2,2,185.0,74.83314773547883,199.125,229.88782202258065,2,2,159.125,229.88782202258065,6,0.75,1,33924.125,1723.0,65535.0,0,8,0,0,0,0.035869875,0.062144060282626486,0.0,0.183766,4,4,0,0,0,0,0,0,0,0,0,0,0,207.16666666666666,245.9336631424553,28.0,644.0,0.029590599999999995,0.03643635593469797,0.002825,0.091686,5,0.035869875,0.062144060282626486,0.0,0.183766,0,0,0,6,alexaBulbOff
4274,1774447605.003358,1774447605.142875,2,2,1.0,0,0.0,216.0,220.61731573020282,60,372,216.0,1,0,3096.3953265422256,2,2,255.0,0.0,199.0,224.8599564173221,2,1,159.0,224.8599564173221,1,0.5,2,2788.0,2722.0,2854.0,0,2,0,0,0,0.000991,0.001401485640311737,0.0,0.001982,0,1,0,0,0,0,0,0,0,1,0,0,0,313.0,,313.0,313.0,0.003234,,0.003234,0.003234,1,0.000991,0.001401485640311737,0.0,0.001982,0,0,0,1,plugOn
4275,1774447617.524686,1774447618.770947,8,8,1.0,0,0.0,214.375,228.10519972779477,60,701,87.0,5,1,1376.116369824975,2,2,185.0,74.83314773547883,198.875,229.27926670952422,2,2,158.875,229.27926670952422,6,0.75,1,34011.0,2421.0,65535.0,0,8,0,0,0,0.014220375,0.018982124297329993,0.0,0.057324,4,4,0,0,0,0,0,0,0,0,0,0,0,206.83333333333334,245.22350349562063,28.0,642.0,0.0272538,0.03080525009961776,0.002405,0.079106,5,0.014220375,0.018982124297329993,0.0,0.057324,0,0,0,6,alexaBulbOn
4276,1774447633.144093,1774447633.285786,1,1,1.0,0,0.0,373.0,,373,373,373.0,0,0,2632.4541387137538,1,1,255.0,,359.0,,1,1,319.0,,1,1.0,1,2658.0,2658.0,2658.0,0,1,0,0,0,0.009183,,0.009183,0.009183,0,0,0,0,0,0,0,0,0,1,0,0,0,314.0,,314.0,314.0,,,,,0,0.009183,,0.009183,0.009183,0,0,0,1,plugOff
4277,1774447643.639275,1774447644.682399,8,8,1.0,0,0.0,228.875,244.82030582216245,60,709,87.0,5,1,1755.3043256058781,2,2,185.0,74.83314773547883,213.375,246.0156426501604,2,2,173.375,246.0156426501604,6,0.75,1,34211.0,2821.0,65535.0,0,8,0,0,0,0.019403624999999997,0.0201382823280686,0.0,0.055576,4,4,0,0,0,0,0,0,0,0,0,0,0,226.16666666666666,262.1102185468294,28.0,650.0,0.013130799999999998,0.009129039637333162,0.006296,0.023436,5,0.019403624999999997,0.0201382823280686,0.0,0.055576,0,0,0,6,alexaBulbChange
4278,1774447659.267126,1774447660.298569,7,7,1.0,0,0.0,252.71428571428572,253.3592405299336,60,707,87.0,4,1,1715.0731593771418,2,2,175.0,74.83314773547883,237.85714285714286,254.12885745321444,2,2,197.85714285714286,254.12885745321444,6,0.8571428571428571,1,38449.28571428572,2280.0,65535.0,0,7,0,0,0,0.019088571428571427,0.031946221111200525,1e-06,0.089553,4,3,0,0,0,0,0,0,0,0,0,0,0,225.83333333333334,261.46389170718516,28.0,648.0,0.031341999999999995,0.03673955794508148,0.003993,0.094869,5,0.019088571428571427,0.031946221111200525,1e-06,0.089553,0,0,0,6,alexaBulbChange
4279,1774447665.425105,1774447665.565486,1,1,1.0,0,0.0,373.0,,373,373,373.0,0,0,2657.0573913043477,1,1,255.0,,359.0,,1,1,319.0,,1,1.0,1,2592.0,2592.0,2592.0,0,1,0,0,0,0.093484,,0.093484,0.093484,0,0,0,0,0,0,0,0,0,1,0,0,0,314.0,,314.0,314.0,,,,,0,0.093484,,0.093484,0.093484,0,0,0,1,plugOff
4280,1774447680.566761,1774447680.704607,1,1,1.0,0,0.0,372.0,,372,372,372.0,0,0,2698.6638624067746,1,1,255.0,,358.0,,1,1,318.0,,1,1.0,1,2559.0,2559.0,2559.0,0,1,0,0,0,0.137245,,0.137245,0.137245,0,0,0,0,0,0,0,0,0,1,0,0,0,313.0,,313.0,313.0,,,,,0,0.137245,,0.137245,0.137245,0,0,0,1,plugOn
4281,1774447682.124431,1774447683.154988,7,7,1.0,0,0.0,236.71428571428572,237.64449238706283,60,703,87.0,4,1,1607.8681235497297,2,2,175.0,74.83314773547883,221.85714285714286,238.39772689871896,2,2,181.85714285714286,238.39772689871896,6,0.8571428571428571,1,38495.57142857143,2388.0,65535.0,0,7,0,0,0,0.014362714285714286,0.015195493638074476,0.0,0.035417,4,3,0,0,0,0,0,0,0,0,0,0,0,207.16666666666666,245.9336631424553,28.0,644.0,0.030096400000000002,0.03450043856677767,0.002552,0.088861,5,0.014362714285714286,0.015195493638074476,0.0,0.035417,0,0,0,6,alexaBulbOff
4282,1774447695.572977,1774447696.605427,8,8,1.0,0,0.0,214.375,228.10519972779477,60,701,87.0,5,1,1661.0974529195742,2,2,185.0,74.83314773547883,198.875,229.27926670952422,2,2,158.875,229.27926670952422,6,0.75,1,33778.0,1955.0,65535.0,0,8,0,0,0,0.027216875,0.051476982366428316,0.0,0.152901,4,4,0,0,0,0,0,0,0,0,0,0,0,206.83333333333334,245.22350349562063,28.0,642.0,0.02893,0.03558278845172199,0.002695,0.08924,5,0.027216875,0.051476982366428316,0.0,0.152901,0,0,0,6,alexaBulbOn
4283,1774447719.705315,1774447719.847688,1,1,1.0,0,0.0,373.0,,373,373,373.0,0,0,2619.881591881505,1,1,255.0,,359.0,,1,1,319.0,,1,1.0,1,2526.0,2526.0,2526.0,0,1,0,0,0,0.002171,,0.002171,0.002171,0,0,0,0,0,0,0,0,0,1,0,0,0,314.0,,314.0,314.0,,,,,0,0.002171,,0.002171,0.002171,0,0,0,1,plugOff
4284,1774447720.544041,1774447721.577632,7,7,1.0,0,0.0,257.14285714285717,262.7212899452121,60,738,87.0,4,1,1741.5011781476958,2,2,175.0,74.83314773547883,242.28571428571428,263.48036883590544,2,2,202.28571428571428,263.48036883590544,6,0.8571428571428571,1,38449.28571428572,2280.0,65535.0,0,7,0,0,0,0.024507142857142856,0.0354709749110855,0.0,0.103235,4,3,0,0,0,0,0,0,0,0,0,0,0,141.4,178.84853927276006,28.0,437.0,0.032818799999999995,0.033979263635340894,0.006623,0.092177,5,0.024507142857142856,0.0354709749110855,0.0,0.103235,0,0,0,5,alexaBulbChange
4285,1774447733.849035,1774447733.99171,1,1,1.0,0,0.0,372.0,,372,372,372.0,0,0,2607.3257467138574,1,1,255.0,,358.0,,1,1,318.0,,1,1.0,1,2493.0,2493.0,2493.0,0,1,0,0,0,0.000777,,0.000777,0.000777,0,0,0,0,0,0,0,0,0,1,0,0,0,313.0,,313.0,313.0,,,,,0,0.000777,,0.000777,0.000777,0,0,0,1,plugOn
4288,1774447748.0,1774447763.011766,4393,4383,0.9977236512633736,10,0.0022763487366264513,1012.6205326656044,777.2060075349658,60,11490,1494.0,1405,2855,296330.3593180284,11,12,60.957432278625085,12.73394056140262,998.6123378101526,777.216085777721,7,7,948.7647729865389,776.7958111341494,2997,0.6837782340862423,6,2593.0412959160394,0.0,65535.0,4,4378,2,3,3,0.0023585872979740496,0.004788722664353769,0.0,0.077121,1,2,0,0,1377,2998,2,10,1,2,0,0,2,5330.284584980237,5527.158712045401,26.0,16408.0,0.01668491847041847,0.00930533590653343,0.000961,0.249775,1386,0.002359068218115446,0.004792325525147292,0.0,0.077121,0,2,6,751,outsideDetection
4286,1774447757.992681,1774447758.134492,157,157,1.0,0,0.0,1075.1337579617834,643.2596187561642,66,1494,1494.0,44,112,1190289.3721633228,3,3,61.853503184713375,16.426532355099503,1061.1337579617834,643.2596187561642,3,2,1009.2101910828026,643.1763628598536,113,0.7197452229299363,2,2608.732484076433,941.0,3228.0,0,157,0,0,0,0.0008092675159235669,0.0015979387178253115,0.0,0.011426,0,0,0,0,44,112,0,0,0,1,0,0,0,10558.066666666668,7449.578669453795,314.0,16408.0,0.01638575,0.0020699879914829753,0.012371,0.02062,44,0.0008092675159235669,0.0015979387178253115,0.0,0.011426,0,0,0,15,plugOff
4287,1774447761.30296,1774447761.531626,34,34,1.0,0,0.0,827.3235294117648,837.5712261196234,60,2922,383.5,13,16,123013.44206361205,4,4,74.0,48.144983060952406,813.1470588235294,837.7384104749087,3,3,762.5588235294117,836.7305851900679,21,0.6176470588235294,2,6096.411764705882,1183.0,65535.0,0,34,0,0,0,0.005113823529411764,0.006470157271614778,0.000157,0.023775,0,0,0,0,12,18,2,2,0,0,0,0,0,1989.3846153846155,2952.5345761018484,64.0,8868.0,0.015517428571428571,0.006376581948086242,0.002671,0.030542,14,0.005113823529411764,0.006470157271614778,0.000157,0.023775,0,0,0,13,movingAroundHouse
4289,1774447767.137595,1774447767.283658,1,1,1.0,0,0.0,372.0,,372,372,372.0,0,0,2546.8446655664975,1,1,255.0,,358.0,,1,1,318.0,,1,1.0,1,2427.0,2427.0,2427.0,0,1,0,0,0,0.00213,,0.00213,0.00213,0,0,0,0,0,0,0,0,0,1,0,0,0,313.0,,313.0,313.0,,,,,0,0.00213,,0.00213,0.00213,0,0,0,1,plugOn
4290,1774447793.284353,1774447793.429705,1,1,1.0,0,0.0,373.0,,373,373,373.0,0,0,2566.186159271713,1,1,255.0,,359.0,,1,1,319.0,,1,1.0,1,2394.0,2394.0,2394.0,0,1,0,0,0,0.002195,,0.002195,0.002195,0,0,0,0,0,0,0,0,0,1,0,0,0,314.0,,314.0,314.0,,,,,0,0.002195,,0.002195,0.002195,0,0,0,1,plugOff
4291,1774447820.987893,1774447822.0237,8,8,1.0,0,0.0,219.25,240.09269043434037,60,740,87.0,5,1,1693.365828754544,2,2,185.0,74.83314773547883,203.75,241.2430605959771,2,2,163.75,241.2430605959771,6,0.75,1,33708.5,1816.0,65535.0,0,8,0,0,0,0.014108250000000001,0.02525943928656035,0.0,0.074032,4,4,0,0,0,0,0,0,0,0,0,0,0,119.8,135.4887449200117,28.0,329.0,0.031942,0.0361834900610762,0.005382,0.094151,5,0.014108250000000001,0.02525943928656035,0.0,0.074032,0,0,0,5,alexaBulbOff
4292,1774447824.933013,1774447825.161926,5,5,1.0,0,0.0,206.6,259.29192042946494,60,667,123.0,2,1,4512.630080686907,2,2,199.0,76.68115805072325,190.2,261.00325668466286,2,2,150.2,261.00325668466286,3,0.6,1,27496.8,1678.0,65535.0,0,5,0,0,0,0.0231902,0.03711097360215709,0.000175,0.088012,0,0,0,0,0,0,2,3,0,0,0,0,0,245.33333333333334,314.0785464391564,64.0,608.0,0.015548,0.017580088793859944,0.003117,0.027979,2,0.0231902,0.03711097360215709,0.000175,0.088012,0,0,0,3,movingAroundHouse
4293,1774447837.567825,1774447837.710418,1,1,1.0,0,0.0,373.0,,373,373,373.0,0,0,2615.8383889726756,1,1,255.0,,359.0,,1,1,319.0,,1,1.0,1,2297.0,2297.0,2297.0,0,1,0,0,0,0.002313,,0.002313,0.002313,0,0,0,0,0,0,0,0,0,1,0,0,0,314.0,,314.0,314.0,,,,,0,0.002313,,0.002313,0.002313,0,0,0,1,plugOff
4294,1774447850.711623,1774447850.852973,1,1,1.0,0,0.0,372.0,,372,372,372.0,0,0,2631.764546734923,1,1,255.0,,358.0,,1,1,318.0,,1,1.0,1,2264.0,2264.0,2264.0,0,1,0,0,0,0.028852,,0.028852,0.028852,0,0,0,0,0,0,0,0,0,1,0,0,0,313.0,,313.0,313.0,,,,,0,0.028852,,0.028852,0.028852,0,0,0,1,plugOn
4295,1774447872.853648,1774447872.997293,1,1,1.0,0,0.0,373.0,,373,373,373.0,0,0,2596.678443329444,1,1,255.0,,359.0,,1,1,319.0,,1,1.0,1,2231.0,2231.0,2231.0,0,1,0,0,0,0.000682,,0.000682,0.000682,0,0,0,0,0,0,0,0,0,1,0,0,0,314.0,,314.0,314.0,,,,,0,0.000682,,0.000682,0.000682,0,0,0,1,plugOff
4296,1774447879.998348,1774447880.142296,1,1,1.0,0,0.0,372.0,,372,372,372.0,0,0,2584.2651375873274,1,1,255.0,,358.0,,1,1,318.0,,1,1.0,1,2198.0,2198.0,2198.0,0,1,0,0,0,0.012598,,0.012598,0.012598,0,0,0,0,0,0,0,0,0,1,0,0,0,313.0,,313.0,313.0,,,,,0,0.012598,,0.012598,0.012598,0,0,0,1,plugOn
4297,1774447901.87582,1774447902.11097,4,4,1.0,0,0.0,243.25,284.05677249451384,60,667,123.0,1,1,4137.782654409297,2,2,185.0,80.82903768654761,227.75,285.35986052701946,2,2,187.75,285.35986052701946,3,0.75,1,34124.0,2644.0,65535.0,0,4,0,0,0,0.02805725,0.05166235565267357,0.001591,0.10554,0,0,0,0,0,0,2,2,0,0,0,0,0,245.33333333333334,314.0785464391564,64.0,608.0,0.0174985,0.015705548716934407,0.006393,0.028604,2,0.02805725,0.05166235565267357,0.001591,0.10554,0,0,0,3,movingAroundHouse
4298,1774447913.143507,1774447913.28175,1,1,1.0,0,0.0,373.0,,373,373,373.0,0,0,2698.1482461329383,1,1,255.0,,359.0,,1,1,319.0,,1,1.0,1,2165.0,2165.0,2165.0,0,1,0,0,0,0.061111,,0.061111,0.061111,0,0,0,0,0,0,0,0,0,1,0,0,0,314.0,,314.0,314.0,,,,,0,0.061111,,0.061111,0.061111,0,0,0,1,plugOff
4299,1774447924.504741,1774447924.733446,4,4,1.0,0,0.0,243.25,284.05677249451384,60,667,123.0,1,1,4254.390155724529,2,2,185.0,80.82903768654761,227.75,285.35986052701946,2,2,187.75,285.35986052701946,3,0.75,1,34020.5,2437.0,65535.0,0,4,0,0,0,0.047968000000000004,0.07576006345034302,0.001249,0.16003,0,0,0,0,0,0,2,2,0,0,0,0,0,245.33333333333334,314.0785464391564,64.0,608.0,0.015296500000000001,0.01852973320099348,0.002194,0.028399,2,0.047968000000000004,0.07576006345034302,0.001249,0.16003,0,0,0,3,movingAroundHouse
4300,1774447928.282855,1774447928.423526,1,1,1.0,0,0.0,372.0,,372,372,372.0,0,0,2644.4680204129713,1,1,255.0,,358.0,,1,1,318.0,,1,1.0,1,2132.0,2132.0,2132.0,0,1,0,0,0,0.004502,,0.004502,0.004502,0,0,0,0,0,0,0,0,0,1,0,0,0,313.0,,313.0,313.0,,,,,0,0.004502,,0.004502,0.004502,0,0,0,1,plugOn
4301,1774447941.0,1774447956.770811,4051,4045,0.998518884226117,6,0.0014811157738829918,1037.0548012836337,905.9125984378535,60,15774,1494.0,1322,2661,266385.09449138393,8,9,60.28313996544063,11.013440032435787,1023.0473957047643,905.9206120206984,5,5,972.4719406674907,905.8363476043907,2734,0.6758961681087763,4,2601.2086526576018,0.0,65535.0,4,4040,2,3,3,0.0026345354233522585,0.005404405159069267,0.0,0.124476,1,2,0,0,1304,2737,1,6,0,0,0,0,2,5194.506944444444,5010.895904278217,26.0,16408.0,0.019427500763358776,0.008304914752311557,0.001071,0.266433,1310,0.0026131636588380713,0.005336420258051135,0.0,0.124476,0,2,6,712,outsideDetection
4302,1774447957.425776,1774447957.567004,20,20,1.0,0,0.0,795.4,816.7618605457194,66,2922,519.5,8,10,112640.58430023989,3,3,68.35,44.3992354130469,781.4,816.7618605457194,3,2,730.0,816.4395745842851,12,0.6,2,2397.8,1284.0,3228.0,0,20,0,0,0,0.006738900000000001,0.008734359560771591,1e-06,0.031011,0,0,0,0,8,11,0,0,0,1,0,0,0,2428.3333333333335,2856.1977289163065,314.0,7928.0,0.018044375,0.0032232242481049045,0.013922,0.022486,8,0.006738900000000001,0.008734359560771591,1e-06,0.031011,0,0,0,6,plugOff
4303,1774448019.841471,1774448019.982398,1,1,1.0,0,0.0,372.0,,372,372,372.0,0,0,2639.6630772588314,1,1,255.0,,358.0,,1,1,318.0,,1,1.0,1,1969.0,1969.0,1969.0,0,1,0,0,0,0.002231,,0.002231,0.002231,0,0,0,0,0,0,0,0,0,1,0,0,0,313.0,,313.0,313.0,,,,,0,0.002231,,0.002231,0.002231,0,0,0,1,plugOn
4304,1774448057.984475,1774448058.129128,1,1,1.0,0,0.0,373.0,,373,373,373.0,0,0,2578.5831529917473,1,1,255.0,,359.0,,1,1,319.0,,1,1.0,1,2920.0,2920.0,2920.0,0,1,0,0,0,0.00295,,0.00295,0.00295,0,0,0,0,0,0,0,0,0,1,0,0,0,314.0,,314.0,314.0,,,,,0,0.00295,,0.00295,0.00295,0,0,0,1,plugOff
4305,1774448066.130215,1774448066.272051,2,1,0.5,1,0.5,221.0,213.54624791833734,70,372,221.0,1,0,3116.271479095787,2,2,255.0,0.0,207.0,213.54624791833734,1,1,318.0,,1,1.0,1,2887.0,2887.0,2887.0,0,1,0,1,1,0.056807,0.004277996026178612,0.053782,0.059832,0,0,0,0,0,0,0,1,0,1,0,0,0,313.0,,313.0,313.0,,,,,0,0.059832,,0.059832,0.059832,0,0,0,1,plugOn
4306,1774448105.273028,1774448105.414395,1,1,1.0,0,0.0,373.0,,373,373,373.0,0,0,2638.518749884052,1,1,255.0,,359.0,,1,1,319.0,,1,1.0,1,2854.0,2854.0,2854.0,0,1,0,0,0,0.002721,,0.002721,0.002721,0,0,0,0,0,0,0,0,0,1,0,0,0,314.0,,314.0,314.0,,,,,0,0.002721,,0.002721,0.002721,0,0,0,1,plugOff
4307,1774448117.415334,1774448117.560512,1,1,1.0,0,0.0,372.0,,372,372,372.0,0,0,2562.3703041938115,1,1,255.0,,358.0,,1,1,318.0,,1,1.0,1,2821.0,2821.0,2821.0,0,1,0,0,0,0.002208,,0.002208,0.002208,0,0,0,0,0,0,0,0,0,1,0,0,0,313.0,,313.0,313.0,,,,,0,0.002208,,0.002208,0.002208,0,0,0,1,plugOn
4308,1774448149.562294,1774448149.706143,1,1,1.0,0,0.0,373.0,,373,373,373.0,0,0,2592.9986972649194,1,1,255.0,,359.0,,1,1,319.0,,1,1.0,1,2788.0,2788.0,2788.0,0,1,0,0,0,0.003722,,0.003722,0.003722,0,0,0,0,0,0,0,0,0,1,0,0,0,314.0,,314.0,314.0,,,,,0,0.003722,,0.003722,0.003722,0,0,0,1,plugOff
4309,1774448159.706668,1774448159.850893,1,1,1.0,0,0.0,372.0,,372,372,372.0,0,0,2579.301016326018,1,1,255.0,,358.0,,1,1,318.0,,1,1.0,1,2755.0,2755.0,2755.0,0,1,0,0,0,0.01031,,0.01031,0.01031,0,0,0,0,0,0,0,0,0,1,0,0,0,313.0,,313.0,313.0,,,,,0,0.01031,,0.01031,0.01031,0,0,0,1,plugOn
4310,1774448191.851801,1774448192.006957,1,1,1.0,0,0.0,373.0,,373,373,373.0,0,0,2404.029970558045,1,1,255.0,,359.0,,1,1,319.0,,1,1.0,1,2722.0,2722.0,2722.0,0,1,0,0,0,0.007214,,0.007214,0.007214,0,0,0,0,0,0,0,0,0,1,0,0,0,314.0,,314.0,314.0,,,,,0,0.007214,,0.007214,0.007214,0,0,0,1,plugOff
4311,1774448203.007859,1774448203.153297,1,1,1.0,0,0.0,372.0,,372,372,372.0,0,0,2557.791725067253,1,1,255.0,,358.0,,1,1,318.0,,1,1.0,1,2689.0,2689.0,2689.0,0,1,0,0,0,0.001392,,0.001392,0.001392,0,0,0,0,0,0,0,0,0,1,0,0,0,313.0,,313.0,313.0,,,,,0,0.001392,,0.001392,0.001392,0,0,0,1,plugOn
4312,1774448235.154002,1774448235.307381,1,1,1.0,0,0.0,373.0,,373,373,373.0,0,0,2431.8849962227077,1,1,255.0,,359.0,,1,1,319.0,,1,1.0,1,2625.0,2625.0,2625.0,0,1,0,0,0,0.077736,,0.077736,0.077736,0,0,0,0,0,0,0,0,0,1,0,0,0,314.0,,314.0,314.0,,,,,0,0.077736,,0.077736,0.077736,0,0,0,1,plugOff
4313,1774448246.308022,1774448246.453187,1,1,1.0,0,0.0,372.0,,372,372,372.0,0,0,2562.6017678766757,1,1,255.0,,358.0,,1,1,318.0,,1,1.0,1,2592.0,2592.0,2592.0,0,1,0,0,0,0.00036,,0.00036,0.00036,0,0,0,0,0,0,0,0,0,1,0,0,0,313.0,,313.0,313.0,,,,,0,0.00036,,0.00036,0.00036,0,0,0,1,plugOn
4314,1774448284.45558,1774448284.598895,1,1,1.0,0,0.0,373.0,,373,373,373.0,0,0,2602.657084346048,1,1,255.0,,359.0,,1,1,319.0,,1,1.0,1,2559.0,2559.0,2559.0,0,1,0,0,0,0.055387,,0.055387,0.055387,0,0,0,0,0,0,0,0,0,1,0,0,0,314.0,,314.0,314.0,,,,,0,0.055387,,0.055387,0.055387,0,0,0,1,plugOff
4315,1774448295.600182,1774448295.745952,1,1,1.0,0,0.0,372.0,,372,372,372.0,0,0,2551.968322039637,1,1,255.0,,358.0,,1,1,318.0,,1,1.0,1,2526.0,2526.0,2526.0,0,1,0,0,0,0.037305,,0.037305,0.037305,0,0,0,0,0,0,0,0,0,1,0,0,0,313.0,,313.0,313.0,,,,,0,0.037305,,0.037305,0.037305,0,0,0,1,plugOn
4316,1774448318.746626,1774448318.886971,1,1,1.0,0,0.0,373.0,,373,373,373.0,0,0,2657.73446360316,1,1,255.0,,359.0,,1,1,319.0,,1,1.0,1,2493.0,2493.0,2493.0,0,1,0,0,0,0.009815,,0.009815,0.009815,0,0,0,0,0,0,0,0,0,1,0,0,0,314.0,,314.0,314.0,,,,,0,0.009815,,0.009815,0.009815,0,0,0,1,plugOff
4317,1774448332.887399,1774448333.036198,1,1,1.0,0,0.0,372.0,,372,372,372.0,0,0,2500.0177661558578,1,1,255.0,,358.0,,1,1,318.0,,1,1.0,1,2460.0,2460.0,2460.0,0,1,0,0,0,0.021388,,0.021388,0.021388,0,0,0,0,0,0,0,0,0,1,0,0,0,313.0,,313.0,313.0,,,,,0,0.021388,,0.021388,0.021388,0,0,0,1,plugOn
4318,1774448372.036773,1774448372.186273,1,1,1.0,0,0.0,373.0,,373,373,373.0,0,0,2494.9810812233177,1,1,255.0,,359.0,,1,1,319.0,,1,1.0,1,2427.0,2427.0,2427.0,0,1,0,0,0,0.093278,,0.093278,0.093278,0,0,0,0,0,0,0,0,0,1,0,0,0,314.0,,314.0,314.0,,,,,0,0.093278,,0.093278,0.093278,0,0,0,1,plugOff
4319,1774448380.186903,1774448380.332588,1,1,1.0,0,0.0,372.0,,372,372,372.0,0,0,2553.455115563942,1,1,255.0,,358.0,,1,1,318.0,,1,1.0,1,2394.0,2394.0,2394.0,0,1,0,0,0,0.10805,,0.10805,0.10805,0,0,0,0,0,0,0,0,0,1,0,0,0,313.0,,313.0,313.0,,,,,0,0.10805,,0.10805,0.10805,0,0,0,1,plugOn
4320,1774448405.332983,1774448405.478505,1,1,1.0,0,0.0,373.0,,373,373,373.0,0,0,2563.1884501517948,1,1,255.0,,359.0,,1,1,319.0,,1,1.0,1,2361.0,2361.0,2361.0,0,1,0,0,0,0.021799,,0.021799,0.021799,0,0,0,0,0,0,0,0,0,1,0,0,0,314.0,,314.0,314.0,,,,,0,0.021799,,0.021799,0.021799,0,0,0,1,plugOff
4321,1774448412.478934,1774448412.624655,1,1,1.0,0,0.0,372.0,,372,372,372.0,0,0,2552.8242697129244,1,1,255.0,,358.0,,1,1,318.0,,1,1.0,1,2297.0,2297.0,2297.0,0,1,0,0,0,0.07408,,0.07408,0.07408,0,0,0,0,0,0,0,0,0,1,0,0,0,313.0,,313.0,313.0,,,,,0,0.07408,,0.07408,0.07408,0,0,0,1,plugOn
4322,1774448442.625625,1774448442.770757,1,1,1.0,0,0.0,373.0,,373,373,373.0,0,0,2570.0729915495917,1,1,255.0,,359.0,,1,1,319.0,,1,1.0,1,2264.0,2264.0,2264.0,0,1,0,0,0,0.067614,,0.067614,0.067614,0,0,0,0,0,0,0,0,0,1,0,0,0,314.0,,314.0,314.0,,,,,0,0.067614,,0.067614,0.067614,0,0,0,1,plugOff
4323,1774448449.771385,1774448449.921415,1,1,1.0,0,0.0,372.0,,372,372,372.0,0,0,2479.5018497565443,1,1,255.0,,358.0,,1,1,318.0,,1,1.0,1,2231.0,2231.0,2231.0,0,1,0,0,0,0.076932,,0.076932,0.076932,0,0,0,0,0,0,0,0,0,1,0,0,0,313.0,,313.0,313.0,,,,,0,0.076932,,0.076932,0.076932,0,0,0,1,plugOn
4324,1774448473.922027,1774448474.064939,1,1,1.0,0,0.0,373.0,,373,373,373.0,0,0,2609.9993860691075,1,1,255.0,,359.0,,1,1,319.0,,1,1.0,1,2198.0,2198.0,2198.0,0,1,0,0,0,0.125506,,0.125506,0.125506,0,0,0,0,0,0,0,0,0,1,0,0,0,314.0,,314.0,314.0,,,,,0,0.125506,,0.125506,0.125506,0,0,0,1,plugOff
4325,1774448503.210353,1774448503.356037,1,1,1.0,0,0.0,373.0,,373,373,373.0,0,0,2560.3360025399193,1,1,255.0,,359.0,,1,1,319.0,,1,1.0,1,2132.0,2132.0,2132.0,0,1,0,0,0,0.035277,,0.035277,0.035277,0,0,0,0,0,0,0,0,0,1,0,0,0,314.0,,314.0,314.0,,,,,0,0.035277,,0.035277,0.035277,0,0,0,1,plugOff
4326,1774448510.356894,1774448510.506957,1,1,1.0,0,0.0,372.0,,372,372,372.0,0,0,2478.9582116585375,1,1,255.0,,358.0,,1,1,318.0,,1,1.0,1,2099.0,2099.0,2099.0,0,1,0,0,0,0.023801,,0.023801,0.023801,0,0,0,0,0,0,0,0,0,1,0,0,0,313.0,,313.0,313.0,,,,,0,0.023801,,0.023801,0.023801,0,0,0,1,plugOn
4328,1774448534.0,1774448548.609861,3343,3341,0.9994017349685911,2,0.0005982650314089142,1062.8031708046665,923.84264349945,60,15774,1494.0,1082,2199,243188.55771679187,6,6,59.7382590487586,8.707769367476983,1048.7959916242896,923.8504618727751,4,4,997.3681532475307,923.8313302210828,2265,0.6779407363064951,3,2645.95989224783,0.0,65535.0,4,3336,2,2,2,0.002742262339216273,0.005392616222169678,0.0,0.117237,0,0,0,0,1070,2270,0,0,1,2,0,0,2,5183.12882447665,4883.550838255818,26.0,16408.0,0.01857937430167598,0.005375386732443332,0.001102,0.127748,1074,0.0027340062855432507,0.005383615102634453,0.0,0.117237,0,2,6,613,outsideDetection
4327,1774448545.508945,1774448545.64294,16,16,1.0,0,0.0,670.0,769.4601570798409,66,2358,198.5,8,6,80002.95165973922,3,3,68.9375,50.105846298943334,656.0,769.4601570798409,3,2,604.75,769.1571577599296,8,0.5,2,2275.375,1468.0,3228.0,0,16,0,0,0,0.006972875,0.007580162204728867,0.000142,0.020719,0,0,0,0,8,7,0,0,0,1,0,0,0,1930.2,1620.6658199641283,314.0,4544.0,0.017906875,0.003330215713197656,0.01338,0.022504,8,0.006972875,0.007580162204728867,0.000142,0.020719,0,0,0,5,plugOff
4329,1774448553.62503,1774448553.867065,33,33,1.0,0,0.0,820.8484848484849,725.3017527731182,60,2170,930.0,12,18,111917.7384945152,4,4,74.0,49.05991235214348,806.6666666666666,725.4991672405052,3,3,756.1212121212121,724.3121632614524,21,0.6363636363636364,2,6362.575757575758,1472.0,65535.0,0,33,0,0,0,0.006100727272727272,0.007340745667474488,0.000109,0.026927,0,0,0,0,11,18,2,2,0,0,0,0,0,2074.3333333333335,2364.076576722095,64.0,8680.0,0.016073846153846154,0.005786498550449916,0.002227,0.02718,13,0.006100727272727272,0.007340745667474488,0.000109,0.026927,0,0,0,12,movingAroundHouse
4330,1774448558.643451,1774448558.791376,1,1,1.0,0,0.0,372.0,,372,372,372.0,0,0,2514.785545166921,1,1,255.0,,358.0,,1,1,318.0,,1,1.0,1,2033.0,2033.0,2033.0,0,1,0,0,0,0.004509,,0.004509,0.004509,0,0,0,0,0,0,0,0,0,1,0,0,0,313.0,,313.0,313.0,,,,,0,0.004509,,0.004509,0.004509,0,0,0,1,plugOn
4331,1774448573.457202,1774448574.50219,7,7,1.0,0,0.0,237.57142857142858,239.60930501050885,60,709,87.0,4,1,1591.4055977210119,2,2,175.0,74.83314773547883,222.71428571428572,240.3599483314655,2,2,182.71428571428572,240.3599483314655,6,0.8571428571428571,1,38524.71428571428,2456.0,65535.0,0,7,0,0,0,0.014224428571428572,0.01782614660975223,0.0,0.048604,4,3,0,0,0,0,0,0,0,0,0,0,0,208.16666666666666,248.06806861558516,28.0,650.0,0.0361564,0.041778784571837424,0.009989,0.109921,5,0.014224428571428572,0.01782614660975223,0.0,0.048604,0,0,0,6,alexaBulbOn
4332,1774448588.792126,1774448588.935464,1,1,1.0,0,0.0,373.0,,373,373,373.0,0,0,2602.2414924742557,1,1,255.0,,359.0,,1,1,319.0,,1,1.0,1,2000.0,2000.0,2000.0,0,1,0,0,0,0.129344,,0.129344,0.129344,0,0,0,0,0,0,0,0,0,1,0,0,0,314.0,,314.0,314.0,,,,,0,0.129344,,0.129344,0.129344,0,0,0,1,plugOff
4333,1774448598.935819,1774448599.100068,1,1,1.0,0,0.0,372.0,,372,372,372.0,0,0,2264.8514655739277,1,1,255.0,,358.0,,1,1,318.0,,1,1.0,1,1967.0,1967.0,1967.0,0,1,0,0,0,0.001541,,0.001541,0.001541,0,0,0,0,0,0,0,0,0,1,0,0,0,313.0,,313.0,313.0,,,,,0,0.001541,,0.001541,0.001541,0,0,0,1,plugOn
4334,1774448622.581544,1774448622.813994,4,4,1.0,0,0.0,243.25,284.05677249451384,60,667,123.0,1,1,4185.846267459583,2,2,185.0,80.82903768654761,227.75,285.35986052701946,2,2,187.75,285.35986052701946,3,0.75,1,33641.0,1678.0,65535.0,0,4,0,0,0,0.0073542500000000005,0.006873641993150356,0.000568,0.014801,0,0,0,0,0,0,2,2,0,0,0,0,0,245.33333333333334,314.0785464391564,64.0,608.0,0.0209635,0.012966217046617722,0.011795,0.030132,2,0.0073542500000000005,0.006873641993150356,0.000568,0.014801,0,0,0,3,movingAroundHouse
4335,1774448625.948648,1774448626.978952,11,7,0.6363636363636364,4,0.36363636363636365,186.27272727272728,216.82347239590595,60,707,87.0,8,1,1988.7335090785225,3,3,204.0909090909091,70.63349707533183,171.72727272727272,217.18015144533393,2,2,197.85714285714286,254.12885745321444,6,0.8571428571428571,1,38292.857142857145,1915.0,65535.0,0,7,0,1,1,0.02294154545454545,0.02848419211198954,0.0,0.075745,4,3,0,0,0,0,0,4,0,0,0,0,0,225.83333333333334,261.46389170718516,28.0,648.0,0.0329964,0.039804641246970175,0.005187,0.101959,5,0.023959714285714286,0.02735174868093011,0.0,0.075745,0,0,0,6,alexaBulbChange
4336,1774448638.101791,1774448638.244471,1,1,1.0,0,0.0,373.0,,373,373,373.0,0,0,2614.238578714132,1,1,255.0,,359.0,,1,1,319.0,,1,1.0,1,1903.0,1903.0,1903.0,0,1,0,0,0,0.138072,,0.138072,0.138072,0,0,0,0,0,0,0,0,0,1,0,0,0,314.0,,314.0,314.0,,,,,0,0.138072,,0.138072,0.138072,0,0,0,1,plugOff
4337,1774448648.246616,1774448648.395062,1,1,1.0,0,0.0,372.0,,372,372,372.0,0,0,2505.9603615642086,1,1,255.0,,358.0,,1,1,318.0,,1,1.0,1,1870.0,1870.0,1870.0,0,1,0,0,0,0.060458,,0.060458,0.060458,0,0,0,0,0,0,0,0,0,1,0,0,0,313.0,,313.0,313.0,,,,,0,0.060458,,0.060458,0.060458,0,0,0,1,plugOn
4338,1774448680.963589,1774448681.190761,4,4,1.0,0,0.0,243.25,284.05677249451384,60,667,123.0,1,1,4283.095699228298,2,2,185.0,80.82903768654761,227.75,285.35986052701946,2,2,187.75,285.35986052701946,3,0.75,1,34089.5,2575.0,65535.0,0,4,0,0,0,0.023564500000000002,0.02935842877834802,0.001475,0.063789,0,0,0,0,0,0,2,2,0,0,0,0,0,245.33333333333334,314.0785464391564,64.0,608.0,0.014497000000000001,0.017758279702718954,0.00194,0.027054,2,0.023564500000000002,0.02935842877834802,0.001475,0.063789,0,0,0,3,movingAroundHouse
4339,1774448685.395928,1774448685.535913,1,1,1.0,0,0.0,373.0,,373,373,373.0,0,0,2664.5695949858637,1,1,255.0,,359.0,,1,1,319.0,,1,1.0,1,1837.0,1837.0,1837.0,0,1,0,0,0,0.011123,,0.011123,0.011123,0,0,0,0,0,0,0,0,0,1,0,0,0,314.0,,314.0,314.0,,,,,0,0.011123,,0.011123,0.011123,0,0,0,1,plugOff
4340,1774448687.139112,1774448688.172704,13,9,0.6923076923076923,4,0.3076923076923077,169.23076923076923,210.4527476046796,60,738,70.0,10,1,2128.49947603328,3,3,211.92307692307693,67.25382459813659,153.84615384615384,211.24624105288683,2,2,157.33333333333334,244.9959183333469,6,0.6666666666666666,1,30253.777777777777,1740.0,65535.0,0,9,0,1,1,0.028000846153846147,0.04343850071623512,1e-06,0.146091,4,5,0,0,0,0,0,4,0,0,0,0,0,141.4,178.84853927276006,28.0,437.0,0.034599399999999995,0.03625145724381297,0.003526,0.096981,5,0.026597,0.04612668358987019,1e-06,0.146091,0,0,0,5,alexaBulbChange
4341,1774448692.946319,1774448693.17335,4,4,1.0,0,0.0,243.25,284.05677249451384,60,667,123.0,1,1,4285.7584739933445,2,2,185.0,80.82903768654761,227.75,285.35986052701946,2,2,187.75,285.35986052701946,3,0.75,1,33986.0,2368.0,65535.0,0,4,0,0,0,0.013523499999999999,0.011916129698857763,0.002149,0.027686,0,0,0,0,0,0,2,2,0,0,0,0,0,245.33333333333334,314.0785464391564,64.0,608.0,0.016514,0.015799593918832216,0.005342,0.027686,2,0.013523499999999999,0.011916129698857763,0.002149,0.027686,0,0,0,3,movingAroundHouse
4342,1774448699.536931,1774448699.688226,1,1,1.0,0,0.0,372.0,,372,372,372.0,0,0,2458.773463267657,1,1,255.0,,358.0,,1,1,318.0,,1,1.0,1,1804.0,1804.0,1804.0,0,1,0,0,0,0.106622,,0.106622,0.106622,0,0,0,0,0,0,0,0,0,1,0,0,0,313.0,,313.0,313.0,,,,,0,0.106622,,0.106622,0.106622,0,0,0,1,plugOn
4343,1774448705.151988,1774448705.380078,4,4,1.0,0,0.0,243.25,284.05677249451384,60,667,123.0,1,1,4265.859072896969,2,2,185.0,80.82903768654761,227.75,285.35986052701946,2,2,187.75,285.35986052701946,3,0.75,1,33882.5,2161.0,65535.0,0,4,0,0,0,0.016401500000000003,0.01679825603051301,0.002015,0.03427,0,0,0,0,0,0,2,2,0,0,0,0,0,245.33333333333334,314.0785464391564,64.0,608.0,0.014605,0.01780494875027727,0.002015,0.027195,2,0.016401500000000003,0.01679825603051301,0.002015,0.03427,0,0,0,3,movingAroundHouse
4344,1774450170.197105,1774450170.424733,5,5,1.0,0,0.0,206.6,259.29192042946494,60,667,123.0,2,1,4538.106179581688,2,2,171.0,76.68115805072325,190.2,261.00325668466286,2,2,150.2,261.00325668466286,3,0.6,1,40406.2,2644.0,65535.0,0,5,0,0,0,0.006713600000000002,0.011566962016882393,0.000204,0.027357,0,0,0,0,0,0,3,2,0,0,0,0,0,245.33333333333334,314.0785464391564,64.0,608.0,0.014717,0.017875659428395918,0.002077,0.027357,2,0.006713600000000002,0.011566962016882393,0.000204,0.027357,0,0,0,3,movingAroundHouse
4345,1774450241.0,1774450256.024479,2878,2876,0.9993050729673384,2,0.0006949270326615705,1000.7029186935372,731.6310989813733,60,10062,1494.0,920,1875,191688.7112558673,5,5,59.70708825573315,7.477043429700616,986.6966643502432,731.6391689519205,4,4,935.3056328233658,731.5285191858027,1961,0.6818497913769124,3,2619.539986091794,0.0,65160.0,4,2871,2,2,2,0.0032700597637248087,0.006348934530820861,0.0,0.110559,0,0,0,0,910,1968,0,0,0,0,0,0,2,4301.5278246205735,3868.2707240984378,26.0,16408.0,0.01811086966046002,0.004710587349479036,0.000949,0.070701,913,0.0032629370653685674,0.0063405353582117584,0.0,0.110559,0,2,6,585,outsideDetection
4346,1774450258.925615,1774450259.968712,189,189,1.0,0,0.0,936.0846560846561,709.0872115940962,60,2922,1418.0,63,118,169610.3015771648,4,4,63.74074074074074,26.43722958176637,922.0529100529101,709.1267759855625,3,3,870.4973544973545,708.692432645297,129,0.6825396825396826,2,3925.15873015873,1250.0,65535.0,0,189,0,0,0,0.004386042328042328,0.00663029387913769,0.0,0.040366,4,3,0,0,59,123,0,0,0,0,0,0,0,3375.891304347826,4774.9013403571935,28.0,16408.0,0.019065421875000002,0.009659957676473532,0.00945,0.090205,64,0.004386042328042328,0.00663029387913769,0.0,0.040366,0,0,0,46,alexaBulbOff
4347,1774450295.419972,1774450296.581754,7,7,1.0,0,0.0,237.57142857142858,239.60930501050882,60,709,87.0,4,1,1431.4216973293135,2,2,175.0,74.83314773547883,222.71428571428572,240.3599483314655,2,2,182.71428571428572,240.3599483314655,6,0.8571428571428571,1,38260.28571428572,1872.0,65535.0,0,7,0,0,0,0.010567428571428573,0.011057484205386908,0.0,0.028663,4,3,0,0,0,0,0,0,0,0,0,0,0,208.16666666666666,248.06806861558516,28.0,650.0,0.03838899999999999,0.036914042459024535,0.009259,0.092385,4,0.010567428571428573,0.011057484205386908,0.0,0.028663,0,0,0,6,alexaBulbOn
4348,1774450348.595479,1774450349.69814,4,4,1.0,0,0.0,270.0,290.36643515851944,60,688,166.0,2,1,979.4488999209711,2,2,185.0,80.82903768654761,254.5,291.8247190809351,2,2,214.5,291.8247190809351,3,0.75,1,34227.5,2920.0,65535.0,0,4,0,0,0,0.026626999999999998,0.018003419878826726,0.008376,0.042171,2,2,0,0,0,0,0,0,0,0,0,0,0,281.0,311.5589831797504,28.0,629.0,0.0183075,0.006169506665852626,0.013945,0.02267,2,0.026626999999999998,0.018003419878826726,0.008376,0.042171,0,0,0,3,alexaBulbChange
4349,1774450450.042206,1774450451.08595,8,8,1.0,0,0.0,228.125,243.14277845390703,60,703,87.0,5,1,1748.5132986384192,2,2,185.0,74.83314773547883,212.625,244.3410599375974,2,2,172.625,244.3410599375974,6,0.75,1,33925.0,2249.0,65535.0,0,8,0,0,0,0.015478500000000001,0.009963832667632042,1e-06,0.030799,4,4,0,0,0,0,0,0,0,0,0,0,0,225.16666666666666,260.17410837104194,28.0,644.0,0.036153,0.03157229813459894,0.010574,0.090874,5,0.015478500000000001,0.009963832667632042,1e-06,0.030799,0,0,0,6,alexaBulbChange
4350,1774450586.061982,1774450587.100864,7,7,1.0,0,0.0,241.14285714285714,247.85172218581857,60,734,87.0,4,1,1624.8235816557033,2,2,175.0,74.83314773547883,226.28571428571428,248.59184371556677,2,2,186.28571428571428,248.59184371556677,6,0.8571428571428571,1,38237.142857142855,1785.0,65535.0,0,7,0,0,0,0.03158271428571428,0.03816264016335997,1e-06,0.091029,4,3,0,0,0,0,0,0,0,0,0,0,0,119.8,135.4887449200117,28.0,329.0,0.0297506,0.035651803296607595,0.003514,0.091029,5,0.03158271428571428,0.03816264016335997,1e-06,0.091029,0,0,0,5,alexaBulbOff
4351,1774450591.65059,1774450591.882571,4,4,1.0,0,0.0,243.25,284.05677249451384,60,667,123.0,1,1,4194.3083106971335,2,2,185.0,80.82903768654761,227.75,285.35986052701946,2,2,187.75,285.35986052701946,3,0.75,1,33951.5,2299.0,65535.0,0,4,0,0,0,0.03554149999999999,0.04948506048967371,0.002125,0.106913,0,0,0,0,0,0,2,2,0,0,0,0,0,245.33333333333334,314.0785464391564,64.0,608.0,0.016564000000000002,0.020383060074483417,0.002151,0.030977,2,0.03554149999999999,0.04948506048967371,0.002125,0.106913,0,0,0,3,movingAroundHouse
4352,1774450617.469214,1774450617.696576,4,4,1.0,0,0.0,243.25,284.05677249451384,60,667,123.0,1,1,4279.516070241373,2,2,185.0,80.82903768654761,227.75,285.35986052701946,2,2,187.75,285.35986052701946,3,0.75,1,33848.0,2092.0,65535.0,0,4,0,0,0,0.0090365,0.010135910960540251,0.002254,0.023791,0,0,0,0,0,0,2,2,0,0,0,0,0,245.33333333333334,314.0785464391564,64.0,608.0,0.014155000000000001,0.01644447530327435,0.002527,0.025783,2,0.0090365,0.010135910960540251,0.002254,0.023791,0,0,0,3,movingAroundHouse
4353,1774450714.035101,1774450715.06771,8,8,1.0,0,0.0,214.625,228.71500512959042,60,703,87.0,5,1,1662.77847998973,2,2,185.0,74.83314773547883,199.125,229.88782202258065,2,2,159.125,229.88782202258065,6,0.75,1,34211.0,2821.0,65535.0,0,8,0,0,0,0.012304124999999999,0.01190835136049487,1e-06,0.032095,4,4,0,0,0,0,0,0,0,0,0,0,0,207.16666666666666,245.9336631424553,28.0,644.0,0.015351600000000002,0.011028615701891148,0.00286,0.0268,5,0.012304124999999999,0.01190835136049487,1e-06,0.032095,0,0,0,6,alexaBulbOn
4354,1774450832.0,1774450846.898316,2704,2694,0.996301775147929,10,0.0036982248520710057,984.7082100591716,764.3453096703066,60,8634,1494.0,904,1720,178721.60965749845,8,8,59.55991124260355,7.786512675412367,970.7015532544378,764.3533921458692,5,5,921.880846325167,763.9838912530788,1794,0.6659242761692651,4,2520.2910170749815,0.0,65160.0,6,2688,2,3,3,0.0037581028106508873,0.006376931360675857,0.0,0.080727,0,0,0,0,896,1808,0,0,0,0,0,0,3,3490.9138187221397,4048.972753505902,26.0,16408.0,0.01805665401785714,0.00761047975500833,0.001018,0.145978,896,0.0037435764662212324,0.006352857325853798,0.0,0.080727,0,2,9,662,outsideDetection
4355,1774450902.042709,1774450903.079595,9,9,1.0,0,0.0,210.33333333333334,236.35460647087038,60,711,87.0,6,1,1825.658792163283,2,2,192.77777777777777,73.78647873726219,194.33333333333334,237.80033641691927,2,2,154.33333333333334,237.80033641691927,6,0.6666666666666666,1,30240.0,1709.0,65535.0,0,9,0,0,0,0.010902,0.00971153655453142,1e-06,0.026456,4,5,0,0,0,0,0,0,0,0,0,0,0,226.5,262.75749275710484,28.0,652.0,0.0326828,0.03648189230563568,0.007503,0.096703,5,0.010902,0.00971153655453142,1e-06,0.026456,0,0,0,6,alexaBulbChange
4356,1774450972.2002,1774450973.29917,6,6,1.0,0,0.0,267.8333333333333,249.49422170997602,87,713,166.0,3,1,1462.278399813946,2,2,161.66666666666666,72.29568912920512,253.83333333333334,249.49422170997602,2,2,213.83333333333334,249.49422170997602,6,1.0,1,44536.166666666664,2522.0,65535.0,0,6,0,0,0,0.022900166666666666,0.037429861637022735,0.0,0.097829,4,2,0,0,0,0,0,0,0,0,0,0,0,208.83333333333334,249.49422170997602,28.0,654.0,0.04116825,0.04234833097360509,0.011748,0.104054,4,0.022900166666666666,0.037429861637022735,0.0,0.097829,0,0,0,6,alexaBulbOff
4357,1774451023.933259,1774451024.967781,7,7,1.0,0,0.0,242.0,249.84261712792983,60,740,87.0,4,1,1637.4711290359753,2,2,175.0,74.83314773547883,227.14285714285714,250.58027893367066,2,2,187.14285714285714,250.58027893367066,6,0.8571428571428571,1,38339.142857142855,2023.0,65535.0,0,7,0,0,0,0.035544428571428574,0.055978613103152004,0.0,0.16048,4,3,0,0,0,0,0,0,0,0,0,0,0,119.8,135.4887449200117,28.0,329.0,0.0348132,0.035510529110392035,0.008397,0.096592,5,0.035544428571428574,0.055978613103152004,0.0,0.16048,0,0,0,5,alexaBulbOn
4358,1774451301.039611,1774451302.095912,8,8,1.0,0,0.0,232.5,253.02230280013995,60,738,87.0,5,1,1760.8619265730974,2,2,185.0,74.83314773547883,217.0,254.2035180154448,2,2,177.0,254.2035180154448,6,0.75,1,34211.0,2821.0,65535.0,0,8,0,0,0,0.022172749999999998,0.032114173634304924,1e-06,0.095207,4,4,0,0,0,0,0,0,0,0,0,0,0,141.4,178.84853927276006,28.0,437.0,0.015213399999999998,0.007886568664508032,0.008089,0.023792,5,0.022172749999999998,0.032114173634304924,1e-06,0.095207,0,0,0,5,alexaBulbChange
4359,1774451304.0,1774451318.802244,2424,2414,0.9958745874587459,10,0.004125412541254125,1006.4727722772277,908.854453555585,60,15774,1494.0,847,1512,164818.92938485686,8,8,60.07673267326733,7.198148513571429,992.4653465346535,908.8622143059482,5,5,944.09942004971,908.9836165424759,1576,0.6528583264291632,4,2575.1304888152445,0.0,65160.0,6,2408,2,3,3,0.003813395214521453,0.007368208719825483,0.0,0.193437,0,0,0,0,833,1591,0,0,0,0,0,0,3,3786.404593639576,3836.952824521977,26.0,16408.0,0.01623568225419664,0.004935138927755868,0.001025,0.067137,834,0.0038144544324772156,0.007377487937441155,0.0,0.193437,0,2,9,555,outsideDetection
4360,1774451399.116297,1774451400.160608,7,7,1.0,0,0.0,242.0,249.84261712792983,60,740,87.0,4,1,1622.1220732220163,2,2,175.0,74.83314773547883,227.14285714285714,250.58027893367066,2,2,187.14285714285714,250.58027893367066,6,0.8571428571428571,1,38482.28571428572,2357.0,65535.0,0,7,0,0,0,0.022051428571428573,0.017965745970755415,1e-06,0.056925,4,3,0,0,0,0,0,0,0,0,0,0,0,119.8,135.4887449200117,28.0,329.0,0.0360422,0.029545990078181508,0.018916,0.088591,5,0.022051428571428573,0.017965745970755415,1e-06,0.056925,0,0,0,5,alexaBulbOff
4361,1774451459.146935,1774451460.177164,7,7,1.0,0,0.0,237.57142857142858,239.60930501050885,60,709,87.0,4,1,1614.2040770230872,2,2,175.0,74.83314773547883,222.71428571428572,240.3599483314655,2,2,182.71428571428572,240.3599483314655,6,0.8571428571428571,1,38296.71428571428,1924.0,65535.0,0,7,0,0,0,0.014576000000000002,0.008961921817705545,0.0,0.024191,4,3,0,0,0,0,0,0,0,0,0,0,0,208.16666666666666,248.06806861558516,28.0,650.0,0.0358414,0.030488623563552357,0.010282,0.088518,5,0.014576000000000002,0.008961921817705545,0.0,0.024191,0,0,0,6,alexaBulbOn
4362,1774451462.552211,1774451462.788739,4,4,1.0,0,0.0,243.25,284.05677249451384,60,667,123.0,1,1,4113.679268599998,2,2,185.0,80.82903768654761,227.75,285.35986052701946,2,2,187.75,285.35986052701946,3,0.75,1,33934.25,1747.0,65535.0,0,4,0,0,0,0.031865,0.04369690477978198,0.001525,0.094776,0,0,0,0,0,0,2,2,0,0,0,0,0,245.33333333333334,314.0785464391564,64.0,608.0,0.016342000000000002,0.01679661448030525,0.004465,0.028219,2,0.031865,0.04369690477978198,0.001525,0.094776,0,0,0,3,movingAroundHouse
4363,1774451475.707895,1774451475.936021,4,4,1.0,0,0.0,243.25,284.05677249451384,60,667,123.0,1,1,4265.185865827785,2,2,185.0,80.82903768654761,227.75,285.35986052701946,2,2,187.75,285.35986052701946,3,0.75,1,34124.0,2644.0,65535.0,0,4,0,0,0,0.022887499999999998,0.027569023879467816,0.002175,0.060743,0,0,0,0,0,0,2,2,0,0,0,0,0,245.33333333333334,314.0785464391564,64.0,608.0,0.014316,0.01646710272027232,0.002672,0.02596,2,0.022887499999999998,0.027569023879467816,0.002175,0.060743,0,0,0,3,movingAroundHouse
4365,1774451517.0,1774451531.784121,1906,1896,0.9947534102833159,10,0.005246589716684155,984.9564533053515,870.3132037625146,60,12918,1418.0,690,1147,126982.65898671836,10,10,60.14900314795383,12.226679727893996,970.9407135362014,870.3299945253003,6,6,923.5152953586498,870.3394011055987,1212,0.6392405063291139,5,2768.78164556962,0.0,65535.0,6,1890,2,3,3,0.005067901364113327,0.007671511453407808,0.0,0.109075,4,4,0,0,678,1220,0,0,0,0,0,0,3,2653.7156704361873,3056.874072810231,26.0,16408.0,0.01694186111111111,0.005034836051075419,0.001183,0.067902,684,0.005060393987341772,0.0076748738702927975,0.0,0.109075,0,2,9,608,outsideDetection
4364,1774451519.186589,1774451520.226496,8,8,1.0,0,0.0,215.625,231.15977004166248,60,711,87.0,5,1,1658.8022154735577,2,2,185.0,74.83314773547883,200.125,232.32762427227632,2,2,160.125,232.32762427227632,6,0.75,1,34211.0,2821.0,65535.0,0,8,0,0,0,0.027961625000000004,0.036862854993446416,0.000148,0.109075,4,4,0,0,0,0,0,0,0,0,0,0,0,208.5,248.7808272355408,28.0,652.0,0.016633600000000002,0.007171637630276645,0.008344,0.024414,5,0.027961625000000004,0.036862854993446416,0.000148,0.109075,0,0,0,6,alexaBulbOff
4366,1774451543.374125,1774451544.43766,8,8,1.0,0,0.0,219.0,239.47323142979587,60,738,87.0,5,1,1647.3365155805398,2,2,185.0,74.83314773547883,203.5,240.62478200361184,2,2,163.5,240.62478200361184,6,0.75,1,33994.5,2388.0,65535.0,0,8,0,0,0,0.023831500000000002,0.029962707702361327,1e-06,0.089174,4,4,0,0,0,0,0,0,0,0,0,0,0,119.8,135.4887449200117,28.0,329.0,0.033394,0.03189127687158356,0.009114,0.089174,5,0.023831500000000002,0.029962707702361327,1e-06,0.089174,0,0,0,5,alexaBulbOn
4367,1774451620.056825,1774451621.10126,7,7,1.0,0,0.0,237.85714285714286,240.2654286210902,60,711,87.0,4,1,1594.163314445846,2,2,175.0,74.83314773547883,223.0,241.01521390429554,2,2,183.0,241.01521390429554,6,0.8571428571428571,1,38296.71428571428,1924.0,65535.0,0,7,0,0,0,0.013648857142857143,0.0110007729641841,0.0,0.028459,4,3,0,0,0,0,0,0,0,0,0,0,0,208.5,248.7808272355408,28.0,652.0,0.034464,0.040144215181019544,0.006475,0.104793,5,0.013648857142857143,0.0110007729641841,0.0,0.028459,0,0,0,6,alexaBulbOff
4368,1774451660.83813,1774451661.882631,9,8,0.8888888888888888,1,0.1111111111111111,199.22222222222223,221.0349394200936,60,709,87.0,6,1,1716.609066288058,3,3,192.77777777777777,73.78647873726219,183.88888888888889,221.99349339814245,2,2,159.875,231.71684537074862,6,0.75,1,34211.0,2821.0,65535.0,0,8,0,1,1,0.02220577777777778,0.037979327616407904,1e-06,0.122738,4,4,0,0,0,0,0,1,0,0,0,0,0,208.16666666666666,248.06806861558516,28.0,650.0,0.0177378,0.008823751226094263,0.010346,0.028059,5,0.023544,0.040374132846946166,1e-06,0.122738,0,0,0,6,alexaBulbOn
4369,1774451905.394014,1774451906.428333,8,8,1.0,0,0.0,218.5,238.23577756979685,60,734,87.0,5,1,1690.0005951710011,2,2,185.0,74.83314773547883,203.0,239.38970022001484,2,2,163.0,239.38970022001484,6,0.75,1,34211.0,2821.0,65535.0,0,8,0,0,0,0.0273645,0.03105135147277352,0.0,0.090677,4,4,0,0,0,0,0,0,0,0,0,0,0,119.8,135.4887449200117,28.0,329.0,0.020025800000000003,0.008877183629958322,0.007067,0.028174,5,0.0273645,0.03105135147277352,0.0,0.090677,0,0,0,5,alexaBulbOff
4370,1774451950.096257,1774451951.148512,7,7,1.0,0,0.0,240.85714285714286,247.18915063262017,60,732,87.0,4,1,1602.2733423103825,2,2,175.0,74.83314773547883,226.0,247.9300976753999,2,2,186.0,247.9300976753999,6,0.8571428571428571,1,38509.71428571428,2454.0,65535.0,0,7,0,0,0,0.006802285714285715,0.005996681657780569,0.0,0.016251,4,3,0,0,0,0,0,0,0,0,0,0,0,119.8,135.4887449200117,28.0,329.0,0.04289725,0.042426309049731555,0.01331,0.105674,4,0.006802285714285715,0.005996681657780569,0.0,0.016251,0,0,0,5,alexaBulbOn
4371,1774451998.0,1774452013.165277,2673,2671,0.9992517770295548,2,0.0007482229704451926,992.6603067714179,772.3009819500514,60,8634,1494.0,922,1696,174964.22909108826,7,7,59.88028432472877,9.070987734640779,978.6513280957726,772.3118637631762,5,5,927.3144889554474,772.2195142659972,1756,0.6574316735305129,4,2487.820666417072,0.0,65535.0,4,2666,2,2,2,0.0036590445192667413,0.006411444352057442,0.0,0.105814,0,0,0,0,908,1762,0,0,1,2,0,0,2,3910.585483870968,4085.6875520494095,26.0,16408.0,0.01622924617067834,0.008212073207237035,0.001053,0.216408,914,0.003653709472107825,0.006405883766461862,0.0,0.105814,0,2,6,612,outsideDetection
4372,1774452045.124292,1774452046.16687,8,8,1.0,0,0.0,219.25,240.09269043434037,60,740,87.0,5,1,1682.3677741722292,2,2,185.0,74.83314773547883,203.75,241.2430605959771,2,2,163.75,241.2430605959771,6,0.75,1,34211.0,2821.0,65535.0,0,8,0,0,0,0.023818875000000003,0.016829875905132005,1e-06,0.055846,4,4,0,0,0,0,0,0,0,0,0,0,0,119.8,135.4887449200117,28.0,329.0,0.024649400000000002,0.008938224700688611,0.011918,0.037121,5,0.023818875000000003,0.016829875905132005,1e-06,0.055846,0,0,0,5,alexaBulbOff
4373,1774452105.999079,1774452107.060894,7,7,1.0,0,0.0,237.57142857142858,239.60930501050885,60,709,87.0,4,1,1566.1861654962586,2,2,175.0,74.83314773547883,222.71428571428572,240.3599483314655,2,2,182.71428571428572,240.3599483314655,6,0.8571428571428571,1,38495.57142857143,2388.0,65535.0,0,7,0,0,0,0.03738999999999999,0.04871037957834723,0.0,0.134678,4,3,0,0,0,0,0,0,0,0,0,0,0,208.16666666666666,248.06806861558516,28.0,650.0,0.03622800000000001,0.0390412166370363,0.008196,0.104315,5,0.03738999999999999,0.04871037957834723,0.0,0.134678,0,0,0,6,alexaBulbOn
4374,1774452146.918538,1774452147.954095,7,7,1.0,0,0.0,194.85714285714286,247.92164660864702,60,738,87.0,5,1,1317.165807746855,2,2,195.0,74.83314773547883,179.14285714285714,249.0243820535308,2,2,139.14285714285714,249.0243820535308,5,0.7142857142857143,1,29180.14285714286,1848.0,65535.0,0,7,0,0,0,0.022824571428571427,0.013780522823380624,0.0,0.040361,3,4,0,0,0,0,0,0,0,0,0,0,0,67.5,79.0,28.0,186.0,0.0564854,0.048634176191234085,0.021904,0.131278,5,0.022824571428571427,0.013780522823380624,0.0,0.040361,0,0,0,4,alexaBulbChange
4375,1774452262.62871,1774452263.664636,11,11,1.0,0,0.0,209.27272727272728,251.963525498867,60,730,87.0,8,2,2222.166737399505,4,4,156.63636363636363,80.3321513807177,194.1818181818182,252.6851076663673,3,3,150.9090909090909,254.47218101217058,8,0.7272727272727273,2,25970.0,1416.0,65535.0,0,11,0,0,0,0.029684818181818184,0.03832858525909398,1e-06,0.108032,4,4,0,0,1,2,0,0,0,0,0,0,0,135.57142857142858,224.63737975001487,26.0,627.0,0.013122428571428571,0.010895335039320617,0.001062,0.025195,7,0.029684818181818184,0.03832858525909398,1e-06,0.108032,0,0,0,7,alexaBulbChange
4376,1774452333.847765,1774452334.91648,8,8,1.0,0,0.0,228.125,243.14277845390703,60,703,87.0,5,1,1707.6581098650847,2,2,185.0,74.83314773547883,212.625,244.3410599375974,2,2,172.625,244.3410599375974,6,0.75,1,33940.5,2280.0,65535.0,0,8,0,0,0,0.031001874999999998,0.05210370712458952,0.0,0.156851,4,4,0,0,0,0,0,0,0,0,0,0,0,225.16666666666666,260.17410837104194,28.0,644.0,0.034210599999999994,0.03951821711945011,0.005969,0.102504,5,0.031001874999999998,0.05210370712458952,0.0,0.156851,0,0,0,6,alexaBulbChange
4377,1774452501.918288,1774452502.975194,8,8,1.0,0,0.0,214.875,229.32536929001117,60,705,87.0,5,1,1626.4455160574646,2,2,185.0,74.83314773547883,199.375,230.49693986193023,2,2,159.375,230.49693986193023,6,0.75,1,33708.5,1816.0,65535.0,0,8,0,0,0,0.011143,0.010188832738416535,0.0,0.027591,4,4,0,0,0,0,0,0,0,0,0,0,0,207.5,246.64448098427016,28.0,646.0,0.0351418,0.03527330223696103,0.009682,0.096977,5,0.011143,0.010188832738416535,0.0,0.027591,0,0,0,6,alexaBulbOff
4378,1774452510.0,1774452522.546634,3157,3155,0.9993664871713652,2,0.0006335128286347799,1022.660753880266,724.2216467059512,60,5778,1494.0,992,2086,257323.20003894772,5,5,60.39056065885334,6.5733513237916155,1008.6550522648083,724.229251457465,4,4,957.2234548335974,724.1063789409238,2171,0.6881141045958795,3,2853.5099841521396,0.0,65160.0,4,3150,2,2,2,0.002870851124485271,0.0052624856461734315,0.0,0.065124,0,0,0,0,978,2179,0,0,0,0,0,0,2,4933.065326633166,4302.175323505731,26.0,16408.0,0.016696494393476046,0.004238874715330054,0.001024,0.069758,981,0.002857764183835182,0.005235278756875487,0.0,0.065124,0,2,6,589,outsideDetection
4379,1774452536.43439,1774452537.476021,8,8,1.0,0,0.0,218.25,237.6177903392637,60,732,87.0,5,1,1676.217420472854,2,2,185.0,74.83314773547883,202.75,238.7729046604744,2,2,162.75,238.7729046604744,6,0.75,1,34211.0,2821.0,65535.0,0,8,0,0,0,0.017650625,0.028573332351975126,1e-06,0.077614,4,4,0,0,0,0,0,0,0,0,0,0,0,119.8,135.4887449200117,28.0,329.0,0.0118422,0.010503081938174147,0.003022,0.024554,5,0.017650625,0.028573332351975126,1e-06,0.077614,0,0,0,5,alexaBulbOn
4380,1774452752.235245,1774452753.279795,10,10,1.0,0,0.0,189.5,211.17252030823835,60,711,87.0,7,1,1814.1784550210446,2,2,185.0,73.78647873726219,174.3,212.00369493635407,2,2,134.3,212.00369493635407,8,0.8,1,33765.7,1784.0,65535.0,0,10,0,0,0,0.0275664,0.03213341436089369,0.0,0.097957,5,5,0,0,0,0,0,0,0,0,0,0,0,162.875,226.59557270924023,26.0,652.0,0.030250571428571425,0.034645057414957686,0.006742,0.10662,7,0.0275664,0.03213341436089369,0.0,0.097957,0,0,0,8,alexaBulbOff
4381,1774452814.901458,1774452815.946267,7,7,1.0,0,0.0,190.71428571428572,237.349751973548,60,709,87.0,5,1,1277.74566740434,2,2,195.0,74.83314773547883,175.0,238.4666293914797,2,2,135.0,238.4666293914797,5,0.7142857142857143,1,29736.14285714286,2821.0,65535.0,0,7,0,0,0,0.007852142857142858,0.00913668407079526,1e-06,0.023365,3,4,0,0,0,0,0,0,0,0,0,0,0,184.0,269.33622110663094,28.0,650.0,0.0153972,0.007831870606694163,0.005109,0.023365,5,0.007852142857142858,0.00913668407079526,1e-06,0.023365,0,0,0,5,alexaBulbOn
4382,1774452847.278291,1774452848.316521,7,7,1.0,0,0.0,252.71428571428572,253.3592405299336,60,707,87.0,4,1,1703.8614741200904,2,2,175.0,74.83314773547883,237.85714285714286,254.12885745321444,2,2,197.85714285714286,254.12885745321444,6,0.8571428571428571,1,38449.28571428572,2280.0,65535.0,0,7,0,0,0,0.014603142857142858,0.009409498169909158,0.000325,0.028425,4,3,0,0,0,0,0,0,0,0,0,0,0,225.83333333333334,261.46389170718516,28.0,648.0,0.0381866,0.04406434977734268,0.011286,0.115817,5,0.014603142857142858,0.009409498169909158,0.000325,0.028425,0,0,0,6,alexaBulbChange
4383,1774453089.77465,1774453090.821288,8,8,1.0,0,0.0,214.625,228.71500512959042,60,703,87.0,5,1,1640.490771809405,2,2,185.0,74.83314773547883,199.125,229.88782202258065,2,2,159.125,229.88782202258065,6,0.75,1,33994.5,2388.0,65535.0,0,8,0,0,0,0.038816875,0.061138419715166474,0.0,0.183609,4,4,0,0,0,0,0,0,0,0,0,0,0,207.16666666666666,245.9336631424553,28.0,644.0,0.0334692,0.039468380695184345,0.005955,0.102427,5,0.038816875,0.061138419715166474,0.0,0.183609,0,0,0,6,alexaBulbOff
4384,1774453137.000959,1774453138.043011,6,6,1.0,0,0.0,211.16666666666666,249.07221175126438,60,701,87.0,4,1,1215.8701896248251,2,2,185.0,76.68115805072325,196.16666666666666,249.8114622403597,2,2,156.16666666666666,249.8114622403597,5,0.8333333333333334,1,33772.5,1955.0,65535.0,0,6,0,0,0,0.0309215,0.036187544773029295,0.0,0.10062,3,3,0,0,0,0,0,0,0,0,0,0,0,182.4,265.8774153627946,28.0,642.0,0.0402828,0.04073972462719894,0.008706,0.111339,5,0.0309215,0.036187544773029295,0.0,0.10062,0,0,0,5,alexaBulbOn
4385,1774453173.790578,1774453174.843,7,7,1.0,0,0.0,194.0,245.7315608545227,60,732,87.0,5,1,1290.3568528500664,2,2,195.0,74.83314773547883,178.28571428571428,246.83713543259944,2,2,138.28571428571428,246.83713543259944,5,0.7142857142857143,1,29736.14285714286,2821.0,65535.0,0,7,0,0,0,0.019345571428571427,0.03776246904382332,0.0,0.104385,3,4,0,0,0,0,0,0,0,0,0,0,0,67.5,79.0,28.0,186.0,0.0164132,0.006380905868291743,0.008579,0.022869,5,0.019345571428571427,0.03776246904382332,0.0,0.104385,0,0,0,4,alexaBulbChange
4386,1774453286.918485,1774453288.07216,7,7,1.0,0,0.0,242.0,249.84261712792983,60,740,87.0,4,1,1468.3510377642356,2,2,175.0,74.83314773547883,227.14285714285714,250.58027893367066,2,2,187.14285714285714,250.58027893367066,6,0.8571428571428571,1,38277.42857142857,1912.0,65535.0,0,7,0,0,0,0.006192857142857143,0.003952041558003974,0.0,0.012329,4,3,0,0,0,0,0,0,0,0,0,0,0,119.8,135.4887449200117,28.0,329.0,0.017137,0.0119090129173944,0.005243,0.030285,4,0.006192857142857143,0.003952041558003974,0.0,0.012329,0,0,0,5,alexaBulbOff
4387,1774453293.0,1774453309.737813,3587,3577,0.9972121550041818,10,0.0027878449958182324,1016.725397267912,770.3150854517897,60,17202,1494.0,1160,2347,217889.51763835739,8,8,59.66490103150265,7.408207772341294,1002.7203791469194,770.3213391642133,5,5,953.2043611965335,769.9613600541916,2424,0.6776628459603019,4,2532.974280123008,0.0,65160.0,6,3571,2,3,3,0.002824653749651519,0.005395870301864625,0.0,0.104346,0,0,0,0,1148,2439,0,0,0,0,0,0,3,4909.193832599119,4035.7662550394134,26.0,16408.0,0.01857503916449086,0.00422673222198182,0.001224,0.062697,1149,0.002817235951915013,0.005392644147574065,0.0,0.104346,0,2,9,670,outsideDetection
4388,1774453356.47386,1774453357.516149,22,22,1.0,0,0.0,295.6363636363636,421.09319695226674,60,1494,87.0,13,3,6240.111795999567,5,5,116.9090909090909,78.49471264626627,281.09090909090907,421.4165351571959,4,4,232.72727272727272,420.99091516248967,13,0.5909090909090909,3,15518.272727272728,127.0,65535.0,2,21,0,0,0,0.015266590909090908,0.026915503076708307,0.0,0.09506,4,4,0,0,5,9,0,0,0,0,0,0,1,176.45454545454547,187.84268079239268,28.0,650.0,0.012434153846153848,0.01293780656864572,0.000977,0.034683,13,0.015266590909090908,0.026915503076708307,0.0,0.09506,0,0,3,8,alexaBulbOn
4389,1774453531.380258,1774453532.41469,7,7,1.0,0,0.0,283.14285714285717,296.82735081268396,60,730,87.0,4,2,1916.0274679963363,2,2,175.0,74.83314773547883,268.2857142857143,297.5868020627003,2,2,228.28571428571428,297.5868020627003,6,0.8571428571428571,1,38367.857142857145,2090.0,65535.0,0,7,0,0,0,0.03387685714285714,0.04378990531857227,1e-06,0.119837,4,3,0,0,0,0,0,0,0,0,0,0,0,179.4,259.400848109639,28.0,627.0,0.037887199999999996,0.039825361884105966,0.01157,0.107724,5,0.03387685714285714,0.04378990531857227,1e-06,0.119837,0,0,0,5,alexaBulbChange
4390,1774453598.5474,1774453599.601,8,8,1.0,0,0.0,227.625,242.02829675178774,60,699,87.0,5,1,1728.35978936073,2,2,185.0,74.83314773547883,212.125,243.22854478864113,2,2,172.125,243.22854478864113,6,0.75,1,34211.0,2821.0,65535.0,0,8,0,0,0,0.022331375,0.028594242322225346,1e-06,0.090467,4,4,0,0,0,0,0,0,0,0,0,0,0,224.5,258.88819980833426,28.0,640.0,0.015234200000000003,0.007983773587721536,0.006137,0.024357,5,0.022331375,0.028594242322225346,1e-06,0.090467,0,0,0,6,alexaBulbChange
4391,1774453697.014177,1774453698.051488,7,7,1.0,0,0.0,241.42857142857142,248.5148266152727,60,736,87.0,4,1,1629.2127074648622,2,2,175.0,74.83314773547883,226.57142857142858,249.2541254375122,2,2,186.57142857142858,249.2541254375122,6,0.8571428571428571,1,38264.142857142855,1848.0,65535.0,0,7,0,0,0,0.009773285714285717,0.009627025184591652,0.0,0.029191,4,3,0,0,0,0,0,0,0,0,0,0,0,119.8,135.4887449200117,28.0,329.0,0.031432199999999993,0.03603151808764099,0.004069,0.092759,5,0.009773285714285717,0.009627025184591652,0.0,0.029191,0,0,0,5,alexaBulbOff
4392,1774453799.28526,1774453800.353722,8,8,1.0,0,0.0,218.5,238.23577756979685,60,734,87.0,5,1,1635.9962092668563,2,2,185.0,74.83314773547883,203.0,239.38970022001484,2,2,163.0,239.38970022001484,6,0.75,1,34211.0,2821.0,65535.0,0,8,0,0,0,0.01720325,0.025889372296920822,0.0,0.079076,4,4,0,0,0,0,0,0,0,0,0,0,0,119.8,135.4887449200117,28.0,329.0,0.0132244,0.01003291404827132,0.004264,0.027743,5,0.01720325,0.025889372296920822,0.0,0.079076,0,0,0,5,alexaBulbOn
4393,1774453853.0,1774453867.665252,2849,2839,0.9964899964899965,10,0.00351000351000351,990.0428220428221,719.2722432871864,60,4350,1494.0,939,1820,192334.37009565436,10,10,60.46156546156546,8.729028669281808,976.0301860301861,719.2886402306714,6,6,927.0834800986263,718.7071547949793,1912,0.6734765762592462,5,2569.0183163085594,0.0,65160.0,6,2831,4,3,3,0.0031176840996841,0.005883443037543123,0.0,0.113028,0,0,1,2,920,1926,0,0,0,0,0,0,3,4211.583612040134,3842.1037808532137,26.0,16408.0,0.016690653679653677,0.0072080818165953025,0.001125,0.179973,924,0.003118884466361395,0.005886514019251034,0.0,0.113028,0,4,9,585,outsideDetection
4394,1774453878.3292,1774453878.569679,4,4,1.0,0,0.0,243.25,284.05677249451384,60,667,123.0,1,1,4046.0914695204046,2,2,185.0,80.82903768654761,227.75,285.35986052701946,2,2,187.75,285.35986052701946,3,0.75,1,34193.0,2782.0,65535.0,0,4,0,0,0,0.0071135,0.011316073597616211,0.0,0.023767,0,0,0,0,0,0,2,2,0,0,0,0,0,245.33333333333334,314.0785464391564,64.0,608.0,0.013557,0.014439120471829301,0.003347,0.023767,2,0.0071135,0.011316073597616211,0.0,0.023767,0,0,0,3,movingAroundHouse
4395,1774454111.020102,1774454112.057337,7,7,1.0,0,0.0,283.2857142857143,297.1041984925571,60,732,87.0,4,2,1911.81358006785,2,2,175.0,74.83314773547883,268.42857142857144,297.8634234806601,2,2,228.42857142857142,297.8634234806601,6,0.8571428571428571,1,38355.0,2060.0,65535.0,0,7,0,0,0,0.010431571428571429,0.007954125970361605,0.0,0.022985,4,3,0,0,0,0,0,0,0,0,0,0,0,179.2,258.96949627320976,28.0,626.0,0.0333714,0.0386368806233112,0.003747,0.100797,5,0.010431571428571429,0.007954125970361605,0.0,0.022985,0,0,0,5,alexaBulbChange
4396,1774454769.339994,1774454769.572899,2,2,1.0,0,0.0,395.0,384.66608896548183,123,667,395.0,0,1,3391.9387434420987,2,2,185.0,98.99494936611666,381.0,384.66608896548183,2,2,341.0,384.66608896548183,2,1.0,1,33986.0,2437.0,65535.0,0,2,0,0,0,0.0020335,0.0007431692270270616,0.001508,0.002559,0,0,0,0,0,0,1,1,0,0,0,0,0,336.0,384.66608896548183,64.0,608.0,0.029004,,0.029004,0.029004,1,0.0020335,0.0007431692270270616,0.001508,0.002559,0,0,0,2,movingAroundHouse
4397,1774454788.258412,1774454789.299509,8,8,1.0,0,0.0,228.375,243.7011855882996,60,705,87.0,5,1,1754.8794319159783,2,2,185.0,74.83314773547883,212.875,244.898484799606,2,2,172.875,244.898484799606,6,0.75,1,34211.0,2821.0,65535.0,0,8,0,0,0,0.0214535,0.030221286646524972,1e-06,0.09307,4,4,0,0,0,0,0,0,0,0,0,0,0,225.5,260.81851928112775,28.0,646.0,0.013178599999999999,0.009804656766047448,0.002945,0.024353,5,0.0214535,0.030221286646524972,1e-06,0.09307,0,0,0,6,alexaBulbChange
4398,1774454808.0,1774454820.401364,2910,2908,0.9993127147766323,2,0.0006872852233676976,1043.4353951890034,812.5881295736015,60,12918,1494.0,931,1934,244843.7912506584,7,7,60.1766323024055,8.775086044979302,1029.427147766323,812.598144809935,5,5,978.0251031636864,812.5604846196251,1984,0.6822558459422283,4,2608.5629298486933,0.0,65535.0,4,2903,2,2,2,0.002066050171821306,0.005313686768603141,0.0,0.163746,0,0,0,0,917,1990,0,0,1,2,0,0,2,4754.349693251534,4394.990417845737,26.0,46242.0,0.01896532394366197,0.004053601501172088,0.001115,0.061967,923,0.0020655904401650615,0.0053150849555807685,0.0,0.163746,0,3,6,478,outsideDetection
4399,1774454975.02202,1774454976.062399,6,6,1.0,0,0.0,272.6666666666667,259.9066499085136,87,742,166.0,3,1,1572.5041551081488,2,2,161.66666666666666,72.29568912920512,258.6666666666667,259.9066499085136,2,2,218.66666666666666,259.90664990851366,6,1.0,1,44322.5,1881.0,65535.0,0,6,0,0,0,0.026301000000000005,0.051792829530737175,1e-06,0.131286,4,2,0,0,0,0,0,0,0,0,0,0,0,119.8,135.4887449200117,28.0,329.0,0.041093250000000005,0.04197368710176253,0.009082,0.102722,4,0.026301000000000005,0.051792829530737175,1e-06,0.131286,0,0,0,5,alexaBulbOff
4400,1774455036.471558,1774455037.523573,8,8,1.0,0,0.0,219.25,240.09269043434037,60,740,87.0,5,1,1667.27688029607,2,2,185.0,74.83314773547883,203.75,241.2430605959771,2,2,163.75,241.2430605959771,6,0.75,1,34211.0,2821.0,65535.0,0,8,0,0,0,0.033626625,0.06259936982324868,0.0,0.186335,4,4,0,0,0,0,0,0,0,0,0,0,0,119.8,135.4887449200117,28.0,329.0,0.013474199999999997,0.009740622141321365,0.004457,0.024084,5,0.033626625,0.06259936982324868,0.0,0.186335,0,0,0,5,alexaBulbOn
4401,1774455153.293673,1774455154.533361,7,7,1.0,0,0.0,283.2857142857143,297.1041984925571,60,732,87.0,4,2,1599.5961311078408,2,2,175.0,74.83314773547883,268.42857142857144,297.8634234806601,2,2,228.42857142857142,297.86342348066006,6,0.8571428571428571,1,38695.28571428572,2887.0,65535.0,0,7,0,0,0,0.03919057142857143,0.04034923247042478,0.0,0.11883,4,3,0,0,0,0,0,0,0,0,0,0,0,179.2,258.96949627320976,28.0,626.0,0.04559225,0.04819184515645083,0.018273,0.117585,4,0.03919057142857143,0.04034923247042478,0.0,0.11883,0,0,0,5,alexaBulbChange
4402,1774455307.333334,1774455308.501738,6,6,1.0,0,0.0,271.3333333333333,257.0219186502713,87,734,166.0,3,1,1393.3535467393865,2,2,161.66666666666666,72.29568912920512,257.3333333333333,257.0219186502713,2,2,217.33333333333334,257.02191865027123,6,1.0,1,44513.5,2454.0,65535.0,0,6,0,0,0,0.01316,0.010189532040285266,0.0,0.023859,4,2,0,0,0,0,0,0,0,0,0,0,0,119.8,135.4887449200117,28.0,329.0,0.042831499999999995,0.04540389736942561,0.011571,0.11029,4,0.01316,0.010189532040285266,0.0,0.023859,0,0,0,5,alexaBulbOff
4403,1774455375.191748,1774455376.229661,8,8,1.0,0,0.0,218.25,237.6177903392637,60,732,87.0,5,1,1682.221784140529,2,2,185.0,74.83314773547883,202.75,238.7729046604744,2,2,162.75,238.7729046604744,6,0.75,1,33762.5,1924.0,65535.0,0,8,0,0,0,0.030597625,0.04569622096265573,0.0,0.134982,4,4,0,0,0,0,0,0,0,0,0,0,0,119.8,135.4887449200117,28.0,329.0,0.0332088,0.037929761707661706,0.004676,0.098398,5,0.030597625,0.04569622096265573,0.0,0.134982,0,0,0,5,alexaBulbOn
4404,1774455427.772289,1774455428.834442,4,4,1.0,0,0.0,269.25,288.9271822910864,60,685,166.0,2,1,1013.9783433954539,2,2,185.0,80.82903768654761,253.75,290.38752842824823,2,2,213.75,290.38752842824823,3,0.75,1,34227.5,2920.0,65535.0,0,4,0,0,0,0.0426485,0.05736565328661394,0.005157,0.127871,2,2,0,0,0,0,0,0,0,0,0,0,0,280.0,309.8838492080541,28.0,626.0,0.014817,0.013661303012524098,0.005157,0.024477,2,0.0426485,0.05736565328661394,0.005157,0.127871,0,0,0,3,alexaBulbChange
4405,1774455494.479039,1774455495.510232,7,7,1.0,0,0.0,256.2857142857143,260.89443221714174,60,732,87.0,4,1,1739.7324930979064,2,2,175.0,74.83314773547883,241.42857142857142,261.655535098379,2,2,201.42857142857142,261.655535098379,6,0.8571428571428571,1,38449.28571428572,2280.0,65535.0,0,7,0,0,0,0.01307457142857143,0.012756435354454669,1e-06,0.032186,4,3,0,0,0,0,0,0,0,0,0,0,0,141.4,178.84853927276006,28.0,437.0,0.033867400000000006,0.03828206978860991,0.008001,0.100493,5,0.01307457142857143,0.012756435354454669,1e-06,0.032186,0,0,0,5,alexaBulbChange
4406,1774455607.179362,1774455608.212928,7,7,1.0,0,0.0,241.14285714285714,247.85172218581857,60,734,87.0,4,1,1633.1806610704737,2,2,175.0,74.83314773547883,226.28571428571428,248.59184371556677,2,2,186.28571428571428,248.59184371556677,6,0.8571428571428571,1,38250.42857142857,1816.0,65535.0,0,7,0,0,0,0.026554285714285714,0.03624773545438982,1e-06,0.104935,4,3,0,0,0,0,0,0,0,0,0,0,0,119.8,135.4887449200117,28.0,329.0,0.035336599999999996,0.040284481091358244,0.005441,0.104935,5,0.026554285714285714,0.03624773545438982,1e-06,0.104935,0,0,0,5,alexaBulbOff
4407,1774455684.06844,1774455685.158169,8,8,1.0,0,0.0,218.25,237.6177903392637,60,732,87.0,5,1,1602.2331118844018,2,2,185.0,74.83314773547883,202.75,238.7729046604744,2,2,162.75,238.7729046604744,6,0.75,1,34211.0,2821.0,65535.0,0,8,0,0,0,0.026856124999999998,0.03202154160399572,0.0,0.093117,4,4,0,0,0,0,0,0,0,0,0,0,0,119.8,135.4887449200117,28.0,329.0,0.0162268,0.009103970024115851,0.004503,0.026982,5,0.026856124999999998,0.03202154160399572,0.0,0.093117,0,0,0,5,alexaBulbOn
4408,1774455801.0,1774455818.129806,3229,3227,0.999380613192939,2,0.0006193868070610096,989.4375967791887,729.4526878950041,60,5778,1494.0,1077,2091,186510.81000095562,7,7,59.97212759368225,8.598750152029268,975.4320222979251,729.4598157393373,5,5,923.9745894019213,729.3594821203143,2158,0.6687325689494887,4,2664.9786179113726,0.0,65535.0,4,3223,2,2,2,0.0034588686899969037,0.006890052276783129,0.0,0.167352,0,0,0,0,1062,2164,0,0,1,2,0,0,2,4070.1388101983002,4338.346235622167,26.0,16408.0,0.019077634489222117,0.006042371436714408,0.001046,0.101194,1067,0.0034556560272699104,0.006889608317203026,0.0,0.167352,0,2,6,698,outsideDetection
4409,1774455877.445447,1774455878.478609,11,11,1.0,0,0.0,194.1818181818182,213.71093476086716,60,709,87.0,6,1,2067.439334877311,4,4,191.36363636363637,73.1126155013931,178.54545454545453,214.85640024740417,3,3,138.54545454545453,214.85640024740417,8,0.7272727272727273,2,30871.909090909092,1710.0,65535.0,0,11,0,0,0,0.036415545454545444,0.03891450254176105,0.0,0.130956,4,4,0,0,0,0,1,2,0,0,0,0,0,185.5,233.74406027594736,28.0,650.0,0.04424171428571428,0.04149521975968752,0.004063,0.105461,7,0.036415545454545444,0.03891450254176105,0.0,0.130956,0,0,0,8,alexaBulbChange
4410,1774455947.992752,1774455949.046119,7,7,1.0,0,0.0,237.85714285714286,240.2654286210902,60,711,87.0,4,1,1580.645832715615,2,2,175.0,74.83314773547883,223.0,241.01521390429554,2,2,183.0,241.01521390429554,6,0.8571428571428571,1,38538.0,2487.0,65535.0,0,7,0,0,0,0.015326142857142858,0.011946115455502282,0.0,0.027261,4,3,0,0,0,0,0,0,0,0,0,0,0,208.5,248.7808272355408,28.0,652.0,0.032402,0.041120546670733844,0.003432,0.103538,5,0.015326142857142858,0.011946115455502282,0.0,0.027261,0,0,0,6,alexaBulbOff
4411,1774456023.613972,1774456024.803517,8,8,1.0,0,0.0,215.375,230.54775613122513,60,709,87.0,5,1,1448.452791706435,2,2,185.0,74.83314773547883,199.875,231.71684537074862,2,2,159.875,231.71684537074862,6,0.75,1,33812.0,2023.0,65535.0,0,8,0,0,0,0.011361125,0.010568080950775445,0.0,0.029244,4,4,0,0,0,0,0,0,0,0,0,0,0,208.16666666666666,248.06806861558516,28.0,650.0,0.031110199999999998,0.03472869677514548,0.004177,0.090622,5,0.011361125,0.010568080950775445,0.0,0.029244,0,0,0,6,alexaBulbOn
4412,1774456179.643852,1774456180.681464,8,8,1.0,0,0.0,232.75,253.59345980750933,60,740,87.0,5,1,1794.5051419327858,2,2,185.0,74.83314773547883,217.25,254.77370911682166,2,2,177.25,254.77370911682166,6,0.75,1,34211.0,2821.0,65535.0,0,8,0,0,0,0.03803625,0.06302911919955276,0.0,0.185264,4,4,0,0,0,0,0,0,0,0,0,0,0,141.4,178.84853927276006,28.0,437.0,0.011135200000000001,0.010329617500178795,0.002675,0.02244,5,0.03803625,0.06302911919955276,0.0,0.185264,0,0,0,5,alexaBulbChange
4413,1774456236.822636,1774456237.864306,10,10,1.0,0,0.0,224.6,261.24114020064553,60,732,92.0,7,2,2156.1529264392216,4,4,146.8,77.38044541958475,210.0,261.66772823563855,3,3,166.4,263.8224150193965,8,0.8,2,28077.0,1635.0,65535.0,0,10,0,0,0,0.017351600000000002,0.021274953475337564,0.0,0.071415,4,3,0,0,1,2,0,0,0,0,0,0,0,135.85714285714286,225.3666853311351,26.0,629.0,0.02737328571428571,0.034025876950316725,0.001223,0.099688,7,0.017351600000000002,0.021274953475337564,0.0,0.071415,0,0,0,7,alexaBulbChange
4414,1774456292.0,1774456307.495207,3106,3104,0.9993560849967804,2,0.000643915003219575,1008.9030907920154,768.1010249221246,60,7206,1494.0,1056,1994,202233.696237802,5,5,60.104314230521574,6.760122777313396,994.8972955569865,768.1082091804494,4,4,943.4668170103092,768.0274663298898,2057,0.6626932989690721,3,2504.28125,0.0,65160.0,4,3099,2,2,2,0.003482259497746298,0.005761669403501726,0.0,0.06645,0,0,0,0,1042,2064,0,0,0,0,0,0,2,4045.1616595135906,3464.850497428535,26.0,16408.0,0.016577682600382414,0.004767342579614966,0.000987,0.071296,1046,0.0034711359536082477,0.005746560659419163,0.0,0.06645,0,2,6,691,outsideDetection
4415,1774456323.211281,1774456324.241813,9,9,1.0,0,0.0,197.66666666666666,220.63884517464282,60,705,87.0,6,1,1726.2930229846445,2,2,192.77777777777777,73.78647873726219,181.66666666666666,222.05855083738615,2,2,141.66666666666666,222.05855083738615,6,0.6666666666666666,1,30349.222222222223,1721.0,65535.0,0,9,0,0,0,0.023569222222222224,0.04346402501430861,0.0,0.135553,4,5,0,0,0,0,0,0,0,0,0,0,0,207.5,246.64448098427016,28.0,646.0,0.034220600000000004,0.04022839598219149,0.002731,0.103039,5,0.023569222222222224,0.04346402501430861,0.0,0.135553,0,0,0,6,alexaBulbOff
4416,1774456356.389474,1774456357.418784,8,8,1.0,0,0.0,214.625,228.71500512959042,60,703,87.0,5,1,1668.1077809220199,2,2,185.0,74.83314773547883,199.125,229.88782202258065,2,2,159.125,229.88782202258065,6,0.75,1,33995.5,2390.0,65535.0,0,8,0,0,0,0.007884375,0.008924507956624677,0.0,0.028509,4,4,0,0,0,0,0,0,0,0,0,0,0,207.16666666666666,245.9336631424553,28.0,644.0,0.030715200000000005,0.03541049072238339,0.003298,0.090439,5,0.007884375,0.008924507956624677,0.0,0.028509,0,0,0,6,alexaBulbOn
4417,1774456452.059803,1774456453.095302,8,8,1.0,0,0.0,228.625,244.2603631373703,60,707,87.0,5,1,1766.2980172674604,2,2,185.0,74.83314773547883,213.125,245.45668078676763,2,2,173.125,245.45668078676763,6,0.75,1,34211.0,2821.0,65535.0,0,8,0,0,0,0.02323675,0.028673855003918017,0.0,0.068256,4,4,0,0,0,0,0,0,0,0,0,0,0,225.83333333333334,261.46389170718516,28.0,648.0,0.0159266,0.01097591585244712,0.003999,0.029886,5,0.02323675,0.028673855003918017,0.0,0.068256,0,0,0,6,alexaBulbChange
4418,1774456504.821393,1774456506.110904,5,5,1.0,0,0.0,298.2,281.8673446854034,60,738,245.0,2,1,1156.252284832991,2,2,171.0,76.68115805072325,281.8,284.41026704393073,2,2,241.8,284.41026704393073,3,0.6,1,40315.8,2487.0,65535.0,0,5,0,0,0,0.020601799999999997,0.02845104689989456,0.002447,0.069668,3,2,0,0,0,0,0,0,0,0,0,0,0,257.5,101.1162697096763,186.0,329.0,0.07240166666666667,0.044285331762710475,0.021531,0.102345,3,0.020601799999999997,0.02845104689989456,0.002447,0.069668,0,0,0,2,alexaBulbOff
4419,1774456618.141695,1774456619.329005,8,8,1.0,0,0.0,218.75,238.85425921020783,60,736,87.0,5,1,1473.9200620730494,2,2,185.0,74.83314773547883,203.25,240.00699394571222,2,2,163.25,240.00699394571222,6,0.75,1,33762.5,1924.0,65535.0,0,8,0,0,0,0.012342125,0.013995963065291361,0.000328,0.03168,4,4,0,0,0,0,0,0,0,0,0,0,0,119.8,135.4887449200117,28.0,329.0,0.0313772,0.0385085364003879,0.002165,0.096451,5,0.012342125,0.013995963065291361,0.000328,0.03168,0,0,0,5,alexaBulbOn
4420,1774456756.035466,1774456757.065834,8,8,1.0,0,0.0,251.875,279.5938061341335,60,703,87.0,5,2,1955.611805324646,2,2,185.0,74.83314773547883,236.375,280.7815304772428,2,2,196.375,280.7815304772428,6,0.75,1,34211.0,2821.0,65535.0,0,8,0,0,0,0.027726,0.042649574538155884,0.0,0.129859,4,4,0,0,0,0,0,0,0,0,0,0,0,256.8333333333333,299.67743770038254,28.0,644.0,0.0132472,0.010963488003368271,0.003081,0.025978,5,0.027726,0.042649574538155884,0.0,0.129859,0,0,0,6,alexaBulbChange
4421,1774456791.2765,1774456792.314707,7,7,1.0,0,0.0,278.57142857142856,288.9658902263132,60,701,87.0,4,2,1878.238056876522,2,2,175.0,74.83314773547883,263.7142857142857,289.730170035106,2,2,223.71428571428572,289.730170035106,6,0.8571428571428571,1,38369.142857142855,2093.0,65535.0,0,7,0,0,0,0.020598714285714286,0.022534760110506948,0.0,0.06662,4,3,0,0,0,0,0,0,0,0,0,0,0,256.0,298.4198384826317,28.0,642.0,0.0365186,0.0387002920957969,0.008338,0.103757,5,0.020598714285714286,0.022534760110506948,0.0,0.06662,0,0,0,6,alexaBulbChange
4422,1774456846.393784,1774456847.425222,8,8,1.0,0,0.0,214.625,228.71500512959042,60,703,87.0,5,1,1664.6664268853424,2,2,185.0,74.83314773547883,199.125,229.88782202258065,2,2,159.125,229.88782202258065,6,0.75,1,33924.875,1726.0,65535.0,0,8,0,0,0,0.023636125,0.034943599808170474,0.0,0.095475,4,4,0,0,0,0,0,0,0,0,0,0,0,207.16666666666666,245.9336631424553,28.0,644.0,0.032091800000000004,0.03661997070861745,0.005989,0.095475,5,0.023636125,0.034943599808170474,0.0,0.095475,0,0,0,6,alexaBulbOff
4423,1774456848.0,1774456863.315685,2791,2789,0.9992834109638122,2,0.0007165890361877463,1008.1096381225367,785.1066307622996,60,8634,1494.0,941,1784,183709.3145876892,5,5,60.12468649229667,6.762234607137232,994.103188821211,785.1144464393385,4,4,942.7357475797777,785.0400167646205,1855,0.665112943707422,3,2594.2162065256366,0.0,65160.0,4,2784,2,2,2,0.003740321748477248,0.006290048266480051,0.0,0.067381,0,0,0,0,929,1862,0,0,0,0,0,0,2,4288.922818791946,3508.5386357768575,26.0,16408.0,0.016188979613733907,0.0043440183808843985,0.001107,0.062417,932,0.003732844030118322,0.0062860854572295575,0.0,0.067381,0,2,6,588,outsideDetection
4424,1774456897.238096,1774456898.267615,7,7,1.0,0,0.0,236.42857142857142,236.99075730420174,60,701,87.0,4,1,1607.5466986065219,2,2,175.0,74.83314773547883,221.57142857142858,237.74486124334854,2,2,181.57142857142858,237.74486124334854,6,0.8571428571428571,1,38509.71428571428,2421.0,65535.0,0,7,0,0,0,0.032958857142857144,0.05155546434481532,0.00015,0.147902,4,3,0,0,0,0,0,0,0,0,0,0,0,206.83333333333334,245.22350349562063,28.0,642.0,0.0326596,0.0368600594383677,0.005031,0.096689,5,0.032958857142857144,0.05155546434481532,0.00015,0.147902,0,0,0,6,alexaBulbOn
4425,1774456915.97876,1774456917.010555,7,7,1.0,0,0.0,256.2857142857143,260.89443221714174,60,732,87.0,4,1,1738.7174358810832,2,2,175.0,74.83314773547883,241.42857142857142,261.655535098379,2,2,201.42857142857142,261.655535098379,6,0.8571428571428571,1,38277.857142857145,1880.0,65535.0,0,7,0,0,0,0.017914142857142858,0.02835766704925126,0.0,0.078099,4,3,0,0,0,0,0,0,0,0,0,0,0,141.4,178.84853927276006,28.0,437.0,0.0326506,0.039187635885569824,0.003201,0.099915,5,0.017914142857142858,0.02835766704925126,0.0,0.078099,0,0,0,5,alexaBulbChange
4426,1774457036.646062,1774457037.676514,7,7,1.0,0,0.0,242.0,249.84261712792983,60,740,87.0,4,1,1643.9387556168642,2,2,175.0,74.83314773547883,227.14285714285714,250.58027893367066,2,2,187.14285714285714,250.58027893367066,6,0.8571428571428571,1,38495.57142857143,2388.0,65535.0,0,7,0,0,0,0.020949285714285715,0.03627929159871734,1e-06,0.101527,4,3,0,0,0,0,0,0,0,0,0,0,0,119.8,135.4887449200117,28.0,329.0,0.0329284,0.03915203237125756,0.006799,0.101527,5,0.020949285714285715,0.03627929159871734,1e-06,0.101527,0,0,0,5,alexaBulbOff
4427,1774457161.901445,1774457162.938128,8,8,1.0,0,0.0,219.0,239.47323142979587,60,738,87.0,5,1,1690.0053926208855,2,2,185.0,74.83314773547883,203.5,240.62478200361184,2,2,163.5,240.62478200361184,6,0.75,1,33762.5,1924.0,65535.0,0,8,0,0,0,0.00907225,0.011907280315000565,0.0,0.031782,4,4,0,0,0,0,0,0,0,0,0,0,0,119.8,135.4887449200117,28.0,329.0,0.033129200000000004,0.0398491088193952,0.003612,0.101048,5,0.00907225,0.011907280315000565,0.0,0.031782,0,0,0,5,alexaBulbOn
4428,1774457220.147703,1774457221.180804,8,8,1.0,0,0.0,219.25,240.09269043434037,60,740,87.0,5,1,1697.8009517347698,2,2,185.0,74.83314773547883,203.75,241.2430605959771,2,2,163.75,241.2430605959771,6,0.75,1,34211.0,2821.0,65535.0,0,8,0,0,0,0.0099375,0.009066619672497257,0.0,0.02355,4,4,0,0,0,0,0,0,0,0,0,0,0,119.8,135.4887449200117,28.0,329.0,0.0127804,0.009927192468165409,0.003294,0.02355,5,0.0099375,0.009066619672497257,0.0,0.02355,0,0,0,5,alexaBulbOff
4429,1774457272.04077,1774457273.070298,7,7,1.0,0,0.0,241.71428571428572,249.1784596667713,60,738,87.0,4,1,1643.4717269165776,2,2,175.0,74.83314773547883,226.85714285714286,249.91693858255422,2,2,186.85714285714286,249.91693858255422,6,0.8571428571428571,1,38495.57142857143,2388.0,65535.0,0,7,0,0,0,0.01589542857142857,0.01399572520280321,0.0,0.039954,4,3,0,0,0,0,0,0,0,0,0,0,0,119.8,135.4887449200117,28.0,329.0,0.0317476,0.03870519351844143,0.003756,0.099099,5,0.01589542857142857,0.01399572520280321,0.0,0.039954,0,0,0,5,alexaBulbOn
4430,1774457347.0,1774457359.618127,2689,2687,0.999256229081443,2,0.0007437709185570844,1022.4994421718111,820.7400343359292,60,12918,1494.0,877,1754,217900.8799443416,7,7,60.44589066567497,8.673611652401352,1008.4905169207884,820.7505375834486,5,5,957.1711946408634,820.6755778257552,1819,0.6769631559359881,4,2622.718273167101,0.0,65535.0,4,2682,2,2,2,0.0031599166976571218,0.006116246003988246,0.0,0.097285,1,2,0,0,861,1825,0,0,0,0,0,0,2,4322.0,3729.975009457504,26.0,16408.0,0.016894180138568127,0.004618642370388431,0.001087,0.069291,866,0.0031517919612951252,0.006105307873327198,0.0,0.097285,0,2,6,562,outsideDetection
4431,1774457425.967033,1774457427.018102,7,7,1.0,0,0.0,242.0,249.84261712792983,60,740,87.0,4,1,1611.6924443512912,2,2,175.0,74.83314773547883,227.14285714285714,250.58027893367066,2,2,187.14285714285714,250.58027893367066,6,0.8571428571428571,1,38296.71428571428,1924.0,65535.0,0,7,0,0,0,0.0074228571428571425,0.009945375884107674,0.0,0.024374,4,3,0,0,0,0,0,0,0,0,0,0,0,119.8,135.4887449200117,28.0,329.0,0.034061999999999995,0.03977682490471053,0.007037,0.103072,5,0.0074228571428571425,0.009945375884107674,0.0,0.024374,0,0,0,5,alexaBulbOff
4432,1774457655.459078,1774457656.491991,8,8,1.0,0,0.0,219.0,239.47323142979587,60,738,87.0,5,1,1696.1738806481746,2,2,185.0,74.83314773547883,203.5,240.62478200361184,2,2,163.5,240.62478200361184,6,0.75,1,34211.0,2821.0,65535.0,0,8,0,0,0,0.02023925,0.028190124110353664,1e-06,0.074409,4,4,0,0,0,0,0,0,0,0,0,0,0,119.8,135.4887449200117,28.0,329.0,0.013727800000000002,0.010464411818157769,0.003572,0.025429,5,0.02023925,0.028190124110353664,1e-06,0.074409,0,0,0,5,alexaBulbOn
4433,1774457721.932017,1774457722.978842,8,8,1.0,0,0.0,215.625,231.15977004166248,60,711,87.0,5,1,1647.8400037169456,2,2,185.0,74.83314773547883,200.125,232.32762427227632,2,2,160.125,232.32762427227632,6,0.75,1,33994.5,2388.0,65535.0,0,8,0,0,0,0.025694250000000002,0.030548156870984635,0.0,0.094904,4,4,0,0,0,0,0,0,0,0,0,0,0,208.5,248.7808272355408,28.0,652.0,0.021106000000000003,0.0066233819533528335,0.00983,0.026656,5,0.025694250000000002,0.030548156870984635,0.0,0.094904,0,0,0,6,alexaBulbOff
4434,1774457772.79493,1774457773.826418,7,7,1.0,0,0.0,237.57142857142858,239.60930501050885,60,709,87.0,4,1,1612.2340676048811,2,2,175.0,74.83314773547883,222.71428571428572,240.3599483314655,2,2,182.71428571428572,240.3599483314655,6,0.8571428571428571,1,38296.71428571428,1924.0,65535.0,0,7,0,0,0,0.022586000000000002,0.025049772407482403,0.0,0.05808,4,3,0,0,0,0,0,0,0,0,0,0,0,208.16666666666666,248.06806861558516,28.0,650.0,0.032526,0.03969381559512766,0.002412,0.101185,5,0.022586000000000002,0.025049772407482403,0.0,0.05808,0,0,0,6,alexaBulbOn
4435,1774457859.493437,1774457860.529144,8,8,1.0,0,0.0,232.25,252.45183416134765,60,736,87.0,5,1,1793.9436592872582,2,2,185.0,74.83314773547883,216.75,253.6340164207362,2,2,176.75,253.6340164207362,6,0.75,1,34211.0,2821.0,65535.0,0,8,0,0,0,0.010219625,0.011092077236059723,0.0,0.028503,4,4,0,0,0,0,0,0,0,0,0,0,0,141.4,178.84853927276006,28.0,437.0,0.013222000000000001,0.011546947323860104,0.004401,0.028503,5,0.010219625,0.011092077236059723,0.0,0.028503,0,0,0,5,alexaBulbChange
4436,1774458001.112786,1774458002.151836,7,7,1.0,0,0.0,241.71428571428572,249.1784596667713,60,738,87.0,4,1,1628.4107807753442,2,2,175.0,74.83314773547883,226.85714285714286,249.91693858255422,2,2,186.85714285714286,249.91693858255422,6,0.8571428571428571,1,38482.28571428572,2357.0,65535.0,0,7,0,0,0,0.027430285714285713,0.03374622454297313,1e-06,0.100857,4,3,0,0,0,0,0,0,0,0,0,0,0,119.8,135.4887449200117,28.0,329.0,0.034428,0.03800821452002185,0.006621,0.100857,5,0.027430285714285713,0.03374622454297313,1e-06,0.100857,0,0,0,5,alexaBulbOff
4437,1774458007.0,1774458021.390362,2714,2688,0.9904200442151806,2,0.0007369196757553427,1039.2535003684598,798.5425374689472,60,11347,1494.0,897,1771,196001.60129646078,12,12,60.74649963154016,13.841815946128936,1025.2446573323507,798.5534188010096,5,5,982.3415178571429,797.0038256243015,1823,0.6781994047619048,4,2596.053199404762,0.0,65535.0,4,2683,2,2,2,0.003673092851879145,0.00655172424202451,0.0,0.093702,2,2,2,2,860,1831,2,2,3,4,0,0,2,5061.82421875,4586.846441536727,26.0,16408.0,0.018421455388180765,0.009526914663207478,0.001022,0.246572,863,0.003665574032738095,0.006561224844840943,0.0,0.093702,0,2,6,504,outsideDetection
4438,1774458128.198262,1774458129.436278,7,7,1.0,0,0.0,237.28571428571428,238.9537711815923,60,707,87.0,4,1,1341.6626501940448,2,2,175.0,74.83314773547883,222.42857142857142,239.70527538545966,2,2,182.42857142857142,239.70527538545966,6,0.8571428571428571,1,38296.71428571428,1924.0,65535.0,0,7,0,0,0,0.021444571428571427,0.02968299914573516,1e-06,0.083747,4,3,0,0,0,0,0,0,0,0,0,0,0,207.83333333333334,247.35595134677203,28.0,648.0,0.0329664,0.04107898567759433,0.003015,0.103648,5,0.021444571428571427,0.02968299914573516,1e-06,0.083747,0,0,0,6,alexaBulbOn
4439,1774458241.404813,1774458242.456094,8,8,1.0,0,0.0,232.5,253.02230280013995,60,738,87.0,5,1,1769.2701034519046,2,2,185.0,74.83314773547883,217.0,254.2035180154448,2,2,177.0,254.2035180154448,6,0.75,1,34211.0,2821.0,65535.0,0,8,0,0,0,0.016097625,0.02694922459492772,2.3e-05,0.080842,4,4,0,0,0,0,0,0,0,0,0,0,0,141.4,178.84853927276006,28.0,437.0,0.0209878,0.0118037749131369,0.006626,0.035534,5,0.016097625,0.02694922459492772,2.3e-05,0.080842,0,0,0,5,alexaBulbChange
4440,1774458509.653011,1774458510.694748,8,8,1.0,0,0.0,218.5,238.23577756979685,60,734,87.0,5,1,1677.9669594707327,2,2,185.0,74.83314773547883,203.0,239.38970022001484,2,2,163.0,239.38970022001484,6,0.75,1,34211.0,2821.0,65535.0,0,8,0,0,0,0.021236249999999998,0.021537174570959862,0.0,0.066952,4,4,0,0,0,0,0,0,0,0,0,0,0,119.8,135.4887449200117,28.0,329.0,0.017258399999999997,0.009135085210330553,0.003133,0.025675,5,0.021236249999999998,0.021537174570959862,0.0,0.066952,0,0,0,5,alexaBulbOff
4441,1774458572.048775,1774458573.081573,7,7,1.0,0,0.0,240.85714285714286,247.18915063262017,60,732,87.0,4,1,1632.4585401820784,2,2,175.0,74.83314773547883,226.0,247.9300976753999,2,2,186.0,247.9300976753999,6,0.8571428571428571,1,38482.28571428572,2357.0,65535.0,0,7,0,0,0,0.02395342857142857,0.029816369541227645,0.0,0.087506,4,3,0,0,0,0,0,0,0,0,0,0,0,119.8,135.4887449200117,28.0,329.0,0.0325478,0.03920907064953211,0.004661,0.100344,5,0.02395342857142857,0.029816369541227645,0.0,0.087506,0,0,0,5,alexaBulbOn
4442,1774458600.111041,1774458601.14076,8,8,1.0,0,0.0,252.0,279.8341345460608,60,705,87.0,5,2,1957.8159119083,2,2,185.0,74.83314773547883,236.5,281.02160567675725,2,2,196.5,281.02160567675725,6,0.75,1,34211.0,2821.0,65535.0,0,8,0,0,0,0.021398374999999997,0.0272019495674089,0.0,0.083861,4,4,0,0,0,0,0,0,0,0,0,0,0,257.0,299.94866227406317,28.0,646.0,0.012723799999999999,0.010473970674963721,0.003473,0.024671,5,0.021398374999999997,0.0272019495674089,0.0,0.083861,0,0,0,6,alexaBulbChange
4443,1774458666.820565,1774458667.857475,10,10,1.0,0,0.0,202.4,230.11214657205733,60,732,87.0,7,1,1951.9532925771582,4,4,185.0,73.78647873726219,187.2,230.9496337588205,3,3,147.2,230.9496337588205,8,0.8,2,33898.6,2280.0,65535.0,0,10,0,0,0,0.0318039,0.04336645635472959,0.000399,0.135155,4,3,1,2,0,0,0,0,0,0,0,0,0,108.42857142857143,156.509698467174,26.0,437.0,0.052942571428571436,0.0635782177580161,0.002985,0.173127,7,0.0318039,0.04336645635472959,0.000399,0.135155,0,0,0,7,alexaBulbChange
4444,1774458695.0,1774458709.248007,2955,2953,0.9993231810490694,2,0.0006768189509306261,992.8852791878172,761.4090193111963,60,10062,1494.0,1009,1879,205921.85193554274,5,5,60.072081218274114,6.716718061935458,978.8791878172589,761.4165089877705,4,4,927.4663054520827,761.3395885796843,1953,0.6613613274635963,3,2571.6088723332205,0.0,65160.0,4,2948,2,2,2,0.003226272758037225,0.005739019264992317,0.0,0.088688,0,0,0,0,995,1960,0,0,0,0,0,0,2,4617.2003454231435,3464.144817439602,26.0,16408.0,0.01730487074148297,0.0043010174423552365,0.001104,0.068348,998,0.0031913592956315613,0.005511614947779261,0.0,0.064785,0,2,6,571,outsideDetection
4445,1774458806.734493,1774458807.821006,8,8,1.0,0,0.0,218.5,238.23577756979685,60,734,87.0,5,1,1608.8163986126465,2,2,185.0,74.83314773547883,203.0,239.38970022001484,2,2,163.0,239.38970022001484,6,0.75,1,33708.5,1816.0,65535.0,0,8,0,0,0,0.025716499999999996,0.04561804294355469,0.0,0.135634,4,4,0,0,0,0,0,0,0,0,0,0,0,119.8,135.4887449200117,28.0,329.0,0.03337759999999999,0.035641873488917494,0.004037,0.095,5,0.025716499999999996,0.04561804294355469,0.0,0.135634,0,0,0,5,alexaBulbOff
4446,1774458860.698472,1774458861.727989,8,8,1.0,0,0.0,214.625,228.71500512959042,60,703,87.0,5,1,1667.7724678892857,2,2,185.0,74.83314773547883,199.125,229.88782202258065,2,2,159.125,229.88782202258065,6,0.75,1,34211.0,2821.0,65535.0,0,8,0,0,0,0.022827625000000004,0.027279404585759778,1e-06,0.06685,4,4,0,0,0,0,0,0,0,0,0,0,0,207.16666666666666,245.9336631424553,28.0,644.0,0.013574800000000001,0.01054826714204755,0.003263,0.026764,5,0.022827625000000004,0.027279404585759778,1e-06,0.06685,0,0,0,6,alexaBulbOn
4447,1774458874.551442,1774458874.781733,3,3,1.0,0,0.0,102.0,36.373066958946424,60,123,123.0,1,0,1328.7528809590117,2,2,161.66666666666666,80.82903768654761,86.0,39.83716857408418,2,2,46.0,39.83716857408418,2,0.6666666666666666,1,44341.333333333336,1954.0,65535.0,0,3,0,0,0,0.010258999999999999,0.014376287803184796,0.001598,0.026854,0,0,0,0,0,0,2,1,0,0,0,0,0,64.0,0.0,64.0,64.0,0.0146085,0.017371492293409913,0.002325,0.026892,2,0.010258999999999999,0.014376287803184796,0.001598,0.026854,0,0,0,2,movingAroundHouse
4448,1774458889.747227,1774458889.974402,5,5,1.0,0,0.0,206.6,259.29192042946494,60,667,123.0,2,1,4547.155330217738,2,2,199.0,76.68115805072325,190.2,261.00325668466286,2,2,150.2,261.00325668466286,3,0.6,1,27496.8,1678.0,65535.0,0,5,0,0,0,0.025335800000000002,0.03944940974463369,0.001725,0.094739,0,0,0,0,0,0,2,3,0,0,0,0,0,245.33333333333334,314.0785464391564,64.0,608.0,0.0190015,0.020631254554679897,0.004413,0.03359,2,0.025335800000000002,0.03944940974463369,0.001725,0.094739,0,0,0,3,movingAroundHouse
4449,1774458956.047589,1774458957.090914,7,7,1.0,0,0.0,237.0,238.29883200161376,60,705,87.0,4,1,1590.1086274246336,2,2,175.0,74.83314773547883,222.14285714285714,239.051199935236,2,2,182.14285714285714,239.051199935236,6,0.8571428571428571,1,38482.28571428572,2357.0,65535.0,0,7,0,0,0,0.023473285714285714,0.04052450006976967,1e-06,0.113445,4,3,0,0,0,0,0,0,0,0,0,0,0,207.5,246.64448098427016,28.0,646.0,0.0355436,0.04443692692232441,0.005092,0.113445,5,0.023473285714285714,0.04052450006976967,1e-06,0.113445,0,0,0,6,alexaBulbOff
4450,1774459160.220652,1774459161.249898,10,10,1.0,0,0.0,194.6,215.2988620499421,60,732,92.0,7,1,1890.704726694881,4,4,146.8,77.38044541958475,180.0,215.72358857266087,3,3,136.4,217.7818480345259,8,0.8,2,28036.7,1817.0,65535.0,0,10,0,0,0,0.025678899999999998,0.05642955025604935,0.0,0.184689,4,3,0,0,1,2,0,0,0,0,0,0,0,93.0,119.72050785057671,26.0,329.0,0.027068714285714286,0.0346890417457458,0.002109,0.102314,7,0.025678899999999998,0.05642955025604935,0.0,0.184689,0,0,0,7,alexaBulbOn
4451,1774459195.376081,1774459196.405855,8,8,1.0,0,0.0,251.25,278.46761801996706,60,701,87.0,5,2,1951.8846819480991,2,2,185.0,74.83314773547883,235.75,279.65629414898365,2,2,195.75,279.65629414898365,6,0.75,1,34211.0,2821.0,65535.0,0,8,0,0,0,0.010228625,0.009479085729534107,0.0,0.0242,4,4,0,0,0,0,0,0,0,0,0,0,0,256.0,298.4198384826317,28.0,642.0,0.0120472,0.0106137031096597,0.00324,0.0242,5,0.010228625,0.009479085729534107,0.0,0.0242,0,0,0,6,alexaBulbChange
4452,1774459524.267944,1774459525.297033,8,8,1.0,0,0.0,214.625,228.71500512959042,60,703,87.0,5,1,1668.466034892751,2,2,185.0,74.83314773547883,199.125,229.88782202258065,2,2,159.125,229.88782202258065,6,0.75,1,33979.0,2357.0,65535.0,0,8,0,0,0,0.00808275,0.009709368403027784,1e-06,0.02468,4,4,0,0,0,0,0,0,0,0,0,0,0,207.16666666666666,245.9336631424553,28.0,644.0,0.032666,0.04347455543763501,0.00347,0.108429,5,0.00808275,0.009709368403027784,1e-06,0.02468,0,0,0,6,alexaBulbOff
4453,1774459528.0,1774459541.514332,2568,2566,0.9992211838006231,2,0.000778816199376947,1010.352414330218,766.0590801265045,60,11490,1494.0,847,1668,191987.66089511116,5,5,59.9088785046729,7.233235996976738,996.3454049844237,766.067806499502,4,4,945.0346843335932,765.9678141826714,1724,0.6718628215120811,3,2479.2182385035076,0.0,65160.0,4,2561,2,2,2,0.003725255841121495,0.0060177732093578155,0.0,0.051824,0,0,0,0,836,1732,0,0,0,0,0,0,2,4460.404536862004,3590.757221944847,26.0,16408.0,0.01827634761904762,0.004705796919902622,0.001064,0.068586,840,0.00371652065471551,0.0060080207833122234,0.0,0.051824,0,2,6,521,outsideDetection
4454,1774459543.952004,1774459544.984641,203,200,0.9852216748768473,3,0.014778325123152709,951.8669950738916,776.8425475012632,60,3298,1418.0,79,121,187121.8808522546,5,5,66.03940886699507,34.51314032501789,937.8374384236453,776.8767618778934,3,3,899.485,774.6803002613822,127,0.635,2,3632.27,845.0,65535.0,0,200,0,1,1,0.0046011330049261084,0.0070525497072556126,0.0,0.043187,4,3,0,0,72,121,0,3,0,0,0,0,0,3808.2127659574467,5111.260998738451,28.0,16408.0,0.019057792207792208,0.01067107308437365,0.002338,0.105229,77,0.00453722,0.007060016010032098,0.0,0.043187,0,0,0,47,alexaBulbOn
4455,1774459773.63028,1774459774.664142,8,8,1.0,0,0.0,215.375,230.54775613122513,60,709,87.0,5,1,1666.5669184386525,2,2,185.0,74.83314773547883,199.875,231.71684537074862,2,2,159.875,231.71684537074862,6,0.75,1,33979.0,2357.0,65535.0,0,8,0,0,0,0.0121855,0.010484564164250497,0.0,0.029159,4,4,0,0,0,0,0,0,0,0,0,0,0,208.16666666666666,248.06806861558516,28.0,650.0,0.0317646,0.036784131249765845,0.005014,0.094876,5,0.0121855,0.010484564164250497,0.0,0.029159,0,0,0,6,alexaBulbOff
4456,1774459988.760764,1774459989.793166,7,7,1.0,0,0.0,237.28571428571428,238.9537711815923,60,707,87.0,4,1,1608.8693531580932,2,2,175.0,74.83314773547883,222.42857142857142,239.70527538545966,2,2,182.42857142857142,239.70527538545966,6,0.8571428571428571,1,38283.42857142857,1893.0,65535.0,0,7,0,0,0,0.020649000000000004,0.03018120242800144,0.0,0.085406,4,3,0,0,0,0,0,0,0,0,0,0,0,207.83333333333334,247.35595134677203,28.0,648.0,0.0333586,0.04372674413102352,0.003554,0.109822,5,0.020649000000000004,0.03018120242800144,0.0,0.085406,0,0,0,6,alexaBulbOn
4457,1774460031.348301,1774460032.381551,8,8,1.0,0,0.0,232.125,252.30278719937166,60,736,87.0,5,1,1797.241550476318,2,2,185.0,74.83314773547883,216.625,253.48481921296306,2,2,176.625,253.48481921296306,6,0.75,1,34211.0,2821.0,65535.0,0,8,0,0,0,0.0224095,0.029967925062830563,1e-06,0.09065,4,4,0,0,0,0,0,0,0,0,0,0,0,141.2,178.4354224922843,28.0,436.0,0.014005,0.010730870398061846,0.003128,0.028311,5,0.0224095,0.029967925062830563,1e-06,0.09065,0,0,0,5,alexaBulbChange
4458,1774460149.938936,1774460150.979297,7,7,1.0,0,0.0,253.0,253.95734549985622,60,709,87.0,4,1,1702.293841538733,2,2,175.0,74.83314773547883,238.14285714285714,254.7262769925321,2,2,198.14285714285714,254.7262769925321,6,0.8571428571428571,1,38449.28571428572,2280.0,65535.0,0,7,0,0,0,0.017725571428571427,0.02025939692963196,0.0,0.058355,4,3,0,0,0,0,0,0,0,0,0,0,0,226.16666666666666,262.1102185468294,28.0,650.0,0.0327604,0.04080579087335521,0.004532,0.103944,5,0.017725571428571427,0.02025939692963196,0.0,0.058355,0,0,0,6,alexaBulbChange
4459,1774460151.0,1774460165.101082,2007,1997,0.9950174389636273,10,0.004982561036372696,934.0004982561036,701.6540033936355,60,5778,1418.0,696,1248,132935.82637790925,10,10,59.738415545590435,10.39901032950818,919.9885401096163,701.6689571243943,6,6,872.0415623435152,701.0747237718575,1308,0.6549824737105658,5,2543.0010015022535,0.0,65535.0,6,1991,2,3,3,0.0044647782760338815,0.007295023744298355,0.0,0.087654,1,2,0,0,684,1320,0,0,0,0,0,0,2,2852.6071428571427,3312.0490161324688,26.0,16408.0,0.01833290101892285,0.011515108280315458,0.001031,0.261186,687,0.004450767150726088,0.00726402577875322,0.0,0.087654,0,2,6,580,outsideDetection
4460,1774460178.003741,1774460178.233169,4,4,1.0,0,0.0,243.25,284.05677249451384,60,667,123.0,1,1,4240.980942355275,2,2,185.0,80.82903768654761,227.75,285.35986052701946,2,2,187.75,285.35986052701946,3,0.75,1,33951.5,2299.0,65535.0,0,4,0,0,0,0.015682,0.016205016527812203,0.00165,0.031591,0,0,0,0,0,0,2,2,0,0,0,0,0,245.33333333333334,314.0785464391564,64.0,608.0,0.014743500000000001,0.018331743302261245,0.001781,0.027706,2,0.015682,0.016205016527812203,0.00165,0.031591,0,0,0,3,movingAroundHouse
4461,1774484310.448009,1774484310.684899,18,17,0.9444444444444444,1,0.05555555555555555,290.55555555555554,442.25680884223846,60,1725,76.0,10,3,22077.75037767125,4,5,122.72222222222223,85.93349381630614,275.55555555555554,442.8144243123579,5,5,240.94117647058823,453.58922366335975,8,0.47058823529411764,3,25557.941176470587,1920.0,65535.0,2,16,0,1,1,0.013110333333333335,0.02328506476894831,0.0,0.092904,0,0,0,0,4,5,4,5,0,0,0,0,1,475.5,617.0308744301212,64.0,1654.0,0.009088444444444444,0.010125536518021045,0.001044,0.027537,9,0.011038000000000001,0.022224936833431047,0.0,0.092904,0,0,3,3,movingAroundHouse
4462,1774484324.0,1774484339.987871,3893,3883,0.9974312869252504,10,0.0025687130747495505,942.035191369124,954.9795053545229,60,14346,1418.0,1417,2208,229382.824998023,13,13,65.98587207808887,34.159103519847,927.840996660673,955.1594864455896,21,21,878.8408447077003,955.0258703809362,2497,0.6430594900849859,19,6801.646922482617,0.0,65535.0,28,3862,25,3,3,0.003785716414076548,0.01131551691229917,0.0,0.205492,29,18,29,16,1220,2366,130,83,1,1,0,0,14,4450.596888260255,4220.739213701231,1.0,16408.0,0.017402701060070674,0.008590511439928311,0.000996,0.115164,1415,0.0037900121040432655,0.011329326415273337,0.0,0.205492,11,4,75,617,outsideDetection
4463,1774484349.010301,1774484350.082575,220,220,1.0,0,0.0,769.2227272727273,849.8091810694746,60,5778,304.0,99,97,157822.53863272976,7,7,71.82272727272728,45.09989350713041,754.8136363636364,850.1534359475255,10,10,704.5227272727273,849.2748851410483,130,0.5909090909090909,8,9433.054545454546,0.0,65535.0,2,214,8,0,0,0.004750431818181819,0.014508858239237466,0.0,0.114617,6,5,2,1,70,122,8,6,0,0,0,0,1,3551.3333333333335,10479.412481338015,1.0,45632.0,0.021241534090909092,0.029242023700725074,0.001427,0.252169,88,0.004750431818181819,0.014508858239237466,0.0,0.114617,1,3,7,17,alexaBulbOn
4464,1774484403.533761,1774484404.624188,57,57,1.0,0,0.0,299.70175438596493,374.0163749715608,60,1725,87.0,31,10,15666.341006239749,6,6,111.14035087719299,79.95432593417927,284.5438596491228,374.7785570066408,8,8,238.50877192982455,376.3385692055482,31,0.543859649122807,6,28109.78947368421,1670.0,65535.0,2,56,2,0,0,0.01424854385964912,0.03283407064809258,0.0,0.200691,6,5,2,2,11,16,9,6,0,0,0,0,1,293.8235294117647,398.82487311069843,1.0,1654.0,0.01499667741935484,0.020104706998423854,0.001048,0.106981,31,0.01424854385964912,0.03283407064809258,0.0,0.200691,1,0,6,10,alexaBulbOff
4465,1774484449.974946,1774484451.09761,53,53,1.0,0,0.0,321.9056603773585,381.47906808948363,60,1725,111.0,26,10,15196.889170348077,6,6,101.9622641509434,75.14497840435129,307.0,382.11843713696936,7,7,260.50943396226415,384.14843999130125,30,0.5660377358490566,5,28803.67924528302,1670.0,65535.0,2,52,2,0,0,0.018617867924528308,0.038414527637559676,0.0,0.197586,4,3,2,1,11,16,10,6,0,0,0,0,1,306.7142857142857,418.5273501900955,1.0,1654.0,0.018496724137931034,0.026234613817158962,0.001088,0.107855,29,0.018617867924528308,0.038414527637559676,0.0,0.197586,1,0,6,7,alexaBulbOn
4466,1774484478.566281,1774484479.614288,47,47,1.0,0,0.0,291.0851063829787,326.2317014550051,60,1065,87.0,24,8,13054.301976040004,6,6,113.04255319148936,80.57563485613959,275.8085106382979,327.16374296153776,7,7,231.2127659574468,328.9356310871549,28,0.5957446808510638,5,31843.978723404256,1516.0,65535.0,0,47,2,0,0,0.021475765957446803,0.04417056048222162,0.0,0.202868,7,5,2,1,7,11,9,5,0,0,0,0,0,180.0,176.64937022248338,1.0,437.0,0.012391115384615386,0.012100966117883062,0.002411,0.048295,26,0.021475765957446803,0.04417056048222162,0.0,0.202868,1,0,3,9,alexaBulbChange
4467,1774484520.132344,1774484521.4133,65,65,1.0,0,0.0,301.89230769230767,369.1146977514629,60,1725,87.0,35,12,15319.026993967114,6,6,105.33846153846154,76.40154549383247,286.87692307692305,369.7968406644176,8,8,240.47692307692307,371.6690441311795,35,0.5384615384615384,6,28426.46153846154,1670.0,65535.0,2,64,4,0,0,0.01954589230769231,0.04133536371676916,0.0,0.213694,6,5,2,1,13,20,11,7,0,0,0,0,1,286.27777777777777,387.1061270436975,1.0,1654.0,0.019323057142857144,0.043327666413955315,0.00119,0.243141,35,0.01954589230769231,0.04133536371676916,0.0,0.213694,1,0,6,11,alexaBulbChange
4468,1774484556.384057,1774484557.428799,45,45,1.0,0,0.0,293.5777777777778,330.66609695698725,60,1065,87.0,23,8,12645.228828619123,6,6,115.22222222222223,81.69062728280758,278.3777777777778,331.54077555948663,7,7,233.57777777777778,333.40498775301165,27,0.6,5,30358.88888888889,1670.0,65535.0,0,45,2,0,0,0.011770155555555557,0.01716341329683521,0.0,0.094875,6,5,2,1,7,11,8,5,0,0,0,0,0,171.69230769230768,165.7595570977154,1.0,437.0,0.019088916666666667,0.023086201442338496,0.001213,0.109629,24,0.011770155555555557,0.01716341329683521,0.0,0.094875,1,0,3,9,alexaBulbOff
4469,1774484594.429607,1774484595.481445,55,55,1.0,0,0.0,291.1818181818182,366.5131037478131,60,1725,87.0,30,9,15225.726367145398,6,6,105.9090909090909,76.38772267245683,276.09090909090907,367.2207063035078,8,8,229.83636363636364,368.7236124211499,30,0.5454545454545454,6,29017.872727272726,1670.0,65535.0,2,54,2,0,0,0.014574799999999999,0.025716264209711792,0.0,0.118902,7,5,2,1,11,16,8,5,0,0,0,0,1,271.8125,401.09852800361494,1.0,1654.0,0.0128209,0.019483079545489262,0.001075,0.10312,30,0.014574799999999999,0.025716264209711792,0.0,0.118902,1,0,6,9,alexaBulbOn
4470,1774484629.727773,1774484630.990839,61,61,1.0,0,0.0,290.0983606557377,362.9215114832238,60,1725,87.0,33,10,14010.351994258623,6,6,111.18032786885246,80.14081527676171,274.8196721311475,363.7532363290954,7,7,229.18032786885246,365.1038440497316,33,0.5409836065573771,5,29492.803278688523,1670.0,65535.0,2,60,2,0,0,0.01648339344262295,0.032349222971234146,0.0,0.197566,7,5,3,3,11,16,10,6,0,0,0,0,1,278.5625,403.0291914572277,1.0,1654.0,0.01829330303030303,0.023596156252773524,0.001064,0.099569,33,0.01648339344262295,0.032349222971234146,0.0,0.197566,1,0,6,9,alexaBulbChange
4471,1774484716.875436,1774484718.409888,60,60,1.0,0,0.0,292.65,367.4647832774626,60,1725,82.5,33,10,11443.173484973022,6,6,102.41666666666667,74.00693775693054,277.65,368.11497950449285,8,8,231.31666666666666,369.88905765344214,32,0.5333333333333333,6,28866.1,1920.0,65535.0,2,59,2,0,0,0.012562366666666668,0.01812685415878291,0.0,0.093204,7,4,2,1,14,16,10,6,0,0,0,0,1,271.75,401.10788241236713,1.0,1654.0,0.06243074285714285,0.08357239085168754,0.001001,0.279004,35,0.012562366666666668,0.01812685415878291,0.0,0.093204,1,0,6,9,alexaBulbOff
4472,1774484789.630775,1774484790.688044,56,56,1.0,0,0.0,286.94642857142856,364.65173520362276,60,1725,82.5,31,9,15198.590458287594,6,6,108.57142857142857,78.2682699305541,271.76785714285717,365.40572673381865,7,7,225.625,366.8165041642384,30,0.5357142857142857,5,28511.875,1670.0,65535.0,2,55,2,0,0,0.016948625,0.0351828105976161,0.0,0.202722,6,5,2,1,11,16,9,6,0,0,0,0,1,294.0,399.0590495152315,1.0,1654.0,0.013684866666666667,0.020838190678181007,0.001144,0.109936,30,0.016948625,0.0351828105976161,0.0,0.202722,1,0,6,10,alexaBulbOn
4474,1774484806.0,1774484821.401985,3367,3357,0.9970299970299971,10,0.00297000297000297,929.1535491535492,907.1552060804814,60,14346,1418.0,1195,1945,203120.57271907676,11,12,67.60795960795961,36.94820814559327,914.9468369468369,907.3539562193184,19,19,866.489127196902,906.9901406697278,2196,0.6541554959785523,17,7357.231754542747,0.0,65535.0,24,3341,22,3,3,0.004292140184140184,0.012817929422619476,0.0,0.202444,28,16,28,16,1005,2053,130,88,1,2,0,0,12,4107.637904468413,4180.262348135587,1.0,16408.0,0.017514739600665557,0.008660382677234827,0.000987,0.142438,1202,0.004185482573726541,0.012306067982220179,0.0,0.202444,10,2,66,571,outsideDetection
4473,1774484818.475458,1774484818.713486,60,60,1.0,0,0.0,1013.6,811.8604956559836,60,2922,1456.0,19,37,255499.2999172645,5,5,68.38333333333334,36.79632059105296,999.4,812.1000856745073,5,5,948.6,811.0041317372651,41,0.6833333333333333,3,6932.916666666667,1670.0,65535.0,0,60,0,0,0,0.0035358666666666667,0.005755520767398446,1e-06,0.02123,0,0,0,0,17,37,4,2,0,0,0,0,0,5565.3,5486.51779972203,64.0,15448.0,0.017696142857142855,0.006081677123012321,0.001756,0.029228,21,0.0035358666666666667,0.005755520767398446,1e-06,0.02123,0,0,0,10,movingAroundHouse
4475,1774484855.441484,1774484856.485432,55,55,1.0,0,0.0,304.6545454545454,380.33456121049335,60,1725,87.0,30,10,16050.608882448525,6,6,112.85454545454546,80.89600507048314,289.45454545454544,381.1276552052994,8,8,243.63636363636363,382.6562311602821,29,0.5272727272727272,6,28339.29090909091,1516.0,65535.0,2,54,2,0,0,0.015035563636363635,0.03243090390910522,0.0,0.202687,6,6,2,1,11,14,9,6,0,0,0,0,1,294.92857142857144,423.436574904711,1.0,1654.0,0.12975948387096778,0.6620504789412396,0.001009,3.696661,31,0.015035563636363635,0.03243090390910522,0.0,0.202687,1,0,4,9,alexaBulbOff
4476,1774484906.868768,1774484908.319628,100,100,1.0,0,0.0,280.74,375.6725045928577,60,1725,76.5,56,14,19349.902502864257,6,6,90.87,64.54638219563863,266.2,375.99682998878615,10,10,217.32,377.69200428525113,51,0.51,8,24002.61,1670.0,65535.0,6,97,6,0,0,0.011351850000000002,0.022518700948580852,0.0,0.165088,5,5,2,1,28,41,11,7,0,0,0,0,3,334.875,457.2035439989079,1.0,1654.0,0.025242960000000002,0.061023264618106345,0.000873,0.418349,50,0.011351850000000002,0.022518700948580852,0.0,0.165088,2,0,15,15,alexaBulbOn
4477,1774485034.222133,1774485034.460487,16,16,1.0,0,0.0,318.75,462.6394564525022,60,1725,100.5,8,3,21396.748918957037,4,4,106.1875,75.79289214695531,304.0,463.0912077190266,5,5,256.0,464.05531279507335,8,0.5,3,26973.3125,2023.0,65535.0,2,15,0,0,0,0.011572625,0.01913868405394338,1e-06,0.077966,0,0,0,0,4,5,4,3,0,0,0,0,1,475.5,617.0308744301212,64.0,1654.0,0.011089,0.011362855318976827,0.001247,0.03278,9,0.011572625,0.01913868405394338,1e-06,0.077966,0,0,3,3,movingAroundHouse
4478,1774485063.308294,1774485063.560484,20,20,1.0,0,0.0,185.05,188.37238455558682,60,667,69.0,11,2,14675.450412711378,4,4,88.2,59.139086727369815,170.45,188.80022162119016,4,4,122.05,189.6130339179745,10,0.5,3,24619.1,1816.0,65535.0,0,20,2,0,0,0.0121573,0.03264506209472454,0.0,0.145731,0,0,0,0,6,8,4,2,0,0,0,0,0,238.44444444444446,219.41576465189956,1.0,608.0,0.015462888888888887,0.013461647878737252,0.001216,0.030197,9,0.0121573,0.03264506209472454,0.0,0.145731,1,0,1,7,movingAroundHouse
4479,1774485141.436684,1774485142.492352,57,57,1.0,0,0.0,287.36842105263156,344.65731591471234,60,1494,87.0,30,9,15516.240149437881,6,6,107.78947368421052,77.7906386311786,272.3157894736842,345.37108189674234,8,8,226.0701754385965,346.98403934316235,32,0.5614035087719298,6,28053.859649122805,1516.0,65535.0,2,56,2,0,0,0.01662822807017544,0.029167300632372512,0.0,0.157885,6,5,2,2,12,16,9,5,0,0,0,0,1,294.05882352941177,399.12176565996674,1.0,1654.0,0.015384633333333335,0.02309148097202969,0.001067,0.119662,30,0.01662822807017544,0.029167300632372512,0.0,0.157885,1,0,6,10,alexaBulbOff
4480,1774485210.695342,1774485211.769136,54,54,1.0,0,0.0,276.51851851851853,335.404387902393,60,1494,87.0,29,8,13905.834411603666,6,6,103.14814814814815,74.2833451983985,261.51851851851853,336.06904842750896,8,7,214.92592592592592,337.6024709207088,30,0.5555555555555556,6,28377.462962962964,2040.0,65535.0,2,53,2,0,0,0.01728016666666667,0.03916533589302162,0.0,0.203142,6,4,2,1,12,16,8,5,0,0,0,0,1,293.88235294117646,399.0220674275016,1.0,1654.0,0.015014357142857144,0.013735514328474375,0.001084,0.045416,28,0.01728016666666667,0.03916533589302162,0.0,0.203142,1,0,6,10,alexaBulbOn
4481,1774485298.572196,1774485299.629405,45,45,1.0,0,0.0,358.2,417.348099748443,60,1725,162.0,22,10,15246.748535943798,6,6,119.46666666666667,83.90080723417063,343.0,418.23112357555686,7,7,298.55555555555554,419.75315016174335,27,0.6,5,31981.71111111111,1670.0,65535.0,2,44,0,0,0,0.023404444444444443,0.04767748604070496,0.0,0.204391,6,5,2,1,7,8,10,6,0,0,0,0,1,326.1818181818182,482.59772444175866,4.0,1654.0,0.01614342857142857,0.019446132606898453,0.001023,0.102057,28,0.023404444444444443,0.04767748604070496,0.0,0.204391,0,0,5,6,alexaBulbOff
4482,1774485302.0,1774485320.002139,4852,4834,0.9962901896125309,18,0.003709810387469085,938.0636850783183,858.7934539343994,60,14346,1494.0,1733,2830,252830.23183345783,12,13,65.68899422918385,32.443032203341765,923.9029266281946,858.9583842844054,23,23,875.7821679768308,858.6093163517291,3146,0.6508067852709971,21,6250.73500206868,0.0,65535.0,32,4813,30,4,4,0.003339509274525969,0.009097866005779501,0.0,0.201217,32,18,32,19,1506,3009,140,96,0,0,0,0,16,4736.506715506715,5022.984865769747,1.0,16408.0,0.01743272848837209,0.039492810154714855,0.000987,1.100839,1720,0.003263338642945801,0.0086231644884507,0.0,0.201217,14,4,88,713,outsideDetection
4483,1774485403.914737,1774485404.969163,59,59,1.0,0,0.0,296.76271186440675,369.13268986037184,60,1725,87.0,32,10,16605.243753706825,6,6,106.30508474576271,76.8543751109824,281.7457627118644,369.8025844830678,8,8,235.16949152542372,371.74602715880866,32,0.5423728813559322,6,29501.06779661017,1670.0,65535.0,4,57,2,0,0,0.012338966101694913,0.021915495081197767,0.0,0.115226,6,5,2,1,12,17,10,6,0,0,0,0,1,271.625,401.0612380505833,1.0,1654.0,0.013879124999999999,0.01932070173832437,0.001001,0.102695,32,0.012338966101694913,0.021915495081197767,0.0,0.115226,1,0,6,9,alexaBulbOn
4484,1774485489.696582,1774485490.75284,58,58,1.0,0,0.0,295.6551724137931,372.1655711389728,60,1725,82.5,32,10,16234.670504509097,6,6,113.62068965517241,81.47000903059885,280.41379310344826,372.97260303329267,8,8,234.48275862068965,374.44753415915363,31,0.5344827586206896,6,27703.08620689655,1920.0,65535.0,2,57,2,0,0,0.01815755172413793,0.037225390859905234,0.0,0.196041,6,6,2,2,11,16,9,6,0,0,0,0,1,294.11764705882354,399.1501726094048,1.0,1654.0,0.013553580645161286,0.013131179042706442,0.00128,0.055357,31,0.01815755172413793,0.037225390859905234,0.0,0.196041,1,0,6,10,alexaBulbOff
4485,1774485576.037632,1774485577.192592,58,57,0.9827586206896551,1,0.017241379310344827,300.48275862068965,370.3878593639191,60,1725,87.0,31,10,15089.701159704087,7,7,107.03448275862068,77.31933452787233,285.55172413793105,371.00892183975105,8,7,242.96491228070175,375.0354252273225,32,0.5614035087719298,6,30274.877192982458,1670.0,65535.0,3,55,2,1,1,0.017736775862068968,0.0327228254726543,0.0,0.161885,6,4,2,1,12,16,10,6,0,0,0,1,1,294.05882352941177,399.02623199926273,1.0,1654.0,0.01841996774193548,0.03324027065822808,0.001145,0.14057,31,0.01802866666666667,0.03293743433028603,0.0,0.161885,1,0,6,10,alexaBulbOn
4486,1774485656.795926,1774485657.845484,53,53,1.0,0,0.0,299.8301886792453,370.8492196115588,60,1725,87.0,28,9,15140.66030328259,6,6,103.88679245283019,74.79373183767538,284.92452830188677,371.4520286377504,7,7,238.43396226415095,373.1500785636732,30,0.5660377358490566,5,28757.811320754718,1670.0,65535.0,2,52,2,0,0,0.01724632075471698,0.03182013959668986,0.0,0.16126,6,5,2,1,11,16,8,4,0,0,0,0,1,294.11764705882354,399.1501726094048,1.0,1654.0,0.01489493103448276,0.01773888494025612,0.001327,0.086456,29,0.01724632075471698,0.03182013959668986,0.0,0.16126,1,0,6,10,alexaBulbOff
4487,1774485773.547788,1774485774.742971,57,57,1.0,0,0.0,304.05263157894734,372.694887707503,60,1725,87.0,30,10,14500.70779006659,6,6,107.78947368421052,77.7906386311786,289.0,373.4029325005362,7,7,242.96491228070175,375.0416626814509,32,0.5614035087719298,5,29177.78947368421,1670.0,65535.0,2,56,2,0,0,0.017251736842105264,0.03745976934684458,0.0,0.200362,6,5,2,1,11,16,10,6,0,0,0,0,1,294.05882352941177,399.0467501728706,1.0,1654.0,0.012858225806451615,0.01027355412603862,0.001075,0.038555,31,0.017251736842105264,0.03745976934684458,0.0,0.200362,1,0,6,10,alexaBulbOn
4488,1774485914.340614,1774485915.440407,27,27,1.0,0,0.0,385.0,383.97876543852306,60,1081,288.0,11,7,9451.77901981111,5,5,149.37037037037038,90.91760773365847,369.22222222222223,385.54829422458505,6,6,329.22222222222223,385.54829422458505,19,0.7037037037037037,4,39772.148148148146,1516.0,65535.0,0,27,0,0,0,0.0342837037037037,0.03939263527597201,1e-06,0.141704,5,4,2,1,0,0,9,6,0,0,0,0,0,208.5,248.7808272355408,28.0,652.0,0.0277649375,0.028061776376342128,0.002497,0.095564,16,0.0342837037037037,0.03939263527597201,1e-06,0.141704,0,0,0,6,alexaBulbOff
4489,1774486018.801149,1774486019.893606,57,57,1.0,0,0.0,288.7543859649123,361.41760969340055,60,1725,87.0,31,9,15066.038439605272,8,8,108.6842105263158,77.5709716266191,273.9122807017544,361.9658271509379,9,9,227.66666666666666,363.53189746732056,33,0.5789473684210527,7,28055.964912280702,1924.0,65535.0,2,56,2,0,0,0.01589338596491228,0.02787538827196236,0.0,0.140521,6,5,2,1,12,16,8,5,1,1,0,0,1,244.5,385.0745153252045,1.0,1654.0,0.023037741935483875,0.04656241739068663,0.00099,0.248707,31,0.01589338596491228,0.02787538827196236,0.0,0.140521,1,0,6,11,alexaBulbOn
4490,1774486148.546399,1774486149.590269,58,58,1.0,0,0.0,300.48275862068965,371.357407707081,60,1725,87.0,31,10,16695.565983937173,6,6,107.03448275862068,77.31933452787233,285.44827586206895,372.04546847261867,7,7,239.31034482758622,373.7363366931175,32,0.5517241379310345,5,28722.41379310345,1670.0,65535.0,2,57,2,0,0,0.017071758620689655,0.03335719704573109,0.0,0.176788,6,5,2,1,12,16,10,6,0,0,0,0,1,271.8125,401.113486642704,1.0,1654.0,0.0105825,0.011068412142436633,0.00099,0.045247,32,0.017071758620689655,0.03335719704573109,0.0,0.176788,1,0,6,9,alexaBulbOff
4491,1774486176.0,1774486191.218042,3504,3498,0.9982876712328768,6,0.0017123287671232876,914.9260844748859,787.5819688465851,60,9908,1418.0,1230,2045,210664.48770060876,8,9,67.01455479452055,34.99580439640249,900.7325913242009,787.7927523287917,16,16,851.0814751286449,787.1835842810881,2296,0.6563750714694111,14,6783.6660949113775,0.0,65535.0,23,3484,20,3,3,0.004116543378995434,0.012923611539854453,0.0,0.21742,28,17,27,15,1055,2157,124,81,0,0,0,0,11,4430.025276461295,4133.867705316208,1.0,16408.0,0.01557700806451613,0.009350782539360083,0.000984,0.241592,1240,0.004084440823327616,0.01287859876968722,0.0,0.21742,9,2,57,565,outsideDetection
4492,1774486201.964907,1774486202.210769,76,76,1.0,0,0.0,907.6973684210526,785.6935962530066,60,4284,1418.0,27,44,280584.2220282772,5,5,66.89473684210526,32.8014548243899,893.5394736842105,785.8667985655835,6,6,842.4868421052631,785.1055724070244,50,0.6578947368421053,4,6594.763157894737,1283.0,65535.0,0,76,0,0,0,0.0032706447368421048,0.005634807256576922,0.0,0.036908,0,0,0,0,24,46,4,2,0,0,0,0,0,4169.8,3883.336014305226,4.0,9620.0,0.016653785714285715,0.0072717142986554306,0.002223,0.040878,28,0.0032706447368421048,0.005634807256576922,0.0,0.036908,0,0,2,13,movingAroundHouse
4493,1774486236.99938,1774486238.328556,35,31,0.8857142857142857,4,0.11428571428571428,367.3142857142857,392.87086423707547,60,1081,245.0,17,9,9672.158158396604,5,6,157.14285714285714,92.42712323362497,351.6,394.25844017225404,6,6,349.741935483871,403.7463698694958,21,0.6774193548387096,4,41099.6129032258,1670.0,65535.0,0,31,0,1,1,0.02852414285714286,0.045239046621086895,0.0,0.194125,6,4,2,1,0,0,11,11,0,0,0,0,0,119.8,135.4887449200117,28.0,329.0,0.019560333333333332,0.024896996484181245,0.002094,0.114575,21,0.025111806451612907,0.037426828353842076,0.0,0.194125,0,0,0,5,alexaBulbOn
4494,1774486300.64984,1774486301.760413,64,61,0.953125,3,0.046875,278.671875,358.9701784796314,60,1725,76.5,37,10,16059.280184110192,6,7,108.96875,78.85267934371375,263.828125,359.4980872716629,8,8,227.0983606557377,367.4147839938777,32,0.5245901639344263,6,28581.688524590165,1670.0,65535.0,4,59,2,1,1,0.013174953125,0.0224922606452592,0.0,0.127046,6,4,2,1,15,17,10,9,0,0,0,0,1,294.29411764705884,399.17567634844096,1.0,1654.0,0.017883457142857148,0.024208646746860633,0.001135,0.109343,35,0.011496196721311478,0.01761579797494252,0.0,0.096329,1,0,6,10,alexaBulbOff
4495,1774486340.27569,1774486341.337328,42,42,1.0,0,0.0,324.54761904761904,382.4772400294353,60,1494,124.5,21,8,12839.594627419134,6,6,117.66666666666667,83.8304521963657,309.26190476190476,383.3952338548627,7,7,264.5,384.7466223563686,25,0.5952380952380952,5,31102.309523809523,1516.0,65535.0,2,41,0,0,0,0.02085828571428571,0.03830659530253862,0.0,0.202667,5,5,2,1,7,8,9,5,0,0,0,0,1,325.7,508.5596326882424,4.0,1654.0,0.014263625,0.013665275010556152,0.001065,0.056602,24,0.02085828571428571,0.03830659530253862,0.0,0.202667,0,0,5,5,alexaBulbOn
4496,1774486394.436133,1774486395.484166,52,52,1.0,0,0.0,295.88461538461536,376.17797487131077,60,1725,82.5,29,9,14680.835445174667,6,6,112.0,80.24081402437365,280.61538461538464,376.9967053398531,8,8,234.92307692307693,378.31835572774287,27,0.5192307692307693,6,29862.403846153848,1670.0,65535.0,2,51,2,0,0,0.01840701923076923,0.032999112719200877,0.0,0.180286,7,4,2,1,9,14,8,7,0,0,0,0,1,318.8666666666667,418.3301612476965,1.0,1654.0,0.017192482758620696,0.019851224760021897,0.001016,0.093146,29,0.01840701923076923,0.032999112719200877,0.0,0.180286,1,0,4,10,alexaBulbOff
4497,1774486406.786259,1774486407.83522,46,46,1.0,0,0.0,289.17391304347825,329.733717774936,60,1081,87.0,24,8,12681.117733134954,6,6,114.1086956521739,81.13013640945285,274.0,330.5754578509018,7,7,229.04347826086956,332.51779945819703,27,0.5869565217391305,5,29657.956521739132,1670.0,65535.0,0,46,2,0,0,0.02214578260869565,0.03533718338012496,0.0,0.153079,6,4,2,1,8,11,8,6,0,0,0,0,0,171.92307692307693,165.9600662501181,1.0,437.0,0.0172508,0.02322486678648556,0.00109,0.112423,25,0.02214578260869565,0.03533718338012496,0.0,0.153079,1,0,3,9,alexaBulbOn
4498,1774486546.463791,1774486547.638569,58,58,1.0,0,0.0,300.51724137931035,355.43949772025184,60,1494,87.0,30,10,14836.842953157431,6,6,107.03448275862068,77.31933452787233,285.48275862068965,356.1584134721421,7,7,239.3448275862069,357.9237668380149,33,0.5689655172413793,5,28744.379310344826,1920.0,65535.0,2,57,2,0,0,0.01872712068965517,0.04192353618868673,0.0,0.202044,6,4,2,1,12,16,10,7,0,0,0,0,1,271.9375,401.12416510768,1.0,1654.0,0.008647724137931035,0.008870079605443039,0.000958,0.028025,29,0.01872712068965517,0.04192353618868673,0.0,0.202044,1,0,6,9,alexaBulbOff
4499,1774486580.32143,1774486581.370888,58,58,1.0,0,0.0,284.13793103448273,343.3101737177336,60,1494,87.0,31,9,15703.343609558571,6,6,103.74137931034483,74.93753196035841,269.2068965517241,343.93511008852107,8,8,222.6551724137931,345.73113738675846,32,0.5517241379310345,6,27595.844827586207,1750.0,65535.0,2,57,2,0,0,0.013698189655172412,0.030136552324644426,0.0,0.201067,2,2,6,4,14,16,9,5,0,0,0,0,1,272.125,401.155476924679,1.0,1654.0,0.014003064516129031,0.02017076538613162,0.001114,0.107065,31,0.013698189655172412,0.030136552324644426,0.0,0.201067,1,0,6,9,alexaBulbOff
4500,1774486668.190311,1774486669.322669,59,59,1.0,0,0.0,295.9491525423729,353.1193714219136,60,1494,87.0,31,10,15420.03399632884,6,6,109.54237288135593,79.03345473080465,280.8305084745763,353.88675144216506,8,8,234.79661016949152,355.5522552244712,33,0.559322033898305,6,27953.474576271186,1750.0,65535.0,2,58,2,0,0,0.018390169491525426,0.04249243711904043,0.0,0.212844,6,4,2,1,13,15,10,8,0,0,0,0,1,294.29411764705884,399.0951898836107,1.0,1654.0,0.015559064516129035,0.0210280923860368,0.000915,0.112486,31,0.018390169491525426,0.04249243711904043,0.0,0.212844,1,0,6,10,alexaBulbOn
4501,1774486729.442287,1774486730.509234,55,55,1.0,0,0.0,274.23636363636365,350.72765437314393,60,1725,87.0,30,8,14136.597446314048,6,6,98.96363636363637,70.90655395617104,259.3636363636364,351.27668548355115,8,8,212.6727272727273,352.80421884526385,30,0.5454545454545454,6,28923.127272727274,1516.0,65535.0,2,54,2,0,0,0.017878672727272726,0.03680024895802188,0.0,0.203643,7,4,2,1,13,16,8,4,0,0,0,0,1,294.3529411764706,399.2192288042484,1.0,1654.0,0.013566031249999999,0.016429906118523865,0.002368,0.087174,32,0.017878672727272726,0.03680024895802188,0.0,0.203643,1,0,6,10,alexaBulbOff
4502,1774486741.007184,1774486742.058713,47,47,1.0,0,0.0,310.59574468085106,343.2971624127252,60,1081,111.0,23,9,13882.64228810239,6,6,113.04255319148936,80.57563485613959,295.5744680851064,344.06557417729266,7,7,250.72340425531914,346.20148080257866,29,0.6170212765957447,5,30534.382978723403,1920.0,65535.0,0,47,2,0,0,0.021058042553191485,0.038036512254364364,0.0,0.167992,6,6,2,1,8,11,9,4,0,0,0,0,0,206.07142857142858,204.46119221230984,1.0,650.0,0.013575038461538461,0.01050054309254819,0.00106,0.036967,26,0.021058042553191485,0.038036512254364364,0.0,0.167992,1,0,3,10,alexaBulbOn
4503,1774486773.995183,1774486775.051775,61,61,1.0,0,0.0,292.3114754098361,365.1633214961769,60,1725,87.0,33,10,16875.956101404707,6,6,104.91803278688525,75.94346473572016,277.42622950819674,365.7417330583788,8,8,230.60655737704917,367.62831223436007,34,0.5573770491803278,6,25860.93442622951,1516.0,65535.0,2,60,2,0,0,0.013449278688524592,0.023085468108842228,0.0,0.119293,2,1,6,6,15,18,8,5,0,0,0,0,1,274.4736842105263,381.935184789405,1.0,1654.0,0.009803575757575757,0.00917377131088376,0.00095,0.030851,33,0.013449278688524592,0.023085468108842228,0.0,0.119293,1,0,8,10,alexaBulbOn
4504,1774486806.931474,1774486808.115506,62,62,1.0,0,0.0,289.11290322580646,362.4058998198291,60,1725,82.5,34,10,15138.949415950658,6,6,104.25806451612904,75.49746179293777,274.14516129032256,363.0340202986986,8,8,227.82258064516128,364.83337873041995,33,0.532258064516129,6,28479.5,1670.0,65535.0,2,61,3,0,0,0.019110241935483867,0.04183327711036953,0.0,0.204267,2,1,6,5,14,17,11,6,0,0,0,0,1,272.0,401.1741101649839,1.0,1654.0,0.009811058823529409,0.010468920230105573,0.00089,0.044145,34,0.019110241935483867,0.04183327711036953,0.0,0.204267,1,0,6,9,alexaBulbOff
4505,1774486856.097872,1774486857.155006,53,53,1.0,0,0.0,280.79245283018867,356.19708019851157,60,1725,87.0,29,8,14077.686673773964,6,6,103.88679245283019,74.79373183767537,265.77358490566036,356.84744863388994,7,6,219.28301886792454,358.2573407567468,29,0.5471698113207547,5,28823.20754716981,1670.0,65535.0,2,52,2,0,0,0.017059867924528304,0.04102629700806252,0.0,0.200791,2,1,6,4,11,16,8,5,0,0,0,0,1,293.88235294117646,398.6418948054979,1.0,1654.0,0.01417735714285714,0.0240173868751821,0.000943,0.127781,28,0.017059867924528304,0.04102629700806252,0.0,0.200791,1,0,6,10,alexaBulbOn
4506,1774486895.234982,1774486896.307155,56,56,1.0,0,0.0,287.64285714285717,365.0450746051869,60,1725,82.5,31,9,15023.696549202927,6,6,105.16071428571429,75.89700599813223,272.67857142857144,365.66358643096856,8,8,226.10714285714286,367.3483201427336,30,0.5357142857142857,6,27340.964285714286,1670.0,65535.0,2,55,2,0,0,0.018213803571428572,0.044832992497376364,0.0,0.256327,2,1,6,5,13,16,8,5,0,0,0,0,1,272.0,401.1741101649839,1.0,1654.0,0.013353,0.02058809961765939,0.001039,0.106494,31,0.018213803571428572,0.044832992497376364,0.0,0.256327,1,0,6,9,alexaBulbOff
4507,1774486948.003257,1774486949.068845,55,55,1.0,0,0.0,308.92727272727274,378.50108148705294,60,1725,87.0,29,10,15945.187108784177,6,6,105.9090909090909,76.38772267245683,293.94545454545454,379.1647945341727,7,7,247.6909090909091,380.9175021370683,31,0.5636363636363636,5,29006.636363636364,1670.0,65535.0,2,54,2,0,0,0.015620254545454546,0.03629906152863918,0.0,0.177863,2,1,6,5,11,16,9,5,0,0,0,0,1,272.0,401.1741101649839,1.0,1654.0,0.011893387096774195,0.01117345029277713,0.000842,0.042498,31,0.015620254545454546,0.03629906152863918,0.0,0.177863,1,0,6,9,alexaBulbOn
4508,1774486980.954258,1774486981.212785,21,21,1.0,0,0.0,342.14285714285717,379.48060368275554,60,1081,111.0,10,5,27792.063788051913,5,5,109.47619047619048,83.35923407014909,327.0,380.37941584686206,6,6,280.7142857142857,382.90966857173277,12,0.5714285714285714,4,25335.285714285714,1516.0,65535.0,0,21,1,0,0,0.011723238095238096,0.030150116921671733,0.0,0.141064,2,1,1,1,4,7,2,3,0,0,0,0,0,236.16666666666666,194.6251953542158,1.0,438.0,0.0101199,0.00908090316665816,0.001176,0.026263,10,0.011723238095238096,0.030150116921671733,0.0,0.141064,1,0,1,4,movingAroundHouse
4509,1774486997.071962,1774486998.234565,22,22,1.0,0,0.0,357.8181818181818,455.66567070957126,60,1725,123.0,10,5,6771.01355082019,5,6,129.4090909090909,89.02790311170725,342.45454545454544,456.6056678697012,7,6,297.1818181818182,457.46783767913394,12,0.5454545454545454,5,28956.454545454544,1747.0,65535.0,2,21,0,0,0,0.01713804545454545,0.038694638039369685,1e-06,0.17046,1,0,2,2,3,5,4,5,0,0,0,0,1,475.5,617.0308744301212,64.0,1654.0,0.2479394,0.3366367339638118,0.00498,0.916042,10,0.01713804545454545,0.038694638039369685,1e-06,0.17046,0,0,3,3,movingAroundHouse
4510,1774487038.808932,1774487039.857936,58,58,1.0,0,0.0,284.12068965517244,343.3100014684803,60,1494,87.0,31,9,15709.189403889823,6,6,103.74137931034483,74.93753196035841,269.1896551724138,343.9348906608838,8,8,222.63793103448276,345.73119556763567,32,0.5517241379310345,6,27560.931034482757,1670.0,65535.0,2,57,2,0,0,0.015026637931034483,0.03758754891113955,0.0,0.204093,2,1,6,4,14,16,9,6,0,0,0,0,1,272.0625,401.1647157548464,1.0,1654.0,0.0145901875,0.020304739952640486,0.000929,0.110675,32,0.015026637931034483,0.03758754891113955,0.0,0.204093,1,0,6,9,alexaBulbOff
4511,1774487132.708983,1774487133.764574,46,46,1.0,0,0.0,315.2173913043478,388.7196597974477,60,1725,87.0,24,8,13736.37946728041,6,6,109.95652173913044,78.60759265610673,300.17391304347825,389.4261478607737,8,8,254.52173913043478,391.03081658215666,26,0.5652173913043478,6,30830.32608695652,1516.0,65535.0,2,45,2,0,0,0.014760152173913044,0.027006180094330996,0.0,0.149181,2,1,6,4,8,12,8,5,0,0,0,0,1,314.6923076923077,442.3945043011921,4.0,1654.0,0.016206615384615382,0.025842590441481558,0.001036,0.132203,26,0.014760152173913044,0.027006180094330996,0.0,0.149181,0,0,5,8,alexaBulbOn
4512,1774487212.96027,1774487214.010989,56,56,1.0,0,0.0,287.0357142857143,364.49032730828225,60,1725,82.5,31,9,15298.095544056265,6,6,108.57142857142857,78.2682699305541,271.9642857142857,365.17656821601514,7,7,225.60714285714286,366.71934666823785,30,0.5357142857142857,5,27395.428571428572,1516.0,65535.0,2,55,2,0,0,0.018280803571428573,0.040126137696663795,0.0,0.195468,2,1,6,6,12,16,8,5,0,0,0,0,1,293.94117647058823,398.76347478615617,1.0,1654.0,0.010328225806451612,0.010178063072804102,0.001162,0.039072,31,0.018280803571428573,0.040126137696663795,0.0,0.195468,1,0,6,10,alexaBulbOff
4513,1774487312.01674,1774487313.136688,55,55,1.0,0,0.0,289.1090909090909,366.52268247364555,60,1725,87.0,30,9,14197.981757575784,6,6,105.9090909090909,76.38772267245683,274.1272727272727,367.1540727423749,8,8,227.87272727272727,368.8487120630522,30,0.5454545454545454,6,28643.145454545454,1516.0,65535.0,2,54,2,0,0,0.016607745454545457,0.029369866995637112,0.0,0.162381,2,1,6,5,12,15,9,5,0,0,0,0,1,265.3333333333333,414.3362448658382,1.0,1654.0,0.01587212903225807,0.023309895968224796,0.001427,0.127466,31,0.016607745454545457,0.029369866995637112,0.0,0.162381,1,0,5,9,alexaBulbOn
4514,1774487357.296569,1774487359.005717,60,55,0.9166666666666666,5,0.08333333333333333,284.98333333333335,366.63765383419025,60,1725,76.5,34,9,10004.400261916899,6,7,121.51666666666667,85.57789427592014,269.98333333333335,367.26808624646554,8,8,243.61818181818182,379.4898374137794,30,0.5454545454545454,6,29038.98181818182,1516.0,65535.0,2,54,2,1,1,0.022370983333333334,0.0332960154069938,1e-06,0.188701,2,1,6,5,11,14,10,11,0,0,0,0,1,303.93333333333334,417.1310973554386,4.0,1654.0,0.06791339393939394,0.14303320298993066,0.000958,0.675399,33,0.022048836363636366,0.034203401925108345,1e-06,0.188701,0,0,6,9,alexaBulbOff
4515,1774487377.92179,1774487378.999846,55,55,1.0,0,0.0,289.8909090909091,348.20974270664067,60,1494,78.0,29,9,14789.582883409872,6,6,100.58181818181818,74.08820841579735,274.90909090909093,348.87651814907935,7,6,228.0,350.8574153782786,29,0.5272727272727272,5,26668.363636363636,1670.0,65535.0,2,54,2,0,0,0.01699918181818182,0.037430606343279944,0.0,0.209794,4,3,2,1,14,16,9,6,0,0,0,0,1,306.85714285714283,418.60829076703806,1.0,1654.0,0.02090583333333334,0.021747744739331627,0.000948,0.111876,30,0.01699918181818182,0.037430606343279944,0.0,0.209794,1,0,6,7,alexaBulbOff
4516,1774487434.681609,1774487435.735104,60,60,1.0,0,0.0,280.28333333333336,355.272399270779,60,1725,82.5,33,9,15963.053747058793,6,6,105.6,76.39575815715672,265.28333333333336,355.9095339095086,8,8,218.55,357.4915632523517,32,0.5333333333333333,6,26295.766666666666,1516.0,65535.0,2,59,2,0,0,0.016966516666666667,0.03325720857885317,0.0,0.15969,6,5,2,2,14,18,8,5,0,0,0,0,1,287.6842105263158,379.6905249500468,1.0,1654.0,0.014360121212121213,0.022704025790811825,0.001488,0.107726,33,0.016966516666666667,0.03325720857885317,0.0,0.15969,1,0,8,10,alexaBulbOn
4517,1774487507.493875,1774487508.667737,59,59,1.0,0,0.0,295.91525423728814,352.89127407038626,60,1494,87.0,31,10,14873.128434981865,6,6,109.54237288135593,79.03345473080465,280.89830508474574,353.5894607043819,7,7,234.66101694915255,355.39073252473145,33,0.559322033898305,5,27205.28813559322,1670.0,65535.0,2,58,2,0,0,0.01489172881355932,0.02716095163435572,0.0,0.149407,2,1,6,6,13,16,9,6,0,0,0,0,1,293.8235294117647,398.65402219438937,1.0,1654.0,0.014010843750000002,0.01910266273638206,0.000884,0.099181,32,0.01489172881355932,0.02716095163435572,0.0,0.149407,1,0,6,10,alexaBulbOn
4518,1774487556.690741,1774487557.748856,57,57,1.0,0,0.0,283.5438596491228,363.0905077139582,60,1725,78.0,32,9,15274.332105768832,6,6,111.14035087719299,79.95432593417927,268.3859649122807,363.82323781051605,7,7,222.140350877193,365.2834241378531,30,0.5263157894736842,5,26913.57894736842,1516.0,65535.0,2,56,2,0,0,0.018560649122807013,0.038011881437862494,0.0,0.201038,2,1,6,6,12,16,8,6,0,0,0,0,1,272.0,401.1741101649839,1.0,1654.0,0.011992774193548389,0.01951345202453883,0.000943,0.10706,31,0.018560649122807013,0.038011881437862494,0.0,0.201038,1,0,6,9,alexaBulbOff
4519,1774487602.846969,1774487603.905367,52,52,1.0,0,0.0,295.84615384615387,375.9089055596245,60,1725,82.5,29,9,14535.17474398225,6,6,112.0,80.24081402437365,280.6923076923077,376.6538712972397,8,8,234.76923076923077,378.1191126462881,27,0.5192307692307693,6,28607.596153846152,1516.0,65535.0,2,51,2,0,0,0.018656615384615383,0.03379531595235882,0.0,0.148156,2,1,6,6,10,14,8,5,0,0,0,0,1,318.3333333333333,417.7948345893278,1.0,1654.0,0.014611500000000001,0.024208371988375967,0.001003,0.130842,30,0.018656615384615383,0.03379531595235882,0.0,0.148156,1,0,4,10,alexaBulbOn
4520,1774487667.650141,1774487668.732073,52,49,0.9423076923076923,3,0.057692307692307696,304.78846153846155,385.99732481743206,60,1725,82.5,29,9,14648.794014568686,6,7,123.01923076923077,85.919362647939,289.63461538461536,386.7500600832002,8,8,258.6326530612245,395.6265965674762,27,0.5510204081632653,6,30467.326530612245,1670.0,65535.0,2,48,2,1,1,0.01894196153846154,0.029920687199145007,0.0,0.146485,2,1,6,5,8,12,9,9,0,0,0,0,1,314.84615384615387,442.5181439131143,4.0,1654.0,0.014426178571428572,0.012655230278875832,0.000906,0.048273,28,0.018503591836734695,0.03031218230618286,0.0,0.146485,0,0,5,8,alexaBulbOff
4521,1774487726.162942,1774487727.228575,57,57,1.0,0,0.0,288.6140350877193,360.42012957033734,60,1725,87.0,31,9,15437.771818393145,7,7,101.98245614035088,72.65168644883371,273.7719298245614,360.96952866767907,8,8,227.10526315789474,362.7593990221995,33,0.5789473684210527,6,28148.526315789473,1750.0,65535.0,2,56,2,0,0,0.017024350877192982,0.03207970980647337,0.0,0.182664,2,1,6,5,12,18,9,4,0,0,0,0,1,265.6842105263158,385.2171180907923,1.0,1654.0,0.015780354838709678,0.02447135085979574,0.001102,0.133511,31,0.017024350877192982,0.03207970980647337,0.0,0.182664,1,0,6,12,alexaBulbOn
4522,1774487755.09105,1774487755.33036,7,7,1.0,0,0.0,336.2857142857143,369.1059984546961,60,1017,123.0,2,2,9836.61252178106,3,3,160.42857142857142,90.88061242248378,320.57142857142856,370.6115923456151,4,4,280.57142857142856,370.6115923456151,5,0.7142857142857143,2,38530.0,2420.0,65535.0,0,7,0,0,0,0.034016285714285714,0.04048743519790753,0.001676,0.110518,0,0,0,0,0,0,4,3,0,0,0,0,0,245.33333333333334,314.0785464391564,64.0,608.0,0.015384749999999999,0.014450325472113076,0.001806,0.029286,4,0.034016285714285714,0.04048743519790753,0.001676,0.110518,0,0,0,3,movingAroundHouse
4523,1774487773.652542,1774487773.890581,27,27,1.0,0,0.0,205.11111111111111,234.58889299783294,60,1017,72.0,15,3,23265.11688319493,4,4,96.07407407407408,68.87833528203967,190.44444444444446,235.02460318563266,5,5,142.0,236.57914596957252,14,0.5185185185185185,3,20948.62962962963,2040.0,65535.0,0,27,2,0,0,0.007503111111111111,0.01876337691300495,0.0,0.098123,0,0,0,0,8,11,4,4,0,0,0,0,0,215.63636363636363,208.9618494975926,1.0,608.0,0.00682025,0.007161220275966177,0.001042,0.026957,12,0.007503111111111111,0.01876337691300495,0.0,0.098123,1,0,3,7,movingAroundHouse
4525,1774487833.235407,1774487870.814048,384,376,0.9791666666666666,8,0.020833333333333332,232.875,321.7254477152403,60,1725,71.0,240,42,2379.6496565163675,8,9,88.70572916666667,62.71144384419055,218.27604166666666,322.0529720613264,19,19,172.20744680851064,326.01550809391034,171,0.45478723404255317,17,21398.422872340427,1515.0,65535.0,20,366,20,1,1,0.028453164062500005,0.06090962020721879,0.0,0.498055,12,11,9,7,134,145,37,29,0,0,0,0,9,316.6126126126126,431.43867511493494,1.0,1654.0,0.450010847715736,1.6630834416321534,0.001016,14.363018,197,0.02557929521276596,0.052884008392058215,0.0,0.392328,9,0,51,51,alexaBulbOff
4524,1774487839.637162,1774487870.766002,366,358,0.9781420765027322,8,0.02185792349726776,233.60382513661202,322.31539711624845,60,1725,70.0,228,40,2746.6169662409843,7,8,88.21584699453553,62.24009957222182,219.03005464480876,322.62997452826136,17,17,173.05307262569832,326.6466322886102,162,0.45251396648044695,15,21109.572625698325,1515.0,65535.0,18,349,20,1,1,0.028616352459016392,0.06180604019534707,0.0,0.498055,8,10,7,5,130,140,37,29,0,0,0,0,9,327.57943925233644,435.64547723741885,1.0,1654.0,0.4222855080213905,1.6537402054777415,0.001016,14.363018,187,0.025601634078212292,0.05351367389745336,0.0,0.392328,8,0,50,49,alexaBulbOff
4526,1774487901.192884,1774487902.271244,57,57,1.0,0,0.0,283.36842105263156,345.83282664455436,60,1494,87.0,31,9,14978.299260883889,6,6,104.43859649122807,75.4136255081315,268.42105263157896,346.46211642876733,8,8,221.75438596491227,348.2610515476324,31,0.543859649122807,6,26942.01754385965,1670.0,65535.0,2,56,2,0,0,0.015460350877192983,0.03183117865871854,0.0,0.203267,6,5,2,1,14,16,8,5,0,0,0,0,1,294.29411764705884,399.0951898836107,1.0,1654.0,0.017803709677419358,0.023270300057073538,0.001,0.105036,31,0.015460350877192983,0.03183117865871854,0.0,0.203267,1,0,6,10,alexaBulbOn
4527,1774487930.038819,1774487931.403002,52,52,1.0,0,0.0,284.1923076923077,358.79897908250604,60,1725,78.0,28,8,10832.857872997263,6,6,106.36538461538461,78.36091183600875,269.03846153846155,359.5412633625407,7,7,222.19230769230768,361.1622870493638,27,0.5192307692307693,5,26971.44230769231,2040.0,65535.0,2,51,2,0,0,0.018938788461538462,0.030328657963324637,0.0,0.145231,2,2,4,4,11,16,8,5,0,0,0,0,1,329.2,412.5582556266622,1.0,1654.0,0.018584592592592594,0.029570442026377073,0.001,0.150692,27,0.018938788461538462,0.030328657963324637,0.0,0.145231,1,0,6,8,alexaBulbOn
4528,1774487985.5417,1774487986.591977,55,55,1.0,0,0.0,291.6909090909091,367.1500789478064,60,1725,87.0,30,9,15275.018000849454,6,6,105.9090909090909,76.38772267245683,276.7090909090909,367.78741206215915,8,8,230.23636363636365,369.4312427199993,30,0.5454545454545454,6,27481.909090909092,2040.0,65535.0,2,54,2,0,0,0.018069,0.040696083693643054,0.0,0.202191,2,1,6,4,13,15,8,6,0,0,0,0,1,272.0625,401.1647157548464,1.0,1654.0,0.013048633333333334,0.020596188481473165,0.001095,0.111399,30,0.018069,0.040696083693643054,0.0,0.202191,1,0,6,9,alexaBulbOff
4529,1774488039.745261,1774488040.7955,53,52,0.9811320754716981,1,0.018867924528301886,255.1509433962264,300.24313200538086,60,1065,75.0,30,8,12876.115713383497,6,7,107.49056603773585,77.39126929528277,240.1320754716981,300.9259452561409,7,6,197.67307692307693,304.84960748294196,28,0.5384615384615384,5,27842.5,1670.0,65535.0,0,52,2,1,1,0.019477056603773586,0.0393280930146608,0.0,0.211243,6,4,2,1,11,15,8,6,0,0,0,0,0,199.93333333333334,198.27270782098748,1.0,629.0,0.012945206896551726,0.019430590084377097,0.000856,0.100144,29,0.019851153846153845,0.03961645629121699,0.0,0.211243,1,0,5,9,alexaBulbChange
4530,1774488168.916312,1774488170.023091,59,59,1.0,0,0.0,295.864406779661,368.6278591464109,60,1725,87.0,32,10,15771.89162994532,6,6,106.30508474576271,76.85437511098239,280.8474576271187,369.29615316629673,8,8,234.61016949152543,371.0219817332675,32,0.5423728813559322,6,28221.593220338982,1670.0,65535.0,2,58,2,0,0,0.01671022033898305,0.025690847790112954,0.0,0.142605,2,1,6,5,13,16,10,6,0,0,0,0,1,293.6470588235294,398.5931417461405,1.0,1654.0,0.017402878787878787,0.025254968698948103,0.001025,0.134199,33,0.01671022033898305,0.025690847790112954,0.0,0.142605,1,0,6,10,alexaBulbOn
4531,1774488223.461615,1774488224.50857,56,56,1.0,0,0.0,309.23214285714283,388.55218397960994,60,1725,82.5,31,10,16540.35001173926,6,6,122.21428571428571,85.73971484264862,293.8392857142857,389.46918546731195,8,8,248.76785714285714,390.9848632769411,29,0.5178571428571429,6,28920.035714285714,1516.0,65535.0,2,55,2,0,0,0.015118499999999998,0.025957305764378834,0.0,0.117203,2,1,6,6,8,14,10,9,0,0,0,0,1,314.61538461538464,442.52335879241787,4.0,1654.0,0.01533090322580645,0.022152363999288865,0.000962,0.115703,31,0.015118499999999998,0.025957305764378834,0.0,0.117203,0,0,5,8,alexaBulbOff
4532,1774488233.0,1774488247.825973,4248,4246,0.9995291902071564,2,0.00047080979284369113,955.1151129943503,801.4595460667831,60,10062,1494.0,1438,2579,273663.5896154288,9,9,65.37452919020716,31.300728542095058,940.9569209039548,801.6368225519201,17,17,890.0986811116345,801.1665166698425,2833,0.6672162034856335,15,6054.321243523316,0.0,65535.0,22,4231,19,2,2,0.0028379912900188325,0.008250445879491947,0.0,0.213143,27,16,26,15,1267,2696,124,77,0,0,0,0,11,4544.4129834254145,4749.200031278174,1.0,29803.0,0.017532967675378267,0.006761349364398143,0.000942,0.059351,1454,0.002832509185115403,0.008247695144236332,0.0,0.213143,10,3,60,649,outsideDetection
4533,1774488276.676713,1774488277.740222,47,47,1.0,0,0.0,311.0851063829787,386.75673905976174,60,1725,87.0,25,8,13747.885699938126,6,6,108.97872340425532,78.03691694980348,295.93617021276594,387.5254496133865,8,8,250.40425531914894,389.0013780893477,26,0.5531914893617021,6,30212.55319148936,0.0,65535.0,2,45,2,0,0,0.020738063829787233,0.04024538917387564,0.0,0.190039,2,2,6,4,9,12,8,4,0,0,0,0,1,319.38461538461536,443.1345804721816,4.0,1654.0,0.04576337037037037,0.15456675830157518,0.001932,0.808668,27,0.020738063829787233,0.04024538917387564,0.0,0.190039,0,0,5,8,alexaBulbOn
4534,1774488319.069179,1774488320.141345,29,29,1.0,0,0.0,360.6551724137931,376.03982272608056,60,1081,288.0,13,7,9755.019587768707,5,5,143.48275862068965,90.3341498033255,344.58620689655174,377.760365957931,6,5,304.58620689655174,377.760365957931,19,0.6551724137931034,4,41503.24137931035,1670.0,65535.0,0,29,0,0,0,0.0349805172413793,0.05732874797953883,0.0,0.208418,2,1,6,4,0,0,10,6,0,0,0,0,0,207.16666666666666,245.9336631424553,28.0,644.0,0.020170666666666663,0.02382653473360666,0.002305,0.103693,18,0.0349805172413793,0.05732874797953883,0.0,0.208418,0,0,0,6,alexaBulbOff
4535,1774488341.318318,1774488342.362756,56,56,1.0,0,0.0,309.17857142857144,383.55282234976124,60,1494,87.0,30,10,16577.334364829658,6,6,105.16071428571429,75.89700599813223,294.2142857142857,384.1965744149833,7,7,247.42857142857142,385.62727445707833,31,0.5535714285714286,5,27413.85714285714,1670.0,65535.0,2,55,2,0,0,0.014528589285714285,0.031783903088185315,0.0,0.158634,2,1,6,5,13,16,8,5,0,0,0,0,1,271.9375,401.1387904038534,1.0,1654.0,0.013897033333333335,0.016032869656198285,0.0011,0.065787,30,0.014528589285714285,0.031783903088185315,0.0,0.158634,1,0,6,9,alexaBulbOn
4536,1774488376.565221,1774488378.235157,46,46,1.0,0,0.0,293.10869565217394,380.57145500832,60,1725,82.5,26,8,8073.962397806236,6,6,113.0,81.46546643960386,277.9347826086956,381.3133679023892,8,8,231.7608695652174,382.58432242855423,24,0.5217391304347826,6,27576.17391304348,2040.0,65535.0,2,45,2,0,0,0.019597956521739127,0.037524113567415425,0.0,0.205518,2,1,5,6,9,13,6,4,0,0,0,0,1,317.57142857142856,433.65933355851763,1.0,1654.0,0.11064391999999999,0.25087001372455814,0.000987,0.976126,25,0.019597956521739127,0.037524113567415425,0.0,0.205518,1,0,4,9,alexaBulbOff
4537,1774488422.023513,1774488423.070959,58,58,1.0,0,0.0,283.3448275862069,342.7452919417207,60,1494,87.0,31,9,15689.591448082276,6,6,110.32758620689656,79.49123044008314,268.2068965517241,343.50718262214934,7,7,222.06896551724137,345.02462978795376,32,0.5517241379310345,5,27620.896551724138,1670.0,65535.0,2,57,2,0,0,0.01711043103448276,0.034908208521986034,0.0,0.19179,2,2,6,6,12,16,9,5,0,0,0,0,1,293.70588235294116,398.6363889413951,1.0,1654.0,0.014019689655172413,0.025217528332921027,0.001009,0.131357,29,0.01711043103448276,0.034908208521986034,0.0,0.19179,1,0,6,10,alexaBulbOn
4538,1774488462.563186,1774488463.617688,58,58,1.0,0,0.0,270.41379310344826,344.6652092583167,60,1725,82.5,32,8,14873.371360251707,6,6,100.44827586206897,72.32508783477923,255.48275862068965,345.2500360851797,8,7,208.51724137931035,346.73632438048384,31,0.5344827586206896,6,27146.827586206895,1670.0,65535.0,2,57,2,0,0,0.01778231034482759,0.036676815936916025,0.0,0.177132,2,1,6,4,14,18,8,5,0,0,0,0,1,287.2631578947368,379.3564495161163,1.0,1654.0,0.009383516129032257,0.008371165270820893,0.001106,0.026496,31,0.01778231034482759,0.036676815936916025,0.0,0.177132,1,0,8,10,alexaBulbOff
4539,1774488517.555822,1774488518.602886,56,56,1.0,0,0.0,304.4642857142857,376.5045437024252,60,1725,87.0,30,10,16283.626336468411,6,6,105.16071428571429,75.89700599813223,289.39285714285717,377.21933231917563,8,8,243.25,378.8754292760233,31,0.5535714285714286,6,28481.660714285714,0.0,65535.0,2,54,2,0,0,0.018552714285714283,0.04348003393940061,0.0,0.203742,2,1,6,4,12,16,9,6,0,0,0,0,1,271.9375,401.1387904038534,1.0,1654.0,0.0130738064516129,0.022848476903897928,0.001068,0.124754,31,0.018552714285714283,0.04348003393940061,0.0,0.203742,1,0,6,9,alexaBulbOn
4540,1774488553.353154,1774488554.394532,42,42,1.0,0,0.0,332.4761904761905,400.9743157090043,60,1725,124.5,21,8,13409.155671798704,6,6,114.33333333333333,80.97113808791397,317.3333333333333,401.7761582035612,7,7,272.57142857142856,403.1628698820961,25,0.5952380952380952,5,32593.809523809523,1670.0,65535.0,2,41,0,0,0,0.02451790476190476,0.04548035509858237,0.0,0.202719,6,4,2,1,7,8,9,5,0,0,0,0,1,326.45454545454544,482.71034039812395,4.0,1654.0,0.013746333333333333,0.0189581354606651,0.001377,0.090348,24,0.02451790476190476,0.04548035509858237,0.0,0.202719,0,0,5,6,alexaBulbOff
4541,1774488561.926686,1774488562.978554,58,58,1.0,0,0.0,318.0344827586207,383.8280392341854,60,1725,87.0,30,11,17536.421555201057,6,6,110.32758620689656,79.49123044008314,303.0,384.541832643253,8,8,257.0689655172414,386.3233743203736,33,0.5689655172413793,6,28733.41379310345,1516.0,65535.0,2,57,2,0,0,0.01630406896551724,0.03867098694445642,0.0,0.203391,6,6,2,1,11,16,10,6,0,0,0,0,1,272.0,401.1295717512402,1.0,1654.0,0.01145503125,0.010159106766311422,0.000953,0.031268,32,0.01630406896551724,0.03867098694445642,0.0,0.203391,1,0,6,9,alexaBulbOn
4542,1774488564.0,1774488576.998214,2444,2434,0.9959083469721768,10,0.004091653027823241,753.684124386252,709.4211577766172,60,5778,519.0,977,1243,141712.08437479555,12,12,67.87602291325696,38.7767809028148,739.4238952536825,709.6767255497036,20,20,691.2070665571076,709.486402880825,1489,0.6117502054231717,18,8366.850041084634,0.0,65535.0,26,2412,27,3,3,0.005185832651391163,0.010151919527898297,0.0,0.190288,26,15,25,14,799,1388,109,68,0,0,0,0,13,2164.0488505747126,3137.5748372717253,1.0,16408.0,0.0159452049689441,0.009388135752599636,0.000842,0.065629,966,0.005190876335250617,0.010166709727973941,0.0,0.190288,11,6,74,605,outsideDetection
4543,1774488624.49373,1774488625.553152,28,28,1.0,0,0.0,364.39285714285717,385.912995307349,60,1081,266.5,13,7,9630.723021160165,5,5,153.14285714285714,91.42400782261302,348.25,387.6728885523445,6,6,308.25,387.6728885523445,18,0.6428571428571429,4,38445.0,1670.0,65535.0,0,28,0,0,0,0.035216035714285714,0.056155773185272005,1e-06,0.203695,2,1,6,5,0,0,8,6,0,0,0,0,0,207.16666666666666,245.9336631424553,28.0,644.0,0.020167058823529413,0.024848776449934582,0.004088,0.10761,17,0.035216035714285714,0.056155773185272005,1e-06,0.203695,0,0,0,6,alexaBulbOff
4544,1774488671.56614,1774488671.797097,15,15,1.0,0,0.0,272.2,438.3795159448033,60,1725,78.0,8,2,17678.61310782241,4,4,96.26666666666667,66.84039269212963,257.4,438.7993032941467,4,4,208.86666666666667,438.9140603591463,7,0.4666666666666667,3,28599.266666666666,1816.0,65535.0,2,14,0,0,0,0.013923799999999998,0.01980973834542712,1e-06,0.059774,0,0,0,0,4,5,4,2,0,0,0,0,1,475.5,617.0308744301212,64.0,1654.0,0.007518499999999999,0.008063778660511105,0.001136,0.026176,8,0.013923799999999998,0.01980973834542712,1e-06,0.059774,0,0,3,3,movingAroundHouse
4545,1774488733.667285,1774488733.919143,8,8,1.0,0,0.0,267.0,321.7971854622544,60,1017,167.5,4,1,8480.9695702922,3,3,87.875,67.5286976033153,252.25,322.3550615614492,4,4,204.75,325.4643934880918,5,0.625,2,22451.875,2045.0,65535.0,0,8,0,0,0,0.031572,0.06852847327936032,0.001075,0.200216,0,0,0,0,3,2,2,1,0,0,0,0,0,110.5,150.61374439273462,4.0,217.0,0.015538,0.019933264024405702,0.003731,0.045367,4,0.031572,0.06852847327936032,0.001075,0.200216,0,0,2,0,movingAroundHouse
4546,1774488756.536455,1774488757.782129,56,56,1.0,0,0.0,291.7857142857143,363.57286198783595,60,1725,87.0,30,9,13117.3952827473,6,6,101.75,73.28778888737196,276.92857142857144,364.1349828213237,8,8,230.14285714285714,365.90224370458833,32,0.5714285714285714,6,28047.589285714286,1920.0,65535.0,2,55,2,0,0,0.021349928571428572,0.05105317990554097,0.0,0.26143,2,1,6,5,12,18,8,4,0,0,0,0,1,253.88888888888889,382.1651766216046,1.0,1654.0,0.013776666666666666,0.024874114382201645,0.001094,0.134498,30,0.021349928571428572,0.05105317990554097,0.0,0.26143,1,0,8,9,alexaBulbOn
4547,1774488789.419196,1774488790.46955,48,48,1.0,0,0.0,313.9166666666667,385.6228911571474,60,1725,87.0,25,9,14345.63960718229,6,6,112.02083333333333,80.0275190922269,298.7916666666667,386.3859253820373,7,7,253.125,387.81524582411276,28,0.5833333333333334,5,29433.916666666668,1984.0,65535.0,2,47,0,0,0,0.0211921875,0.0397834461996103,0.0,0.204571,6,5,2,1,9,12,8,5,0,0,0,0,1,274.2857142857143,429.2636680448238,1.0,1654.0,0.014516037037037037,0.023054128035963007,0.001012,0.097997,27,0.0211921875,0.0397834461996103,0.0,0.204571,1,0,6,7,alexaBulbOff
4548,1774488868.241569,1774488869.294481,56,56,1.0,0,0.0,286.89285714285717,364.54398305885616,60,1725,82.5,31,9,15258.635145382954,6,6,108.57142857142857,78.2682699305541,271.7142857142857,365.29802101276726,7,7,225.57142857142858,366.70651416693914,30,0.5357142857142857,5,28539.98214285714,1670.0,65535.0,2,55,2,0,0,0.018538642857142858,0.03799422659033084,0.0,0.181738,2,1,6,6,11,16,9,5,0,0,0,0,1,293.8235294117647,398.74588325368916,1.0,1654.0,0.012080866666666667,0.019507918391812314,0.001187,0.101218,30,0.018538642857142858,0.03799422659033084,0.0,0.181738,1,0,6,10,alexaBulbOff
4681,1776250537.711694,1776250537.949671,5,5,1.0,0,0.0,206.6,259.29192042946494,60,667,123.0,2,1,4340.75511046458,2,2,199.0,76.68115805072325,190.2,261.00325668466286,2,2,150.2,261.00325668466286,3,0.6,1,27717.6,1747.0,65535.0,0,5,0,0,0,0.036191,0.050199415111134515,0.001648,0.123279,0,0,0,0,0,0,2,3,0,0,0,0,0,245.33333333333334,314.0785464391564,64.0,608.0,0.020196000000000002,0.01401488997459488,0.00456,0.031627,3,0.036191,0.050199415111134515,0.001648,0.123279,0,0,0,3,movingAroundHouse
4682,1776250561.947004,1776250562.99753,48,48,1.0,0,0.0,370.6875,401.5561833057285,60,1143,127.0,20,13,16937.231092828897,4,4,178.41666666666666,87.83151989192048,356.4375,401.7555044704931,3,3,306.1875,401.00796703763825,30,0.625,2,7011.375,2563.0,63566.0,0,48,0,0,0,0.008751479166666668,0.019711130358240663,0.0,0.120841,0,0,3,4,0,0,0,0,0,0,25,16,0,484.9,409.285529707057,28.0,1072.0,0.024872909090909088,0.026150138846775323,0.002368,0.121612,22,0.008751479166666668,0.019711130358240663,0.0,0.120841,0,0,0,30,alexaBulbOn
4683,1776250603.061985,1776250604.103274,63,63,1.0,0,0.0,349.77777777777777,396.06811260285593,60,1143,151.0,24,15,21162.230727400656,4,4,180.0952380952381,87.41165388564067,335.6825396825397,396.1396310278301,3,3,284.8253968253968,395.9238497848658,41,0.6507936507936508,2,6116.650793650793,2156.0,63566.0,0,63,0,0,0,0.00828163492063492,0.015384451738689006,0.0,0.079656,0,0,3,3,0,0,0,0,0,0,36,21,0,432.6585365853659,417.6246885515808,28.0,1072.0,0.032946888888888894,0.046223977011880656,0.002324,0.227193,27,0.00828163492063492,0.015384451738689006,0.0,0.079656,0,0,0,41,alexaBulbChange
4684,1776250636.709951,1776250637.76005,97,97,1.0,0,0.0,211.61855670103094,278.49653810307086,60,1660,151.0,45,7,19547.678239774228,4,4,152.60824742268042,91.0405766564456,197.55670103092783,278.5312283910073,3,3,146.29896907216494,278.6198188148613,54,0.5567010309278351,2,4988.855670103093,2573.0,63566.0,0,97,0,0,0,0.008620278350515464,0.010330886459365297,0.0,0.077791,0,0,3,3,0,0,0,0,0,0,43,48,0,232.67924528301887,277.12922378620146,28.0,1072.0,0.025523183673469386,0.009634671806539541,0.00212,0.049134,49,0.008620278350515464,0.010330886459365297,0.0,0.077791,0,0,0,53,alexaBulbChange
4685,1776250704.085223,1776250705.130407,91,91,1.0,0,0.0,215.15384615384616,259.80851594446426,60,1143,151.0,40,8,18732.58437070865,4,4,162.47252747252747,90.78905228413839,201.0879120879121,259.84908647356787,3,3,149.87912087912088,259.94045622303736,53,0.5824175824175825,2,5153.868131868132,2379.0,63566.0,0,91,0,0,0,0.0082619010989011,0.010656826463252915,0.0,0.08534,0,0,3,3,0,0,0,0,0,0,45,40,0,252.33962264150944,297.927452668768,28.0,1072.0,0.03039881395348837,0.018051613703430947,0.003288,0.108175,43,0.0082619010989011,0.010656826463252915,0.0,0.08534,0,0,0,53,alexaBulbChange
4686,1776250762.211008,1776250763.254073,97,97,1.0,0,0.0,211.29896907216494,253.7621985962963,60,1143,135.0,45,8,19649.785284385056,4,4,156.46391752577318,91.16914932508581,197.17525773195877,253.83816244760487,3,3,146.04123711340208,253.80996489851802,54,0.5567010309278351,2,4963.876288659794,1915.0,63566.0,0,97,0,0,0,0.008388505154639176,0.012189372991226579,0.0,0.085818,0,0,3,4,0,0,0,0,0,0,44,46,0,255.75471698113208,295.1448735308695,28.0,1072.0,0.026119320000000005,0.014638182701191748,0.00169,0.083728,50,0.008388505154639176,0.012189372991226579,0.0,0.085818,0,0,0,53,alexaBulbOff
4687,1776250844.253808,1776250845.294893,84,84,1.0,0,0.0,225.20238095238096,263.0288719212062,60,1143,199.0,35,8,18170.466304541238,4,4,164.14285714285714,90.60587800517017,211.13095238095238,263.07508570207546,3,3,159.98809523809524,263.1408296751215,51,0.6071428571428571,2,5324.464285714285,1886.0,63984.0,0,84,0,0,0,0.009539904761904762,0.01468320670273213,0.0,0.094418,3,3,0,0,0,0,0,0,0,0,42,36,0,258.5098039215686,295.15923651812216,28.0,1072.0,0.03157268421052631,0.01758506004585997,0.004282,0.103249,38,0.009539904761904762,0.01468320670273213,0.0,0.094418,0,0,0,51,alexaBulbChange
4688,1776250914.033484,1776250915.147209,84,84,1.0,0,0.0,225.45238095238096,244.6849661194271,60,1143,199.0,28,8,17004.1984346545,4,4,146.01190476190476,90.86591393036478,211.38095238095238,244.73471768928806,3,3,159.95238095238096,244.67287749608573,57,0.6785714285714286,2,4534.238095238095,2573.0,63984.0,0,84,0,0,0,0.009700630952380954,0.00991694470509187,0.0,0.039766,2,2,0,0,0,0,0,0,0,0,35,45,0,230.71929824561403,265.61167643129244,28.0,1072.0,0.024798689655172408,0.011663239785458562,0.002734,0.037446,29,0.009700630952380954,0.00991694470509187,0.0,0.039766,0,0,0,57,alexaBulbOff
4689,1776250977.113125,1776250978.180223,63,63,1.0,0,0.0,332.87301587301585,379.4166359227694,60,1143,151.0,24,13,19652.36737401449,6,6,169.28571428571428,89.184012123436,318.77777777777777,379.48698156277663,4,4,267.92063492063494,379.1629278524668,43,0.6825396825396826,3,6133.492063492064,503.0,63984.0,0,63,0,0,0,0.00982595238095238,0.017750297283679117,0.0,0.077266,3,3,0,0,1,2,0,0,0,0,32,22,0,387.5348837209302,402.67074750596174,26.0,1072.0,0.02466261538461538,0.02411507328635254,0.001941,0.115534,26,0.00982595238095238,0.017750297283679117,0.0,0.077266,0,0,0,43,alexaBulbOn
4690,1776251054.127888,1776251055.173277,40,40,1.0,0,0.0,450.625,450.67867269889865,60,1143,183.0,14,14,17242.386409586656,4,4,191.95,82.60717979598478,436.475,450.81299707676277,3,3,386.275,449.9684312288631,28,0.7,2,7818.6,1916.0,63984.0,0,40,0,0,0,0.014621175,0.03409002461799887,0.0,0.20029,3,3,0,0,0,0,0,0,0,0,24,10,0,546.8214285714286,444.66109055069734,28.0,1072.0,0.0347313125,0.033123746814470834,0.002027,0.11218,16,0.014621175,0.03409002461799887,0.0,0.20029,0,0,0,28,alexaBulbChange
4691,1776251114.023094,1776251115.066849,39,39,1.0,0,0.0,410.97435897435895,422.1569605315494,60,1143,151.0,12,12,15356.093301104247,4,4,200.12820512820514,78.59931012392421,396.6666666666667,422.42154882567326,3,3,346.8205128205128,421.3315279091471,29,0.7435897435897436,2,8032.717948717948,2563.0,63984.0,0,39,0,0,0,0.0118504358974359,0.019303608615182582,0.0,0.080043,3,4,0,0,0,0,0,0,0,0,24,8,0,461.41379310344826,427.9582353822942,28.0,1072.0,0.031490923076923076,0.047465520430556636,0.002669,0.183339,13,0.0118504358974359,0.019303608615182582,0.0,0.080043,0,0,0,29,alexaBulbOff
4692,1776251157.986005,1776251159.026859,75,75,1.0,0,0.0,294.8666666666667,361.6381024133341,60,1212,135.0,33,13,21246.97650617616,4,4,171.38666666666666,89.66196176410254,280.70666666666665,361.74471263187405,3,3,229.82666666666665,361.4568634624942,44,0.5866666666666667,2,5627.253333333333,2454.0,63984.0,0,75,0,0,0,0.009392226666666668,0.015701949609173028,0.0,0.091348,3,4,0,0,0,0,0,0,0,0,39,29,0,369.2093023255814,387.1440951216961,28.0,1072.0,0.028117416666666666,0.02555440394964102,0.002903,0.112835,36,0.009392226666666668,0.015701949609173028,0.0,0.091348,0,0,0,43,alexaBulbOn
4693,1776251243.350528,1776251244.393149,60,60,1.0,0,0.0,344.2,396.0231460450131,60,1143,127.0,27,15,19807.77486200195,4,4,174.68333333333334,88.24455457663878,330.1,396.0968765254534,3,3,279.7,395.5299941485935,37,0.6166666666666667,2,7220.516666666666,1915.0,63984.0,0,60,0,0,0,0.007001433333333334,0.015379424994614452,0.0,0.083374,4,4,0,0,0,0,0,0,0,0,31,21,0,448.56756756756755,418.7398118522169,26.0,1072.0,0.02070273333333333,0.022775693557604015,0.001749,0.085907,30,0.007001433333333334,0.015379424994614452,0.0,0.083374,0,0,0,37,alexaBulbChange
4694,1776251318.120499,1776251319.165401,78,78,1.0,0,0.0,228.23076923076923,272.28727777544367,60,1143,135.0,34,8,17037.00302078406,4,4,171.94871794871796,89.57676783629412,214.07692307692307,272.38522039880996,3,3,163.15384615384616,272.34670783897735,46,0.5897435897435898,2,5560.833333333333,2563.0,63984.0,0,78,0,0,0,0.009217666666666667,0.009422247189245149,0.0,0.041247,3,4,0,0,0,0,0,0,0,0,41,30,0,271.6521739130435,307.9293004997741,28.0,1072.0,0.03408921052631579,0.034969547757053694,0.002067,0.227188,38,0.009217666666666667,0.009422247189245149,0.0,0.041247,0,0,0,46,alexaBulbChange
4695,1776251458.887053,1776251459.930846,44,44,1.0,0,0.0,419.97727272727275,515.6823201210337,60,2204,119.0,21,13,17703.702414695344,4,4,171.02272727272728,90.27412739046518,405.70454545454544,515.8786399354494,3,3,355.34090909090907,515.0713630024493,25,0.5681818181818182,2,5894.159090909091,2315.0,63984.0,0,44,0,0,0,0.007796113636363637,0.016865560894589664,0.0,0.09651,2,4,0,0,0,0,0,0,0,0,21,17,0,556.3478260869565,467.17668535145066,28.0,1072.0,0.02613886363636364,0.029333893978346966,0.001794,0.114832,22,0.007796113636363637,0.016865560894589664,0.0,0.09651,0,0,0,23,alexaBulbChange
4696,1776251497.879217,1776251498.922923,50,50,1.0,0,0.0,333.3,403.4005580116141,60,1143,103.0,25,12,15967.137438348364,4,4,162.86,90.55610731159203,319.06,403.56818759760586,3,3,268.74,403.01541014746135,27,0.54,2,6718.3,1915.0,63984.0,0,50,0,0,0,0.00839882,0.01726064486662757,0.0,0.076378,3,4,0,0,0,0,0,0,0,0,22,21,0,492.6666666666667,433.3484119664523,28.0,1072.0,0.023129769230769228,0.04160387675427153,0.001099,0.196652,26,0.00839882,0.01726064486662757,0.0,0.076378,0,0,0,27,alexaBulbOff
4697,1776251553.689651,1776251554.730518,74,74,1.0,0,0.0,288.5810810810811,324.6511302144199,60,1143,199.0,26,12,20516.548366784533,4,4,162.94594594594594,90.76235594844432,274.4189189189189,324.7683265630152,3,3,223.55405405405406,324.4660584183364,50,0.6756756756756757,2,5630.3378378378375,2572.0,63984.0,0,74,0,0,0,0.009787202702702703,0.012933557002587134,0.0,0.077417,3,4,0,0,0,0,0,0,0,0,35,32,0,325.86,347.29708566915116,28.0,1072.0,0.027816099999999996,0.03403979161201865,0.001891,0.176935,30,0.009787202702702703,0.012933557002587134,0.0,0.077417,0,0,0,50,alexaBulbOn
4698,1776251667.470709,1776251668.518835,51,47,0.9215686274509803,4,0.0784313725490196,361.80392156862746,425.76979787710843,60,1143,119.0,24,13,17604.75392450546,5,5,180.49019607843138,87.22737472812526,347.45098039215685,426.02729085003415,3,3,322.29787234042556,434.0807836503535,29,0.6170212765957447,2,8354.72340425532,2423.0,63984.0,0,47,0,1,1,0.011079058823529414,0.02187350544417768,0.0,0.135291,4,4,0,0,0,0,0,4,0,0,23,16,0,515.6428571428571,456.8385089727258,28.0,1072.0,0.02627565,0.02885114874530448,0.000841,0.11558,20,0.010483744680851063,0.022432555097319264,0.0,0.135291,0,0,0,28,alexaBulbOff
4699,1776251713.683311,1776251714.724146,35,35,1.0,0,0.0,350.1714285714286,468.493674118526,60,2220,135.0,14,7,11775.162378040204,4,4,173.85714285714286,88.64175846934567,335.8285714285714,468.71435461108655,3,3,286.22857142857146,467.9372183703007,23,0.6571428571428571,2,8307.257142857143,2023.0,63984.0,0,35,0,0,0,0.010906714285714287,0.01621800627402153,0.0,0.074314,3,4,0,0,0,0,0,0,0,0,16,12,0,335.4761904761905,369.34666900455716,28.0,1072.0,0.038796687499999996,0.04368545762870256,0.004292,0.17199,16,0.010906714285714287,0.01621800627402153,0.0,0.074314,0,0,0,21,alexaBulbOn
4700,1776251841.268554,1776251842.312665,47,47,1.0,0,0.0,350.8085106382979,399.615774066185,60,1143,119.0,19,12,15791.424272129982,4,4,179.59574468085106,88.13617417888025,336.6808510638298,399.7116409734582,3,3,285.9574468085106,399.19794356917873,30,0.6382978723404256,2,5844.191489361702,2454.0,65284.0,0,47,0,0,0,0.01394104255319149,0.029446091434700776,0.0,0.145143,2,3,0,0,0,0,0,0,0,0,26,16,0,443.0,421.5186828599653,28.0,1072.0,0.03965518181818182,0.05305712626310156,0.00192,0.244375,22,0.01394104255319149,0.029446091434700776,0.0,0.145143,0,0,0,30,alexaBulbOff
4701,1776251854.758656,1776251854.995289,5,4,0.8,1,0.2,208.6,257.91335754473823,60,667,123.0,2,1,4407.668098388834,2,3,199.0,76.68115805072325,193.4,258.79006936124887,2,2,187.75,285.35986052701946,3,0.75,1,33882.5,2161.0,65535.0,0,4,0,1,1,0.012639000000000001,0.013930461891121916,0.002025,0.033539,0,0,0,0,0,0,2,3,0,0,0,0,0,245.33333333333334,314.0785464391564,64.0,608.0,0.023302999999999997,0.003972525896706025,0.020494,0.026112,2,0.015033499999999998,0.0148498986416294,0.002025,0.033539,0,0,0,3,movingAroundHouse
4702,1776251880.132583,1776251880.378258,54,54,1.0,0,0.0,932.6111111111111,753.9386746660716,66,2196,1514.0,16,31,204990.26018500907,2,2,117.33333333333333,82.96396125984178,918.6111111111111,753.9386746660716,2,2,866.6111111111111,753.9386746660716,38,0.7037037037037037,1,487.22222222222223,8.0,683.0,0,54,0,0,0,0.004277462962962962,0.013679775681865167,0.0,0.075891,0,0,0,0,0,0,0,0,0,0,16,38,0,560.875,601.1383100894027,83.0,1484.0,0.118228625,0.010969505706730822,0.111145,0.158756,16,0.004277462962962962,0.013679775681865167,0.0,0.075891,0,0,0,8,movingAroundHouse
4703,1776251920.963817,1776251921.196018,4,4,1.0,0,0.0,243.25,284.05677249451384,60,667,123.0,1,1,4190.33330389908,2,2,185.0,80.82903768654761,227.75,285.35986052701946,2,2,187.75,285.35986052701946,3,0.75,1,33675.5,1747.0,65535.0,0,4,0,0,0,0.010043999999999999,0.009620588027766285,0.00215,0.023444,0,0,0,0,0,0,2,2,0,0,0,0,0,245.33333333333334,314.0785464391564,64.0,608.0,0.014716,0.015042989662962613,0.004079,0.025353,2,0.010043999999999999,0.009620588027766285,0.00215,0.023444,0,0,0,3,movingAroundHouse
4704,1776252837.259235,1776252837.491159,4,4,1.0,0,0.0,243.25,284.05677249451384,60,667,123.0,1,1,4195.338821497595,2,2,185.0,80.82903768654761,227.75,285.35986052701946,2,2,187.75,285.35986052701946,3,0.75,1,34020.5,2437.0,65535.0,0,4,0,0,0,0.02896825,0.033880906347331784,0.001626,0.076966,0,0,0,0,0,0,2,2,0,0,0,0,0,245.33333333333334,314.0785464391564,64.0,608.0,0.018640499999999997,0.013380581620393038,0.009179,0.028102,2,0.02896825,0.033880906347331784,0.001626,0.076966,0,0,0,3,movingAroundHouse
4705,1776252858.465102,1776252859.512723,69,69,1.0,0,0.0,245.7391304347826,305.99147682160697,60,1356,135.0,30,8,16185.242382581318,4,4,167.34782608695653,90.12961680872141,231.65217391304347,306.0458840112126,3,3,180.69565217391303,305.9801177867909,41,0.5942028985507246,2,5867.057971014493,1868.0,65535.0,0,69,0,0,0,0.009773565217391304,0.01430892415024959,0.0,0.070123,3,3,0,0,0,0,0,0,0,0,35,28,0,274.45,313.44004865773627,28.0,1072.0,0.040165735294117655,0.03705761302907482,0.00324,0.221111,34,0.009773565217391304,0.01430892415024959,0.0,0.070123,0,0,0,40,alexaBulbOn
4706,1776252933.0,1776252940.409069,240,240,1.0,0,0.0,125.2125,147.76242045083566,66,1514,102.0,28,3,4055.9751503802563,5,5,67.475,23.877288275628995,111.2125,147.76242045083566,4,4,59.2125,147.76242045083566,214,0.8916666666666667,3,9028.366666666667,503.0,9420.0,0,240,0,0,0,0.0142948375,0.017885677917825138,0.0,0.108511,0,0,0,0,2,3,0,0,0,0,4,6,0,139.14285714285714,106.84479174863661,28.0,292.0,0.026203999999999998,0.010992518026886677,0.009265,0.043532,8,0.0142948375,0.017885677917825138,0.0,0.108511,0,0,0,7,outsideDetection
4707,1776253006.279118,1776253007.348413,44,44,1.0,0,0.0,399.1136363636364,417.6304261341371,60,1143,135.0,17,14,16422.971357527444,4,4,184.47727272727272,85.70107286413295,384.97727272727275,417.74469162209056,3,3,334.6136363636364,417.0521809920076,29,0.6590909090909091,2,7371.25,2365.0,63566.0,0,44,0,0,0,0.014525568181818183,0.029798514052540092,0.0,0.160005,0,0,3,3,0,0,0,0,0,0,25,13,0,502.6896551724138,419.6469692702832,28.0,1072.0,0.03847252631578948,0.051542891782118294,0.002336,0.220859,19,0.014525568181818183,0.029798514052540092,0.0,0.160005,0,0,0,29,alexaBulbOn
4708,1776253070.797384,1776253071.897511,35,35,1.0,0,0.0,448.9142857142857,423.8190076677829,60,1143,245.0,10,12,14281.987680383472,4,4,194.77142857142857,81.3428060792123,434.57142857142856,424.1451115246433,3,3,384.9714285714286,422.71026690618623,27,0.7714285714285715,2,8553.142857142857,1914.0,65535.0,0,35,0,0,0,0.008912085714285714,0.012701637540030787,0.0,0.044533,3,4,0,0,0,0,0,0,0,0,20,8,0,491.3076923076923,425.8218190023399,28.0,1072.0,0.04569563636363636,0.05985820889280388,0.007446,0.189973,11,0.008912085714285714,0.012701637540030787,0.0,0.044533,0,0,0,26,alexaBulbOff
4709,1776253109.710563,1776253110.758619,59,59,1.0,0,0.0,310.89830508474574,363.3639618759422,60,1143,135.0,25,12,17501.92527979697,4,4,172.59322033898306,89.31156596607565,296.6949152542373,363.5084429241608,3,3,246.11864406779662,363.07912525802107,36,0.6101694915254238,2,6383.661016949152,2572.0,65535.0,0,59,0,0,0,0.0068450847457627115,0.012086845952476652,0.0,0.060431,3,4,0,0,0,0,0,0,0,0,30,22,0,398.3611111111111,391.43020927128083,28.0,1072.0,0.024701777777777774,0.0197550707693636,0.003506,0.091883,27,0.0068450847457627115,0.012086845952476652,0.0,0.060431,0,0,0,36,alexaBulbOn
4710,1776253183.496403,1776253184.538134,54,54,1.0,0,0.0,378.1111111111111,398.6100693928637,60,1143,199.0,16,13,19600.067257801355,4,4,182.5,86.56151700620255,364.0,398.7012405865864,3,3,313.3333333333333,398.24724471680696,40,0.7407407407407407,2,6721.259259259259,2346.0,65535.0,0,54,0,0,0,0.009658481481481481,0.020259937086401173,0.0,0.133558,3,3,0,0,0,0,0,0,0,0,31,17,0,418.0,409.8244151853953,28.0,1072.0,0.02605273684210526,0.023461714237933598,0.003935,0.100204,19,0.009658481481481481,0.020259937086401173,0.0,0.133558,0,0,0,40,alexaBulbChange
4711,1776253254.233018,1776253255.301109,77,77,1.0,0,0.0,235.8181818181818,277.52694166383617,60,1143,199.0,31,8,17000.421668434934,4,4,144.72727272727272,90.32946077140939,221.74025974025975,277.5777938656118,3,3,170.67532467532467,277.61007497067203,48,0.6233766233766234,2,5457.337662337663,1840.0,65535.0,0,77,0,0,0,0.009497649350649352,0.011480760154741077,0.0,0.072092,3,3,0,0,0,0,0,0,0,0,30,41,0,262.1489361702128,309.36175382083763,28.0,1072.0,0.026951371428571427,0.021803155285802255,0.002549,0.111835,35,0.009497649350649352,0.011480760154741077,0.0,0.072092,0,0,0,47,alexaBulbChange
4712,1776253339.646925,1776253340.702021,87,87,1.0,0,0.0,229.0,269.1957876583942,60,1143,199.0,33,9,18882.64355097954,4,4,141.75862068965517,89.98358577931471,214.93103448275863,269.24035225328976,3,3,163.75862068965517,269.38953232875986,56,0.6436781609195402,2,5202.908045977011,2563.0,65535.0,0,87,0,0,0,0.009522413793103448,0.013665668534733413,0.0,0.082989,3,3,0,0,0,0,0,0,0,0,33,48,0,249.41071428571428,299.9867134503681,28.0,1072.0,0.025851513513513513,0.014401136565141926,0.002674,0.075583,37,0.009522413793103448,0.013665668534733413,0.0,0.082989,0,0,0,56,alexaBulbChange
4713,1776253381.852833,1776253383.014689,82,82,1.0,0,0.0,273.0731707317073,324.48077347929814,60,1228,199.0,32,12,19272.613157289383,4,4,164.35365853658536,90.57325961242775,259.0,324.5300876309896,3,3,207.8780487804878,324.40377942432747,52,0.6341463414634146,2,5454.658536585366,2454.0,65535.0,0,82,0,0,0,0.006397024390243903,0.007341202579144629,0.0,0.029394,3,3,0,0,0,0,0,0,0,0,41,35,0,284.14285714285717,322.19029056340815,28.0,1072.0,0.03379986111111111,0.022326147318018685,0.00174,0.110007,36,0.006397024390243903,0.007341202579144629,0.0,0.029394,0,0,0,49,alexaBulbOff
4714,1776253426.534986,1776253427.586039,85,85,1.0,0,0.0,227.16470588235293,266.64667397043564,60,1324,199.0,34,8,18371.09939579479,4,4,158.65882352941176,90.97233396048762,213.09411764705882,266.69224387142657,3,3,161.94117647058823,266.6911158259761,53,0.6235294117647059,2,5328.058823529412,2087.0,65535.0,0,85,0,0,0,0.008774270588235296,0.012717337479081964,0.0,0.077515,3,3,0,0,0,0,0,0,0,0,40,39,0,228.7450980392157,264.2390465572607,28.0,1072.0,0.032532289473684216,0.021040935507292642,0.002032,0.109508,38,0.008774270588235296,0.012717337479081964,0.0,0.077515,0,0,0,51,alexaBulbOn
4715,1776253546.622366,1776253547.714159,85,85,1.0,0,0.0,221.3294117647059,265.277275795009,60,1143,151.0,36,8,17231.287396884072,4,4,160.81176470588235,90.87085211829964,207.25882352941176,265.3215099486971,3,3,156.10588235294117,265.34138045030164,51,0.6,2,5354.576470588236,2454.0,65535.0,0,85,0,0,0,0.008915517647058824,0.013296990805846124,0.0,0.088857,3,3,0,0,0,0,0,0,0,0,41,38,0,255.1764705882353,301.1044805965101,28.0,1072.0,0.03250889743589743,0.020053594319899323,0.003655,0.132325,39,0.008915517647058824,0.013296990805846124,0.0,0.088857,0,0,0,51,alexaBulbOff
4716,1776253580.310437,1776253581.388314,72,72,1.0,0,0.0,295.69444444444446,369.2749896714779,60,1143,119.0,33,13,19751.789042288514,4,4,165.69444444444446,90.47879510176566,281.52777777777777,369.38418384368515,3,3,230.69444444444446,369.0881279124055,41,0.5694444444444444,2,5733.263888888889,2054.0,65535.0,0,72,0,0,0,0.008472888888888891,0.014312453419623377,0.0,0.087047,3,4,0,0,0,0,0,0,0,0,35,30,0,400.1219512195122,411.5461210558272,28.0,1072.0,0.02627980555555555,0.03208512175165078,0.002036,0.149398,36,0.008472888888888891,0.014312453419623377,0.0,0.087047,0,0,0,41,alexaBulbOn
4717,1776253618.295881,1776253619.345016,86,86,1.0,0,0.0,220.22093023255815,268.36166997116544,60,1143,127.0,40,9,18052.014799593944,4,4,155.52325581395348,91.13206018729548,206.08139534883722,268.4474848464464,3,3,155.0581395348837,268.54108480284015,48,0.5581395348837209,2,5299.406976744186,2563.0,65535.0,0,86,0,0,0,0.008513709302325582,0.012834483964388584,0.0,0.078368,3,4,0,0,0,0,0,0,0,0,38,41,0,274.3695652173913,315.11827470513373,28.0,1072.0,0.02618584090909091,0.03143640281654167,0.001264,0.206303,44,0.008513709302325582,0.012834483964388584,0.0,0.078368,0,0,0,46,alexaBulbChange
4718,1776253661.396283,1776253662.455318,73,73,1.0,0,0.0,313.2191780821918,367.068766134545,60,1212,151.0,28,14,21590.40885744099,4,4,179.23287671232876,87.75320832184005,299.13698630136986,367.1269200406982,3,3,248.12328767123287,366.9394797664369,47,0.6438356164383562,2,5815.013698630137,2315.0,65535.0,0,73,0,0,0,0.00871490410958904,0.014831863399231234,0.0,0.089204,3,3,0,0,0,0,0,0,0,0,42,25,0,366.1333333333333,387.48305534799607,28.0,1072.0,0.033317625000000003,0.02370261511058738,0.003601,0.123166,32,0.00871490410958904,0.014831863399231234,0.0,0.089204,0,0,0,45,alexaBulbChange
4719,1776253680.0,1776253693.121309,19,19,1.0,0,0.0,187.26315789473685,273.6773936397994,66,1271,102.0,9,1,271.16196932923793,5,5,110.57894736842105,74.7353224456323,173.26315789473685,273.6773936397994,4,4,121.26315789473684,273.6773936397994,14,0.7368421052631579,3,4644.315789473684,503.0,9420.0,0,19,0,0,0,0.0176301052631579,0.024695238427443943,1e-06,0.080855,0,0,0,0,3,5,0,0,0,0,4,3,0,205.0,361.35578036057484,26.0,1200.0,0.023846444444444444,0.014574965181014251,0.003138,0.04235,9,0.0176301052631579,0.024695238427443943,1e-06,0.080855,0,0,0,10,outsideDetection
4720,1776253807.412946,1776253808.456013,41,41,1.0,0,0.0,396.5853658536585,427.80731501516874,60,1324,151.0,14,12,15588.644196263263,4,4,193.4878048780488,82.16024645508907,382.2926829268293,428.0452805429841,3,3,332.3414634146341,427.09370223383644,29,0.7073170731707317,2,7881.073170731707,2563.0,65535.0,0,41,0,0,0,0.009628414634146341,0.0164202841296605,0.0,0.068219,3,4,0,0,0,0,0,0,0,0,24,10,0,436.7142857142857,420.72070943075215,28.0,1072.0,0.027019933333333333,0.040739562729027685,0.003269,0.168189,15,0.009628414634146341,0.0164202841296605,0.0,0.068219,0,0,0,28,alexaBulbOff
4721,1776253848.532942,1776253849.621193,58,58,1.0,0,0.0,327.7586206896552,372.5294906656492,60,1143,175.0,21,12,17468.398536079334,4,4,168.1551724137931,90.05043454781578,313.55172413793105,372.682413709318,3,3,263.0,372.18840729705136,39,0.6724137931034483,2,6382.327586206897,2423.0,65535.0,0,58,0,0,0,0.009782620689655172,0.015751487892769228,0.0,0.074748,3,4,0,0,0,0,0,0,0,0,28,23,0,386.12820512820514,395.4149172895665,28.0,1072.0,0.025213521739130433,0.02887124971768402,0.002466,0.14641,23,0.009782620689655172,0.015751487892769228,0.0,0.074748,0,0,0,39,alexaBulbOn
4722,1776253902.655518,1776253903.70531,46,43,0.9347826086956522,3,0.06521739130434782,404.39130434782606,431.18165691044726,60,1514,135.0,18,15,17719.69979834877,5,5,187.7173913043478,85.15989224028418,390.2608695652174,431.289046401475,3,3,363.25581395348837,436.03997703483105,30,0.6976744186046512,2,7563.069767441861,1916.0,65535.0,0,43,0,1,1,0.01168921739130435,0.0257565756151387,0.0,0.140515,3,3,0,0,0,0,0,3,0,0,24,13,0,515.6666666666666,425.54049471663467,28.0,1072.0,0.02345870588235294,0.029452287735345594,0.004544,0.132162,17,0.011549883720930233,0.02652526601563956,0.0,0.140515,0,0,0,30,alexaBulbChange
4723,1776254026.244543,1776254027.288378,61,58,0.9508196721311475,3,0.04918032786885246,311.4590163934426,361.97447303046533,60,1324,135.0,24,12,18201.153794024478,5,5,181.4262295081967,87.57900414604585,297.26229508196724,362.1149864172679,3,3,259.1896551724138,366.6730202111361,39,0.6724137931034483,2,6441.603448275862,2454.0,65535.0,0,58,0,1,1,0.010847213114754096,0.01807214271202574,0.0,0.094884,3,4,0,0,0,0,0,3,0,0,31,20,0,357.5,367.01850236886025,28.0,1072.0,0.031684083333333335,0.037734808339615775,0.002614,0.189294,24,0.009900931034482759,0.017363990472180273,0.0,0.094884,0,0,0,38,alexaBulbOff
4724,1776254052.0,1776254066.839364,1443,1409,0.9764379764379765,4,0.002772002772002772,92.8031878031878,28.686334021535064,66,531,102.0,510,1,9024.308557453724,11,11,65.06791406791407,13.753611161693595,78.8031878031878,28.686334021535064,8,8,26.513129879347055,28.782121471571273,933,0.6621717530163236,5,4658.539389638041,131.0,65535.0,2,1408,2,3,3,0.0057134130284130285,0.009238750731057782,0.0,0.104844,0,0,0,0,2,3,0,0,0,0,26,25,0,97.42857142857143,100.86766436418421,28.0,292.0,0.0064305286839145106,0.0118927022112131,1.4e-05,0.124948,889,0.005728871540099361,0.009318643279286042,0.0,0.104844,0,0,0,7,outsideDetection
4725,1776254085.12776,1776254086.412301,96,96,1.0,0,0.0,209.25,254.58440850262528,60,1143,175.0,42,8,15638.26920743998,4,4,160.54166666666666,91.24217822761192,195.1875,254.6221684854061,3,3,143.6875,254.60244810085265,55,0.5729166666666666,2,4457.9375,2089.0,65535.0,0,96,0,0,0,0.009957239583333334,0.012193472819716028,0.0,0.07004,2,2,0,0,0,0,0,0,0,0,48,44,0,245.8,294.4114908184223,28.0,1072.0,0.029633069767441858,0.012909963699914567,0.006736,0.099876,43,0.009957239583333334,0.012193472819716028,0.0,0.07004,0,0,0,55,alexaBulbOn
4726,1776254148.649687,1776254149.69448,47,47,1.0,0,0.0,370.93617021276594,395.19689117414566,60,1143,151.0,15,12,16686.560712376195,4,4,184.5744680851064,85.73892238774008,356.8085106382979,395.3004712047408,3,3,306.3404255319149,394.7295869434044,34,0.723404255319149,2,7246.276595744681,2454.0,65535.0,0,47,0,0,0,0.009521702127659574,0.013881617849758525,0.0,0.067163,3,3,0,0,0,0,0,0,0,0,27,14,0,418.47058823529414,407.53830348288017,28.0,1072.0,0.029558499999999995,0.033804376165629334,0.002361,0.144578,20,0.009521702127659574,0.013881617849758525,0.0,0.067163,0,0,0,34,alexaBulbOff
4727,1776254208.556129,1776254209.599378,80,80,1.0,0,0.0,227.15,286.5824422439931,60,1514,143.0,35,8,17418.658183460306,4,4,164.575,90.53844207667198,213.075,286.6275214907831,3,3,161.975,286.62691204571274,47,0.5875,2,5497.3875,2054.0,65535.0,0,80,0,0,0,0.0094975125,0.01451468642967324,0.0,0.103172,3,3,0,0,0,0,0,0,0,0,40,34,0,270.70212765957444,321.04739694059384,28.0,1072.0,0.030622394736842112,0.0239969080829734,0.002019,0.149644,38,0.0094975125,0.01451468642967324,0.0,0.103172,0,0,0,47,alexaBulbOn
4728,1776254244.471935,1776254245.521115,91,91,1.0,0,0.0,249.9120879120879,313.5330090136407,60,1143,135.0,41,12,21675.974886946722,4,4,166.58241758241758,90.46878724290198,235.78021978021977,313.6150082221407,3,3,184.7032967032967,313.47608430860464,52,0.5714285714285714,2,5249.505494505494,2580.0,65535.0,0,91,0,0,0,0.007392626373626374,0.009019044145767149,0.0,0.030158,3,4,0,0,0,0,0,0,0,0,46,38,0,318.2307692307692,357.4332031596467,28.0,1072.0,0.02869195555555556,0.028975287623449336,0.001963,0.19361,45,0.007392626373626374,0.009019044145767149,0.0,0.030158,0,0,0,52,alexaBulbOff
4729,1776254283.364222,1776254284.406364,92,92,1.0,0,0.0,205.34782608695653,253.78200538840107,66,1196,175.0,41,7,18128.049298797087,4,4,164.65217391304347,90.82073089365298,191.34782608695653,253.78200538840107,3,3,139.7391304347826,253.8450626161954,52,0.5652173913043478,2,4560.282608695652,2520.0,65535.0,0,92,0,0,0,0.007889260869565217,0.008110149240330293,0.0,0.043689,2,1,0,0,0,0,0,0,0,0,49,40,0,224.92156862745097,271.5629461570378,28.0,1072.0,0.033020534883720934,0.021113874581093234,0.004675,0.149227,43,0.007889260869565217,0.008110149240330293,0.0,0.043689,0,0,0,51,alexaBulbOn
4730,1776254356.112147,1776254357.153832,73,73,1.0,0,0.0,282.13698630136986,384.83763946877986,60,2204,135.0,32,11,19771.814560429815,4,4,169.31506849315068,89.99674017434816,267.972602739726,384.9350945506824,3,3,217.12328767123287,384.6956569522588,43,0.589041095890411,2,5721.602739726028,2054.0,65535.0,0,73,0,0,0,0.01000505479452055,0.015355946508230049,0.0,0.081707,3,4,0,0,0,0,0,0,0,0,37,29,0,290.9,320.8932085321397,28.0,1072.0,0.03251677142857143,0.0365800134725522,0.007007,0.188383,35,0.01000505479452055,0.015355946508230049,0.0,0.081707,0,0,0,40,alexaBulbOff
4731,1776254445.571615,1776254446.611891,80,80,1.0,0,0.0,228.475,285.42005353868416,60,1356,143.0,34,8,17570.33624875494,4,4,162.2875,90.74113880788525,214.4,285.46566886626806,3,3,163.3,285.4608266370428,48,0.6,2,5514.575,2572.0,65535.0,0,80,0,0,0,0.009719624999999999,0.014007001293995801,0.0,0.08783,3,3,0,0,0,0,0,0,0,0,39,35,0,245.51063829787233,293.3050698757202,28.0,1072.0,0.026921216216216216,0.010540107719076201,0.004602,0.054392,37,0.009719624999999999,0.014007001293995801,0.0,0.08783,0,0,0,47,alexaBulbOn
4732,1776254519.319019,1776254520.36977,69,69,1.0,0,0.0,292.5217391304348,345.9635992708775,60,1143,151.0,27,12,19209.118582927043,4,4,162.04347826086956,90.67709918791817,278.4347826086956,346.02365093685813,3,3,227.47826086956522,345.82329764914755,44,0.6376811594202898,2,5862.985507246377,2454.0,65535.0,0,69,0,0,0,0.00883682608695652,0.013332377804071033,0.0,0.075138,3,3,0,0,0,0,0,0,0,0,33,30,0,351.72727272727275,376.7573621531171,28.0,1072.0,0.03191006060606061,0.04523418615241366,0.00252,0.228371,33,0.00883682608695652,0.013332377804071033,0.0,0.075138,0,0,0,44,alexaBulbOff
4733,1776254625.835629,1776254626.88621,55,55,1.0,0,0.0,313.2,386.09408755437374,60,1143,119.0,26,11,16396.64181464651,4,4,167.03636363636363,90.01460038698322,299.09090909090907,386.16779469107166,3,3,248.4,385.8693215757549,31,0.5636363636363636,2,6548.454545454545,2054.0,65535.0,0,55,0,0,0,0.00915452727272727,0.017395692391290168,0.0,0.076285,3,3,0,0,0,0,0,0,0,0,27,22,0,435.7096774193548,424.7745436148755,28.0,1072.0,0.035916392857142855,0.047219216665925864,0.002813,0.220809,28,0.00915452727272727,0.017395692391290168,0.0,0.076285,0,0,0,31,alexaBulbOn
4734,1776254652.0,1776254666.111668,76,42,0.5526315789473685,4,0.05263157894736842,173.18421052631578,362.1145568472797,66,2962,98.0,58,3,932.70334148321,8,8,80.76315789473684,36.45851283163833,159.18421052631578,362.1145568472797,4,4,165.0952380952381,481.7749099727073,21,0.5,3,3241.8333333333335,457.0,62643.0,2,41,2,3,3,0.008336552631578946,0.01948763221423252,0.0,0.151564,0,0,0,0,2,3,0,0,0,0,35,36,1,341.7,894.8194231240178,1.0,4092.0,0.01726886956521739,0.012552459394311929,0.002154,0.042488,23,0.0068554285714285705,0.012847954519068077,0.0,0.070632,2,1,8,9,outsideDetection
4735,1776254734.222246,1776254735.341051,98,98,1.0,0,0.0,214.30612244897958,256.89784596430206,60,1143,191.0,43,9,18771.811716680422,4,4,158.6530612244898,91.41647103284673,200.24489795918367,256.93571185268746,3,3,148.85714285714286,257.17357450305894,56,0.5714285714285714,2,4428.5,2597.0,65535.0,0,98,0,0,0,0.00821237755102041,0.008644992130618739,0.0,0.041849,2,3,0,0,0,0,0,0,0,0,47,46,0,249.5818181818182,294.3570325748353,28.0,1072.0,0.028497326086956522,0.009159966023843703,0.001695,0.061012,46,0.00821237755102041,0.008644992130618739,0.0,0.041849,0,0,0,55,alexaBulbChange
4736,1776254779.523529,1776254780.578357,82,82,1.0,0,0.0,233.40243902439025,276.49159386039065,60,1356,199.0,27,8,18144.191561589043,4,4,141.3170731707317,90.24122378569707,219.32926829268294,276.53883949650776,3,3,167.91463414634146,276.62428060946496,56,0.6829268292682927,2,4562.134146341464,2224.0,65535.0,0,82,0,0,0,0.008915548780487805,0.009295244622728146,0.0,0.032685,2,2,0,0,0,0,0,0,0,0,32,46,0,204.87037037037038,243.958707169131,28.0,1072.0,0.03041313333333333,0.01878753141871479,0.005064,0.113861,30,0.008915548780487805,0.009295244622728146,0.0,0.032685,0,0,0,54,alexaBulbChange
4737,1776254825.893941,1776254826.955896,189,189,1.0,0,0.0,590.4074074074074,676.771220771087,60,2962,135.0,83,67,105076.9595825208,5,5,144.32804232804233,89.63025887048238,576.3439153439153,676.8215243134265,4,4,524.7037037037037,676.6415005393676,110,0.582010582010582,3,2667.5185185185187,7.0,65535.0,2,188,0,0,0,0.0038811269841269843,0.01145088349071074,0.0,0.100307,3,4,0,0,0,0,0,0,0,0,79,103,1,544.0819672131148,666.5043459493711,1.0,3854.0,0.06863930120481929,0.05263222552602923,0.001748,0.161993,83,0.0038811269841269843,0.01145088349071074,0.0,0.100307,1,0,8,52,alexaBulbChange
4738,1776254909.20614,1776254910.258003,97,97,1.0,0,0.0,302.64948453608247,437.7427669599729,60,2962,119.0,47,16,27909.52933349925,5,5,158.05154639175257,90.83436977245321,288.58762886597935,437.77783446099784,4,4,237.16494845360825,437.767339281866,54,0.5567010309278351,3,5118.298969072165,7.0,65535.0,2,96,0,0,0,0.007953340206185567,0.015918156397050846,0.0,0.111463,3,3,0,0,0,0,0,0,0,0,46,45,1,410.8627450980392,613.2472590923776,1.0,3854.0,0.027662520833333332,0.029303534729048952,0.001806,0.120081,48,0.007953340206185567,0.015918156397050846,0.0,0.111463,1,0,7,43,alexaBulbChange
4739,1776254944.920785,1776254945.965275,171,171,1.0,0,0.0,522.6783625730994,632.6853939404151,60,2477,199.0,65,50,85570.94039433368,5,5,137.45029239766083,89.0948050075074,508.60818713450294,632.7373432788959,4,4,457.00584795321635,632.5672017038843,110,0.6432748538011696,3,3215.690058479532,7.0,65535.0,2,170,0,0,0,0.003479397660818714,0.005546757145321126,0.0,0.025091,3,4,0,0,0,0,0,0,0,0,64,100,1,363.5753424657534,572.0372442664953,1.0,3854.0,0.05120323076923077,0.04703376348292563,0.001528,0.192035,65,0.003479397660818714,0.005546757145321126,0.0,0.025091,1,0,8,64,alexaBulbChange
4740,1776255065.109897,1776255066.280029,77,77,1.0,0,0.0,243.84415584415584,274.8229604737463,66,1228,199.0,24,8,16046.050727298289,4,4,146.23376623376623,90.76544324215375,229.84415584415584,274.8229604737463,3,3,178.3116883116883,274.8262733427802,54,0.7012987012987013,2,4711.597402597403,2489.0,65535.0,0,77,0,0,0,0.012620857142857142,0.022865320422970525,0.0,0.186457,2,1,0,0,0,0,0,0,0,0,33,41,0,232.1320754716981,272.38053399156973,28.0,1072.0,0.041099444444444445,0.0246913033371505,0.003515,0.143165,27,0.012620857142857142,0.022865320422970525,0.0,0.186457,0,0,0,53,alexaBulbOff
4741,1776255113.394774,1776255114.436024,39,39,1.0,0,0.0,330.5897435897436,381.97931315911785,60,1356,151.0,14,8,12382.233006565355,4,4,167.07692307692307,89.68934238610419,316.43589743589746,382.0923555256597,3,3,266.28205128205127,381.5778149734233,27,0.6923076923076923,2,7912.051282051282,2023.0,65535.0,0,39,0,0,0,0.013031564102564102,0.020318641169851978,0.0,0.089307,3,3,0,0,0,0,0,0,0,0,18,15,0,344.8076923076923,371.62346742161145,28.0,1072.0,0.0354481052631579,0.035567883795004876,0.002094,0.134134,19,0.013031564102564102,0.020318641169851978,0.0,0.089307,0,0,0,26,alexaBulbOn
4742,1776255211.932116,1776255212.974372,91,91,1.0,0,0.0,211.9120879120879,263.68354974820556,60,1143,135.0,43,8,18502.174368837696,4,4,156.43956043956044,91.0544658482809,197.84615384615384,263.7227046677342,3,3,146.63736263736263,263.7699973033542,50,0.5494505494505495,2,5199.043956043956,2597.0,65535.0,0,91,0,0,0,0.0072472967032967016,0.007355617362857233,0.0,0.029386,3,3,0,0,0,0,0,0,0,0,42,43,0,261.88,308.2934356242111,28.0,1072.0,0.02679376086956521,0.012286959058168194,0.001991,0.046966,46,0.0072472967032967016,0.007355617362857233,0.0,0.029386,0,0,0,50,alexaBulbOff
4743,1776255307.282171,1776255308.322578,92,92,1.0,0,0.0,215.29347826086956,257.40751195283093,66,1143,199.0,40,8,19037.743015177428,4,4,161.31521739130434,90.78387925683312,201.29347826086956,257.40751195283093,3,3,149.94565217391303,257.5242382332039,54,0.5869565217391305,2,5206.532608695652,2456.0,65535.0,0,92,0,0,0,0.008533619565217391,0.009903441882366715,0.0,0.073227,3,2,0,0,0,0,0,0,0,0,46,41,0,250.46296296296296,293.94497707185303,28.0,1072.0,0.031827,0.02249911371174326,0.002708,0.14421,44,0.008533619565217391,0.009903441882366715,0.0,0.073227,0,0,0,54,alexaBulbOn
4744,1776255467.237335,1776255467.466899,4,4,1.0,0,0.0,243.25,284.05677249451384,60,667,123.0,1,1,4238.470342032754,2,2,185.0,80.82903768654761,227.75,285.35986052701946,2,2,187.75,285.35986052701946,3,0.75,1,34089.5,2575.0,65535.0,0,4,0,0,0,0.016913499999999998,0.01832060483899663,0.00165,0.039107,0,0,0,0,0,0,2,2,0,0,0,0,0,245.33333333333334,314.0785464391564,64.0,608.0,0.013448499999999999,0.016043545758341576,0.002104,0.024793,2,0.016913499999999998,0.01832060483899663,0.00165,0.039107,0,0,0,3,movingAroundHouse
4745,1776255485.193266,1776255485.424315,4,4,1.0,0,0.0,243.25,284.05677249451384,60,667,123.0,1,1,4211.226812783127,2,2,185.0,80.82903768654761,227.75,285.35986052701946,2,2,187.75,285.35986052701946,3,0.75,1,33986.0,2368.0,65535.0,0,4,0,0,0,0.01564425,0.020544647938494018,0.0,0.04443,0,0,0,0,0,0,2,2,0,0,0,0,0,245.33333333333334,314.0785464391564,64.0,608.0,0.0168115,0.01451336668385389,0.006549,0.027074,2,0.01564425,0.020544647938494018,0.0,0.04443,0,0,0,3,movingAroundHouse
4746,1776255538.242296,1776255538.473151,4,4,1.0,0,0.0,243.25,284.05677249451384,60,667,123.0,1,1,4214.767062283894,2,2,185.0,80.82903768654761,227.75,285.35986052701946,2,2,187.75,285.35986052701946,3,0.75,1,33882.5,2161.0,65535.0,0,4,0,0,0,0.010521250000000001,0.010440639743329908,0.00155,0.022316,0,0,0,0,0,0,2,2,0,0,0,0,0,245.33333333333334,314.0785464391564,64.0,608.0,0.0135435,0.016440939769368418,0.001918,0.025169,2,0.010521250000000001,0.010440639743329908,0.00155,0.022316,0,0,0,3,movingAroundHouse
4747,1776255614.378158,1776255614.606014,4,4,1.0,0,0.0,243.25,284.05677249451384,60,667,123.0,1,1,4270.2423383143405,2,2,185.0,80.82903768654761,227.75,285.35986052701946,2,2,187.75,285.35986052701946,3,0.75,1,33779.0,1954.0,65535.0,0,4,0,0,0,0.01009525,0.01213752309644215,0.002499,0.028189,0,0,0,0,0,0,2,2,0,0,0,0,0,245.33333333333334,314.0785464391564,64.0,608.0,0.0169885,0.01583989900535985,0.005788,0.028189,2,0.01009525,0.01213752309644215,0.002499,0.028189,0,0,0,3,movingAroundHouse
4748,1776255726.0,1776255738.542974,33,31,0.9393939393939394,2,0.06060606060606061,160.66666666666666,174.03836981156388,60,833,90.0,22,2,422.70676810980376,8,8,125.6969696969697,83.50841456422403,146.3030303030303,174.26120567421285,5,5,97.35483870967742,178.8691418117533,18,0.5806451612903226,4,6347.612903225807,0.0,65535.0,2,29,1,2,2,0.01804890909090909,0.023906231106350227,0.0,0.089074,0,0,1,2,3,5,0,0,0,0,9,13,1,165.0,220.9660607423683,19.0,762.0,0.0268054375,0.035613695657651614,0.001196,0.150014,16,0.018812000000000002,0.02446128681134062,0.0,0.089074,1,0,1,8,outsideDetection
4749,1776255816.620593,1776255816.865389,5,5,1.0,0,0.0,206.6,259.29192042946494,60,667,123.0,2,1,4219.839544036566,2,2,199.0,76.68115805072325,190.2,261.00325668466286,2,2,150.2,261.00325668466286,3,0.6,1,27496.8,1678.0,65535.0,0,5,0,0,0,0.030575399999999996,0.05303799229137544,0.0,0.124027,0,0,0,0,0,0,2,3,0,0,0,0,0,245.33333333333334,314.0785464391564,64.0,608.0,0.024730000000000002,0.0025894250327051383,0.022899,0.026561,2,0.030575399999999996,0.05303799229137544,0.0,0.124027,0,0,0,3,movingAroundHouse
4750,1776255939.15831,1776255939.386184,4,4,1.0,0,0.0,243.25,284.05677249451384,60,667,123.0,1,1,4269.902782355224,2,2,185.0,80.82903768654761,227.75,285.35986052701946,2,2,187.75,285.35986052701946,3,0.75,1,33882.5,2161.0,65535.0,0,4,0,0,0,0.026821750000000002,0.03669184213032464,0.00145,0.079483,0,0,0,0,0,0,2,2,0,0,0,0,0,245.33333333333334,314.0785464391564,64.0,608.0,0.013177000000000001,0.015798179705269845,0.002006,0.024348,2,0.026821750000000002,0.03669184213032464,0.00145,0.079483,0,0,0,3,movingAroundHouse
4751,1776255955.565604,1776255955.793421,4,4,1.0,0,0.0,243.25,284.05677249451384,60,667,123.0,1,1,4270.970778643146,2,2,185.0,80.82903768654761,227.75,285.35986052701946,2,2,187.75,285.35986052701946,3,0.75,1,33779.0,1954.0,65535.0,0,4,0,0,0,0.030817999999999998,0.042729096799877866,0.001975,0.092469,0,0,0,0,0,0,2,2,0,0,0,0,0,245.33333333333334,314.0785464391564,64.0,608.0,0.014414,0.017503721261491797,0.002037,0.026791,2,0.030817999999999998,0.042729096799877866,0.001975,0.092469,0,0,0,3,movingAroundHouse
4752,1776255965.932967,1776255966.069056,1,1,1.0,0,0.0,373.0,,373,373,373.0,0,0,2740.8516693266806,1,1,255.0,,359.0,,1,1,319.0,,1,1.0,1,1758.0,1758.0,1758.0,0,1,0,0,0,0.008052,,0.008052,0.008052,0,0,0,0,0,0,0,0,0,1,0,0,0,314.0,,314.0,314.0,,,,,0,0.008052,,0.008052,0.008052,0,0,0,1,plugOff
4753,1776255966.932966,1776255967.139238,1,1,1.0,0,0.0,423.0,,423,423,423.0,0,0,2050.6891054685334,1,1,255.0,,409.0,,1,1,369.0,,1,1.0,1,1900.0,1900.0,1900.0,0,1,0,0,0,0.060547,,0.060547,0.060547,0,0,0,1,0,0,0,0,0,0,0,0,0,364.0,,364.0,364.0,,,,,0,0.060547,,0.060547,0.060547,0,0,0,1,bulbChange
4754,1776255968.932795,1776255969.360768,3,3,1.0,0,0.0,191.66666666666666,205.11541466533745,60,428,87.0,2,0,1343.5425996727665,2,2,208.33333333333334,80.82903768654761,175.66666666666666,207.06118258460066,2,2,135.66666666666666,207.06118258460066,2,0.6666666666666666,1,23062.333333333332,2585.0,63984.0,0,3,0,0,0,0.032779,0.0110650593762528,0.025394,0.045501,1,2,0,0,0,0,0,0,0,0,0,0,0,198.5,241.1234123846127,28.0,369.0,0.0477235,0.028682372365269927,0.027442,0.068005,2,0.032779,0.0110650593762528,0.025394,0.045501,0,0,0,2,bulbOff
4755,1776255977.361766,1776255977.595163,2,2,1.0,0,0.0,257.0,240.41630560342617,87,427,257.0,1,0,2202.256175569852,2,2,185.0,98.99494936611666,243.0,240.41630560342617,2,2,203.0,240.41630560342617,2,1.0,1,33284.5,2585.0,63984.0,0,2,0,0,0,0.0817965,0.08055714004667743,0.024834,0.138759,1,1,0,0,0,0,0,0,0,0,0,0,0,198.0,240.41630560342617,28.0,368.0,0.024834,,0.024834,0.024834,1,0.0817965,0.08055714004667743,0.024834,0.138759,0,0,0,2,bulbOn
4756,1776255979.070136,1776255979.213349,1,1,1.0,0,0.0,372.0,,372,372,372.0,0,0,2597.528943079415,1,1,255.0,,358.0,,1,1,318.0,,1,1.0,1,2920.0,2920.0,2920.0,0,1,0,0,0,0.016508,,0.016508,0.016508,0,0,0,0,0,0,0,0,0,1,0,0,0,313.0,,313.0,313.0,,,,,0,0.016508,,0.016508,0.016508,0,0,0,1,plugOn
4757,1776256002.595924,1776256002.885926,2,2,1.0,0,0.0,255.5,238.2949852598665,87,424,255.5,1,0,1762.056159499226,2,2,185.0,98.99494936611666,241.5,238.2949852598665,2,2,201.5,238.2949852598665,2,1.0,1,32716.5,1867.0,63566.0,0,2,0,0,0,0.014736,0.017772421838342687,0.002169,0.027303,0,0,1,1,0,0,0,0,0,0,0,0,0,196.5,238.2949852598665,28.0,365.0,0.027303,,0.027303,0.027303,1,0.014736,0.017772421838342687,0.002169,0.027303,0,0,0,2,bulbOff
4758,1776256011.523516,1776256011.758235,4,4,1.0,0,0.0,243.25,284.05677249451384,60,667,123.0,1,1,4145.38167952113,2,2,185.0,80.82903768654761,227.75,285.35986052701946,2,2,187.75,285.35986052701946,3,0.75,1,33675.5,1747.0,65535.0,0,4,0,0,0,0.0181405,0.026094129869889637,0.00145,0.056586,0,0,0,0,0,0,2,2,0,0,0,0,0,245.33333333333334,314.0785464391564,64.0,608.0,0.01401,0.016573168737450298,0.002291,0.025729,2,0.0181405,0.026094129869889637,0.00145,0.056586,0,0,0,3,movingAroundHouse
4759,1776256011.886868,1776256012.379747,3,3,1.0,0,0.0,190.0,202.23501180557238,60,423,87.0,2,0,1156.4706542497306,2,2,208.33333333333334,80.82903768654761,174.0,204.1837407826588,2,2,134.0,204.1837407826588,2,0.6666666666666666,1,22400.333333333332,1801.0,63566.0,0,3,0,0,0,0.023437333333333334,0.0180450115082627,0.003078,0.037457,0,0,1,2,0,0,0,0,0,0,0,0,0,196.0,237.58787847867995,28.0,364.0,0.134985,0.1487865804701486,0.029777,0.240193,2,0.023437333333333334,0.0180450115082627,0.003078,0.037457,0,0,0,2,bulbOn
4760,1776256018.334742,1776256018.477931,1,1,1.0,0,0.0,372.0,,372,372,372.0,0,0,2597.965772972037,1,1,255.0,,358.0,,1,1,318.0,,1,1.0,1,2854.0,2854.0,2854.0,0,1,0,0,0,0.036188,,0.036188,0.036188,0,0,0,0,0,0,0,0,0,1,0,0,0,313.0,,313.0,313.0,,,,,0,0.036188,,0.036188,0.036188,0,0,0,1,plugOn
4761,1776256018.344839,1776256018.534709,2,2,1.0,0,0.0,229.5,201.52543263816605,87,372,229.5,1,0,2417.4450332256783,2,2,185.0,98.99494936611666,215.5,201.52543263816605,2,2,175.5,201.52543263816605,2,1.0,1,34194.5,2854.0,65535.0,0,2,0,0,0,0.0184715,0.025054914577782937,0.000755,0.036188,0,0,0,0,0,0,0,0,1,1,0,0,0,170.5,201.52543263816605,28.0,313.0,0.024669,,0.024669,0.024669,1,0.0184715,0.025054914577782937,0.000755,0.036188,0,0,0,2,bulbChange
4763,1776256024.0,1776256038.917027,16,16,1.0,0,0.0,148.625,126.29271554606783,60,424,93.0,12,0,159.41514354971744,8,8,131.125,77.4001507319807,133.875,126.86942105960759,4,4,86.375,126.3908620114603,11,0.6875,4,10462.9375,474.0,65535.0,0,16,0,0,0,0.027249875,0.031708785890506755,0.0,0.0963,0,0,1,2,3,5,0,0,1,2,1,1,0,120.63636363636364,136.1471797190619,26.0,365.0,0.04222445454545455,0.043134004231843895,0.001101,0.15101,11,0.027249875,0.031708785890506755,0.0,0.0963,0,0,0,11,outsideDetection
4762,1776256036.380744,1776256036.683493,3,3,1.0,0,0.0,190.33333333333334,202.8110779354356,60,424,87.0,2,0,1886.051328494331,2,2,208.33333333333334,80.82903768654761,174.33333333333334,204.7592081771497,2,2,134.33333333333334,204.7592081771497,2,0.6666666666666666,1,22378.333333333332,1768.0,63566.0,0,3,0,0,0,0.053665,0.044938728920609225,0.004614,0.092853,0,0,1,2,0,0,0,0,0,0,0,0,0,196.5,238.2949852598665,28.0,365.0,0.059578000000000006,0.04705795628796474,0.026303,0.092853,2,0.053665,0.044938728920609225,0.004614,0.092853,0,0,0,2,bulbOff
4764,1776256043.685339,1776256044.137367,3,3,1.0,0,0.0,190.0,202.23501180557238,60,423,87.0,2,0,1260.9837321058703,2,2,208.33333333333334,80.82903768654761,174.0,204.1837407826588,2,2,134.0,204.1837407826588,2,0.6666666666666666,1,22751.333333333332,1768.0,63566.0,0,3,0,0,0,0.009906333333333335,0.0036751239888381092,0.005675,0.012302,0,0,1,2,0,0,0,0,0,0,0,0,0,196.0,237.58787847867995,28.0,364.0,0.0221215,0.0048613591206575135,0.018684,0.025559,2,0.009906333333333335,0.0036751239888381092,0.005675,0.012302,0,0,0,2,bulbOn
4765,1776256044.138354,1776256044.264054,1,1,1.0,0,0.0,422.0,,422,422,422.0,0,0,3357.1997632884695,1,1,255.0,,408.0,,1,1,368.0,,1,1.0,1,2920.0,2920.0,2920.0,0,1,0,0,0,0.122,,0.122,0.122,0,0,0,1,0,0,0,0,0,0,0,0,0,363.0,,363.0,363.0,,,,,0,0.122,,0.122,0.122,0,0,0,1,bulbChange
4766,1776256053.480564,1776256053.613552,1,1,1.0,0,0.0,373.0,,373,373,373.0,0,0,2804.7648442430154,1,1,255.0,,359.0,,1,1,319.0,,1,1.0,1,2790.0,2790.0,2790.0,0,1,0,0,0,0.001741,,0.001741,0.001741,0,0,0,0,0,0,0,0,0,1,0,0,0,314.0,,314.0,314.0,,,,,0,0.001741,,0.001741,0.001741,0,0,0,1,plugOff
4767,1776256061.615216,1776256061.75859,1,1,1.0,0,0.0,372.0,,372,372,372.0,0,0,2594.6133026470266,1,1,255.0,,358.0,,1,1,318.0,,1,1.0,1,2757.0,2757.0,2757.0,0,1,0,0,0,0.000376,,0.000376,0.000376,0,0,0,0,0,0,0,0,0,1,0,0,0,313.0,,313.0,313.0,,,,,0,0.000376,,0.000376,0.000376,0,0,0,1,plugOn
4768,1776256071.138974,1776256071.387965,2,2,1.0,0,0.0,255.5,238.2949852598665,87,424,255.5,1,0,2052.2829106118293,2,2,185.0,98.99494936611666,241.5,238.2949852598665,2,2,201.5,238.2949852598665,2,1.0,1,33235.0,2486.0,63984.0,0,2,0,0,0,0.0283115,0.014940459179690564,0.017747,0.038876,1,1,0,0,0,0,0,0,0,0,0,0,0,196.5,238.2949852598665,28.0,365.0,0.026549,,0.026549,0.026549,1,0.0283115,0.014940459179690564,0.017747,0.038876,0,0,0,2,bulbOff
4769,1776256078.388431,1776256078.827587,3,3,1.0,0,0.0,190.0,202.23501180557238,60,423,87.0,2,0,1297.9447792641831,2,2,208.33333333333334,80.82903768654761,174.0,204.1837407826588,2,2,134.0,204.1837407826588,2,0.6666666666666666,1,22952.333333333332,2420.0,63984.0,0,3,0,0,0,0.05179566666666666,0.06593282968547105,0.003736,0.126961,1,2,0,0,0,0,0,0,0,0,0,0,0,196.0,237.58787847867995,28.0,364.0,0.123305,0.13946267045342278,0.02469,0.22192,2,0.05179566666666666,0.06593282968547105,0.003736,0.126961,0,0,0,2,bulbOn
4770,1776256083.75933,1776256083.891954,1,1,1.0,0,0.0,373.0,,373,373,373.0,0,0,2812.464188830863,1,1,255.0,,359.0,,1,1,319.0,,1,1.0,1,2724.0,2724.0,2724.0,0,1,0,0,0,0.002262,,0.002262,0.002262,0,0,0,0,0,0,0,0,0,1,0,0,0,314.0,,314.0,314.0,,,,,0,0.002262,,0.002262,0.002262,0,0,0,1,plugOff
4771,1776256092.89252,1776256093.037522,1,1,1.0,0,0.0,372.0,,372,372,372.0,0,0,2565.4796138662214,1,1,255.0,,358.0,,1,1,318.0,,1,1.0,1,2691.0,2691.0,2691.0,0,1,0,0,0,0.080416,,0.080416,0.080416,0,0,0,0,0,0,0,0,0,1,0,0,0,313.0,,313.0,313.0,,,,,0,0.080416,,0.080416,0.080416,0,0,0,1,plugOn
4772,1776256105.828703,1776256106.109639,2,2,1.0,0,0.0,255.0,237.58787847867995,87,423,255.0,1,0,1815.3600643622208,2,2,185.0,98.99494936611666,241.0,237.58787847867995,2,2,201.0,237.58787847867995,2,1.0,1,33185.5,2387.0,63984.0,0,2,0,0,0,0.067484,0.05761223210395515,0.026746,0.108222,1,1,0,0,0,0,0,0,0,0,0,0,0,196.0,237.58787847867995,28.0,364.0,0.026746,,0.026746,0.026746,1,0.067484,0.05761223210395515,0.026746,0.108222,0,0,0,2,bulbOff
4773,1776256114.038431,1776256114.173968,1,1,1.0,0,0.0,373.0,,373,373,373.0,0,0,2752.0130592945447,1,1,255.0,,359.0,,1,1,319.0,,1,1.0,1,2658.0,2658.0,2658.0,0,1,0,0,0,0.009295,,0.009295,0.009295,0,0,0,0,0,0,0,0,0,1,0,0,0,314.0,,314.0,314.0,,,,,0,0.009295,,0.009295,0.009295,0,0,0,1,plugOff
4774,1776256115.110217,1776256115.60888,3,3,1.0,0,0.0,189.66666666666666,201.65895302052257,60,422,87.0,2,0,1141.051288426158,2,2,208.33333333333334,80.82903768654761,173.66666666666666,203.60828404888963,2,2,133.66666666666666,203.60828404888963,2,0.6666666666666666,1,22886.333333333332,2321.0,63984.0,0,3,0,0,0,0.04162266666666667,0.05190767421425596,0.000741,0.100023,1,2,0,0,0,0,0,0,0,0,0,0,0,195.5,236.88077169749343,28.0,363.0,0.07699249999999999,0.07479563399356944,0.024104,0.129881,2,0.04162266666666667,0.05190767421425596,0.000741,0.100023,0,0,0,2,bulbOn
4775,1776256115.609279,1776256115.772155,2,2,1.0,0,0.0,254.0,236.17366491630688,87,421,254.0,1,0,3118.934632409771,2,2,185.0,98.99494936611666,240.0,236.17366491630688,2,2,200.0,236.17366491630688,2,1.0,1,33152.5,2321.0,63984.0,0,2,0,0,0,0.018284500000000002,0.004687410852485623,0.01497,0.021599,1,1,0,0,0,0,0,0,0,0,0,0,0,195.0,236.17366491630688,28.0,362.0,0.021599,,0.021599,0.021599,1,0.018284500000000002,0.004687410852485623,0.01497,0.021599,0,0,0,2,bulbChange
4776,1776256128.174623,1776256128.321632,1,1,1.0,0,0.0,372.0,,372,372,372.0,0,0,2530.4591112552707,1,1,255.0,,358.0,,1,1,318.0,,1,1.0,1,2625.0,2625.0,2625.0,0,1,0,0,0,0.130243,,0.130243,0.130243,0,0,0,0,0,0,0,0,0,1,0,0,0,313.0,,313.0,313.0,,,,,0,0.130243,,0.130243,0.130243,0,0,0,1,plugOn
4777,1776256150.609404,1776256150.972217,2,2,1.0,0,0.0,255.0,237.58787847867995,87,423,255.0,1,0,1405.6828331629154,2,2,185.0,98.99494936611666,241.0,237.58787847867995,2,2,201.0,237.58787847867995,2,1.0,1,33211.0,2856.0,63566.0,0,2,0,0,0,0.014788500000000001,0.017586452754890625,0.002353,0.027224,0,0,1,1,0,0,0,0,0,0,0,0,0,196.0,237.58787847867995,28.0,364.0,0.027224,,0.027224,0.027224,1,0.014788500000000001,0.017586452754890625,0.002353,0.027224,0,0,0,2,bulbOff
4778,1776256158.322235,1776256158.453383,5,5,1.0,0,0.0,158.8,207.5071083119805,66,530,66.0,4,1,6054.235204717911,2,2,173.8,100.23322802344539,144.8,207.5071083119805,2,2,92.8,207.5071083119805,1,0.2,1,269.0,133.0,473.0,0,5,2,0,0,0.014283399999999998,0.016330469552342946,0.002164,0.040297,0,0,0,0,0,0,0,0,0,0,3,2,0,,,,,0.011566666666666664,0.007889753439324534,0.005744,0.020546,3,0.014283399999999998,0.016330469552342946,0.002164,0.040297,0,0,0,0,plugOff
4779,1776256162.973702,1776256163.397987,3,3,1.0,0,0.0,189.66666666666666,201.65895302052257,60,422,87.0,2,0,1341.0799042470696,2,2,208.33333333333334,80.82903768654761,173.66666666666666,203.60828404888963,2,2,133.66666666666666,203.60828404888963,2,0.6666666666666666,1,23059.666666666668,2790.0,63566.0,0,3,0,0,0,0.014281666666666665,0.013523579568048295,0.000214,0.027186,0,0,1,2,0,0,0,0,0,0,0,0,0,195.5,236.88077169749343,28.0,363.0,0.11489049999999999,0.12449251278892236,0.026861,0.20292,2,0.014281666666666665,0.013523579568048295,0.000214,0.027186,0,0,0,2,bulbOn
4780,1776256173.453765,1776256173.596594,1,1,1.0,0,0.0,372.0,,372,372,372.0,0,0,2604.5098110568233,1,1,255.0,,358.0,,1,1,318.0,,1,1.0,1,2559.0,2559.0,2559.0,0,1,0,0,0,0.002084,,0.002084,0.002084,0,0,0,0,0,0,0,0,0,1,0,0,0,313.0,,313.0,313.0,,,,,0,0.002084,,0.002084,0.002084,0,0,0,1,plugOn
4781,1776256179.984818,1776256180.307768,3,3,1.0,0,0.0,189.33333333333334,201.08290164341008,60,421,87.0,2,0,1758.785510475427,2,2,208.33333333333334,80.82903768654761,173.33333333333334,203.03283806648946,2,2,133.33333333333334,203.03283806648946,2,0.6666666666666666,1,22799.666666666668,2191.0,63984.0,0,3,0,0,0,0.008411,0.006896381007456013,0.00049,0.013081,1,2,0,0,0,0,0,0,0,0,0,0,0,195.0,236.17366491630688,28.0,362.0,0.0967055,0.10204328669981187,0.02455,0.168861,2,0.008411,0.006896381007456013,0.00049,0.013081,0,0,0,2,bulbChange
4782,1776256184.399148,1776256184.764827,1,1,1.0,0,0.0,423.0,,423,423,423.0,0,0,1156.7521523775745,1,1,255.0,,409.0,,1,1,369.0,,1,1.0,1,2790.0,2790.0,2790.0,0,1,0,0,0,0.00375,,0.00375,0.00375,0,0,0,1,0,0,0,0,0,0,0,0,0,364.0,,364.0,364.0,,,,,0,0.00375,,0.00375,0.00375,0,0,0,1,bulbOff
4783,1776256198.765363,1776256199.185341,3,3,1.0,0,0.0,189.66666666666666,201.65895302052257,60,422,87.0,2,0,1354.8331839354191,2,2,208.33333333333334,80.82903768654761,173.66666666666666,203.60828404888963,2,2,133.66666666666666,203.60828404888963,2,0.6666666666666666,1,23015.666666666668,2724.0,63566.0,0,3,0,0,0,0.013146333333333335,0.009757552681555624,0.001897,0.019318,0,0,1,2,0,0,0,0,0,0,0,0,0,195.5,236.88077169749343,28.0,363.0,0.021508,0.009910808645110649,0.0145,0.028516,2,0.013146333333333335,0.009757552681555624,0.001897,0.019318,0,0,0,2,bulbOn
4784,1776256199.597055,1776256199.734574,1,1,1.0,0,0.0,373.0,,373,373,373.0,0,0,2712.350085038584,1,1,255.0,,359.0,,1,1,319.0,,1,1.0,1,2526.0,2526.0,2526.0,0,1,0,0,0,0.000297,,0.000297,0.000297,0,0,0,0,0,0,0,0,0,1,0,0,0,314.0,,314.0,314.0,,,,,0,0.000297,,0.000297,0.000297,0,0,0,1,plugOff
4785,1776256211.735883,1776256211.904781,1,1,1.0,0,0.0,372.0,,372,372,372.0,0,0,2202.5113818269083,1,1,255.0,,358.0,,1,1,318.0,,1,1.0,1,2493.0,2493.0,2493.0,0,1,0,0,0,0.126715,,0.126715,0.126715,0,0,0,0,0,0,0,0,0,1,0,0,0,313.0,,313.0,313.0,,,,,0,0.126715,,0.126715,0.126715,0,0,0,1,plugOn
4786,1776256221.18586,1776256221.500485,2,2,1.0,0,0.0,255.0,237.58787847867995,87,423,255.0,1,0,1620.9772262439633,2,2,185.0,98.99494936611666,241.0,237.58787847867995,2,2,201.0,237.58787847867995,2,1.0,1,33054.5,2125.0,63984.0,0,2,0,0,0,0.0156585,0.013992936092900587,0.005764,0.025553,1,1,0,0,0,0,0,0,0,0,0,0,0,196.0,237.58787847867995,28.0,364.0,0.025553,,0.025553,0.025553,1,0.0156585,0.013992936092900587,0.005764,0.025553,0,0,0,2,bulbOff
4787,1776256231.50104,1776256231.847908,2,2,1.0,0,0.0,254.5,236.88077169749343,87,422,254.5,1,0,1467.4168386178833,2,2,185.0,98.99494936611666,240.5,236.88077169749343,2,2,200.5,236.88077169749343,2,1.0,1,33038.0,2092.0,63984.0,0,2,0,0,0,0.0150275,0.015704134503372033,0.003923,0.026132,1,1,0,0,0,0,0,0,0,0,0,0,0,195.5,236.88077169749343,28.0,363.0,0.026132,,0.026132,0.026132,1,0.0150275,0.015704134503372033,0.003923,0.026132,0,0,0,2,bulbOn
4788,1776256236.497604,1776256236.706176,2,2,1.0,0,0.0,254.5,236.88077169749343,87,422,254.5,1,0,2440.402526248407,2,2,185.0,98.99494936611666,240.5,236.88077169749343,2,2,200.5,236.88077169749343,2,1.0,1,33021.5,2059.0,63984.0,0,2,0,0,0,0.0512485,0.03657509825687417,0.025386,0.077111,1,1,0,0,0,0,0,0,0,0,0,0,0,195.5,236.88077169749343,28.0,363.0,0.025386,,0.025386,0.025386,1,0.0512485,0.03657509825687417,0.025386,0.077111,0,0,0,2,bulbChange
4789,1776256236.905478,1776256237.040819,1,1,1.0,0,0.0,373.0,,373,373,373.0,0,0,2756.0029524663487,1,1,255.0,,359.0,,1,1,319.0,,1,1.0,1,2429.0,2429.0,2429.0,0,1,0,0,0,0.016536,,0.016536,0.016536,0,0,0,0,0,0,0,0,0,1,0,0,0,314.0,,314.0,314.0,,,,,0,0.016536,,0.016536,0.016536,0,0,0,1,plugOff
4790,1776256246.041649,1776256246.185529,1,1,1.0,0,0.0,372.0,,372,372,372.0,0,0,2585.4898753222997,1,1,255.0,,358.0,,1,1,318.0,,1,1.0,1,2396.0,2396.0,2396.0,0,1,0,0,0,0.129718,,0.129718,0.129718,0,0,0,0,0,0,0,0,0,1,0,0,0,313.0,,313.0,313.0,,,,,0,0.129718,,0.129718,0.129718,0,0,0,1,plugOn
4791,1776256260.706812,1776256260.951663,2,2,1.0,0,0.0,254.5,236.88077169749343,87,422,254.5,1,0,2078.8143254980623,2,2,185.0,98.99494936611666,240.5,236.88077169749343,2,2,200.5,236.88077169749343,2,1.0,1,33005.0,2026.0,63984.0,0,2,0,0,0,0.0009189999999999999,0.00031678383797157327,0.000695,0.001143,1,1,0,0,0,0,0,0,0,0,0,0,0,195.5,236.88077169749343,28.0,363.0,0.026924,,0.026924,0.026924,1,0.0009189999999999999,0.00031678383797157327,0.000695,0.001143,0,0,0,2,bulbChange
4792,1776256268.849652,1776256269.149882,2,2,1.0,0,0.0,255.0,237.58787847867995,87,423,255.0,1,0,1698.6975166288667,2,2,185.0,98.99494936611666,241.0,237.58787847867995,2,2,201.0,237.58787847867995,2,1.0,1,33145.0,2724.0,63566.0,0,2,0,0,0,0.010932,0.00852629356754739,0.004903,0.016961,0,0,1,1,0,0,0,0,0,0,0,0,0,196.0,237.58787847867995,28.0,364.0,0.028253,,0.028253,0.028253,1,0.010932,0.00852629356754739,0.004903,0.016961,0,0,0,2,bulbOff
4793,1776256274.186802,1776256274.322559,1,1,1.0,0,0.0,373.0,,373,373,373.0,0,0,2747.5520884007396,1,1,255.0,,359.0,,1,1,319.0,,1,1.0,1,2363.0,2363.0,2363.0,0,1,0,0,0,0.00053,,0.00053,0.00053,0,0,0,0,0,0,0,0,0,1,0,0,0,314.0,,314.0,314.0,,,,,0,0.00053,,0.00053,0.00053,0,0,0,1,plugOff
4794,1776256277.150915,1776256277.594049,3,3,1.0,0,0.0,189.66666666666666,201.65895302052257,60,422,87.0,2,0,1284.035778868301,2,2,208.33333333333334,80.82903768654761,173.66666666666666,203.60828404888963,2,2,133.66666666666666,203.60828404888963,2,0.6666666666666666,1,22971.666666666668,2658.0,63566.0,0,3,0,0,0,0.016820666666666668,0.014732501020985314,0.002085,0.03155,0,0,1,2,0,0,0,0,0,0,0,0,0,195.5,236.88077169749343,28.0,363.0,0.124335,0.13816442240316426,0.026638,0.222032,2,0.016820666666666668,0.014732501020985314,0.002085,0.03155,0,0,0,2,bulbOn
4795,1776256283.322931,1776256283.4683,1,1,1.0,0,0.0,372.0,,372,372,372.0,0,0,2559.0040838283676,1,1,255.0,,358.0,,1,1,318.0,,1,1.0,1,2330.0,2330.0,2330.0,0,1,0,0,0,0.002285,,0.002285,0.002285,0,0,0,0,0,0,0,0,0,1,0,0,0,313.0,,313.0,313.0,,,,,0,0.002285,,0.002285,0.002285,0,0,0,1,plugOn
4796,1776256290.952755,1776256291.972499,5,5,1.0,0,0.0,215.4,188.46564673701147,60,422,87.0,3,0,1056.147508741872,2,2,199.0,76.68115805072325,200.2,189.71742144568591,2,2,160.2,189.71742144568591,4,0.8,1,26749.8,1894.0,63984.0,0,5,0,0,0,0.0168924,0.013532586644836234,0.004431,0.038146,2,3,0,0,0,0,0,0,0,0,0,0,0,195.25,193.1240965458911,28.0,363.0,0.10118674999999999,0.10856141535977075,0.021806,0.252535,4,0.0168924,0.013532586644836234,0.004431,0.038146,0,0,0,4,bulbChange
4797,1776256311.594974,1776256311.956024,2,2,1.0,0,0.0,255.0,237.58787847867995,87,423,255.0,1,0,1412.5471670079564,2,2,185.0,98.99494936611666,241.0,237.58787847867995,2,2,201.0,237.58787847867995,2,1.0,1,33112.0,2658.0,63566.0,0,2,0,0,0,0.0159505,0.017061779523250206,0.003886,0.028015,0,0,1,1,0,0,0,0,0,0,0,0,0,196.0,237.58787847867995,28.0,364.0,0.028015,,0.028015,0.028015,1,0.0159505,0.017061779523250206,0.003886,0.028015,0,0,0,2,bulbOff
4798,1776256321.601576,1776256321.743207,1,1,1.0,0,0.0,372.0,,372,372,372.0,0,0,2626.5457012371157,1,1,255.0,,358.0,,1,1,318.0,,1,1.0,1,2264.0,2264.0,2264.0,0,1,0,0,0,0.018132,,0.018132,0.018132,0,0,0,0,0,0,0,0,0,1,0,0,0,313.0,,313.0,313.0,,,,,0,0.018132,,0.018132,0.018132,0,0,0,1,plugOn
4799,1776256324.957074,1776256325.423984,4,4,1.0,0,0.0,157.25,176.95832842790983,60,422,73.5,3,0,1347.154340640627,3,3,220.0,70.0,140.25,179.17658887254217,2,2,100.25,179.17658887254217,2,0.5,2,17661.5,1863.0,63566.0,0,4,0,0,0,0.038474999999999995,0.03900744922020237,0.002364,0.07461,0,1,1,2,0,0,0,0,0,0,0,0,0,195.5,236.88077169749343,28.0,363.0,0.17986099999999997,0.13562288070602246,0.028091,0.289182,3,0.038474999999999995,0.03900744922020237,0.002364,0.07461,0,0,0,2,bulbOn
4800,1776256328.973915,1776256329.410007,3,3,1.0,0,0.0,189.66666666666666,201.65895302052257,60,422,87.0,2,0,1304.7708525823055,2,2,208.33333333333334,80.82903768654761,173.66666666666666,203.60828404888963,2,2,133.66666666666666,203.60828404888963,2,0.6666666666666666,1,22905.666666666668,2559.0,63566.0,0,3,0,0,0,0.051656,0.05248881450366354,0.017264,0.112072,0,0,1,2,0,0,0,0,0,0,0,0,0,195.5,236.88077169749343,28.0,363.0,0.1339455,0.15317842068809823,0.025632,0.242259,2,0.051656,0.05248881450366354,0.017264,0.112072,0,0,0,2,bulbChange
4801,1776256345.425275,1776256345.754446,2,2,1.0,0,0.0,254.5,236.88077169749343,87,422,254.5,1,0,1546.3090284744137,2,2,185.0,98.99494936611666,240.5,236.88077169749343,2,2,200.5,236.88077169749343,2,1.0,1,32923.5,1863.0,63984.0,0,2,0,0,0,0.014843499999999999,0.013653524837931046,0.005189,0.024498,1,1,0,0,0,0,0,0,0,0,0,0,0,195.5,236.88077169749343,28.0,363.0,0.024498,,0.024498,0.024498,1,0.014843499999999999,0.013653524837931046,0.005189,0.024498,0,0,0,2,bulbOff
4802,1776256351.744068,1776256351.878538,1,1,1.0,0,0.0,373.0,,373,373,373.0,0,0,2773.8531935717224,1,1,255.0,,359.0,,1,1,319.0,,1,1.0,1,2231.0,2231.0,2231.0,0,1,0,0,0,0.01678,,0.01678,0.01678,0,0,0,0,0,0,0,0,0,1,0,0,0,314.0,,314.0,314.0,,,,,0,0.01678,,0.01678,0.01678,0,0,0,1,plugOff
4803,1776256354.75479,1776256355.265237,2,2,1.0,0,0.0,254.0,236.17366491630688,87,421,254.0,1,0,995.2061131169517,2,2,185.0,98.99494936611666,240.0,236.17366491630688,2,2,200.0,236.17366491630688,2,1.0,1,32907.0,1830.0,63984.0,0,2,0,0,0,0.014260499999999999,0.019021879520699315,0.00081,0.027711,1,1,0,0,0,0,0,0,0,0,0,0,0,195.0,236.17366491630688,28.0,362.0,0.027711,,0.027711,0.027711,1,0.014260499999999999,0.019021879520699315,0.00081,0.027711,0,0,0,2,bulbOn
4804,1776256355.265466,1776256355.634865,5,5,1.0,0,0.0,209.8,193.1131792498896,60,421,87.0,3,0,2839.747262761945,2,2,227.0,62.609903369994115,193.4,195.45408668022267,2,2,153.4,195.45408668022267,3,0.6,1,14221.2,1764.0,63984.0,0,5,0,0,0,0.0090484,0.010947138840811329,0.000106,0.023152,1,4,0,0,0,0,0,0,0,0,0,0,0,250.66666666666666,192.83498990933498,28.0,362.0,0.131582,0.12077649067595894,0.023152,0.261752,3,0.0090484,0.010947138840811329,0.000106,0.023152,0,0,0,3,bulbChange
4805,1776256366.878862,1776256367.146441,2,2,1.0,0,0.0,229.5,201.52543263816605,87,372,229.5,1,0,1715.380747530981,2,2,185.0,98.99494936611666,215.5,201.52543263816605,2,2,175.5,201.52543263816605,2,1.0,1,33866.5,2198.0,65535.0,0,2,0,0,0,0.081194,0.09311747780089406,0.01535,0.147038,0,0,0,0,0,0,0,0,1,1,0,0,0,170.5,201.52543263816605,28.0,313.0,0.025487,,0.025487,0.025487,1,0.081194,0.09311747780089406,0.01535,0.147038,0,0,0,2,plugOn
4806,1776256391.63537,1776256391.917573,2,2,1.0,0,0.0,254.0,236.17366491630688,87,421,254.0,1,0,1800.1228679207027,2,2,185.0,98.99494936611666,240.0,236.17366491630688,2,2,200.0,236.17366491630688,2,1.0,1,33047.0,2528.0,63566.0,0,2,0,0,0,0.0525315,0.03526129385742957,0.027598,0.077465,0,0,1,1,0,0,0,0,0,0,0,0,0,195.0,236.17366491630688,28.0,362.0,0.027598,,0.027598,0.027598,1,0.0525315,0.03526129385742957,0.027598,0.077465,0,0,0,2,bulbChange
4807,1776256392.265777,1776256392.506699,2,2,1.0,0,0.0,254.5,236.88077169749343,87,422,254.5,1,0,2112.717205343889,2,2,185.0,98.99494936611666,240.5,236.88077169749343,2,2,200.5,236.88077169749343,2,1.0,1,33030.5,2495.0,63566.0,0,2,0,0,0,0.0321325,0.0071750125086999,0.027059,0.037206,0,0,1,1,0,0,0,0,0,0,0,0,0,195.5,236.88077169749343,28.0,363.0,0.027059,,0.027059,0.027059,1,0.0321325,0.0071750125086999,0.027059,0.037206,0,0,0,2,bulbOff
4808,1776256396.146971,1776256396.283022,1,1,1.0,0,0.0,373.0,,373,373,373.0,0,0,2741.6201696694407,1,1,255.0,,359.0,,1,1,319.0,,1,1.0,1,2165.0,2165.0,2165.0,0,1,0,0,0,0.092516,,0.092516,0.092516,0,0,0,0,0,0,0,0,0,1,0,0,0,314.0,,314.0,314.0,,,,,0,0.092516,,0.092516,0.092516,0,0,0,1,plugOff
4809,1776256401.507212,1776256401.757656,2,2,1.0,0,0.0,254.0,236.17366491630688,87,421,254.0,1,0,2028.3961581776762,2,2,185.0,98.99494936611666,240.0,236.17366491630688,2,2,200.0,236.17366491630688,2,1.0,1,33014.0,2462.0,63566.0,0,2,0,0,0,0.0155145,0.018314772739512767,0.002564,0.028465,0,0,1,1,0,0,0,0,0,0,0,0,0,195.0,236.17366491630688,28.0,362.0,0.028465,,0.028465,0.028465,1,0.0155145,0.018314772739512767,0.002564,0.028465,0,0,0,2,bulbOn
4810,1776256410.284784,1776256410.430158,1,1,1.0,0,0.0,372.0,,372,372,372.0,0,0,2558.9201465537885,1,1,255.0,,358.0,,1,1,318.0,,1,1.0,1,2132.0,2132.0,2132.0,0,1,0,0,0,0.049272,,0.049272,0.049272,0,0,0,0,0,0,0,0,0,1,0,0,0,313.0,,313.0,313.0,,,,,0,0.049272,,0.049272,0.049272,0,0,0,1,plugOn
4811,1776256418.91921,1776256419.186702,2,2,1.0,0,0.0,254.0,236.17366491630688,87,421,254.0,1,0,1899.1218199142024,2,2,185.0,98.99494936611666,240.0,236.17366491630688,2,2,200.0,236.17366491630688,2,1.0,1,32997.5,2429.0,63566.0,0,2,0,0,0,0.018055,0.001957271570324366,0.016671,0.019439,0,0,1,1,0,0,0,0,0,0,0,0,0,195.0,236.17366491630688,28.0,362.0,0.026415,,0.026415,0.026415,1,0.018055,0.001957271570324366,0.016671,0.019439,0,0,0,2,bulbChange
4812,1776256427.758578,1776256428.065737,2,2,1.0,0,0.0,254.5,236.88077169749343,87,422,254.5,1,0,1657.1224930490764,2,2,185.0,98.99494936611666,240.5,236.88077169749343,2,2,200.5,236.88077169749343,2,1.0,1,32964.5,2363.0,63566.0,0,2,0,0,0,0.0025425,0.0029634845199528206,0.000447,0.004638,0,0,1,1,0,0,0,0,0,0,0,0,0,195.5,236.88077169749343,28.0,363.0,0.026094,,0.026094,0.026094,1,0.0025425,0.0029634845199528206,0.000447,0.004638,0,0,0,2,bulbOff
4813,1776256440.432084,1776256440.60058,2,2,1.0,0,0.0,230.0,202.2325394193526,87,373,230.0,1,0,2730.036860269158,2,2,185.0,98.99494936611666,216.0,202.2325394193526,2,2,176.0,202.2325394193526,2,1.0,1,33801.5,2068.0,65535.0,0,2,0,0,0,0.077682,0.0706498669354727,0.027725,0.127639,0,0,0,0,0,0,0,0,1,1,0,0,0,171.0,202.2325394193526,28.0,314.0,0.027725,,0.027725,0.027725,1,0.077682,0.0706498669354727,0.027725,0.127639,0,0,0,2,plugOff
4814,1776256443.067697,1776256443.489259,5,3,0.6,2,0.4,141.6,156.490574796056,60,421,70.0,4,0,1679.4684369448676,3,3,227.0,62.609903369994115,126.4,157.2936743801225,2,2,133.33333333333334,203.03283806648946,2,0.6666666666666666,1,22731.0,2297.0,63566.0,0,3,0,1,1,0.0090506,0.00877735947195966,0.000181,0.020984,0,0,1,2,0,0,0,2,0,0,0,0,0,195.0,236.17366491630688,28.0,362.0,0.12382399999999999,0.13697789722433323,0.026966,0.220682,2,0.013062333333333334,0.00925190025526288,0.002894,0.020984,0,0,0,2,bulbOn
4815,1776256446.188043,1776256446.323106,1,1,1.0,0,0.0,422.0,,422,422,422.0,0,0,3124.4693916098113,1,1,255.0,,408.0,,1,1,368.0,,1,1.0,1,2920.0,2920.0,2920.0,0,1,0,0,0,0.015285,,0.015285,0.015285,0,1,0,0,0,0,0,0,0,0,0,0,0,363.0,,363.0,363.0,,,,,0,0.015285,,0.015285,0.015285,0,0,0,1,bulbChange
4816,1776256447.602737,1776256447.763222,1,1,1.0,0,0.0,372.0,,372,372,372.0,0,0,2317.973220347544,1,1,255.0,,358.0,,1,1,318.0,,1,1.0,1,2035.0,2035.0,2035.0,0,1,0,0,0,0.083436,,0.083436,0.083436,0,0,0,0,0,0,0,0,0,1,0,0,0,313.0,,313.0,313.0,,,,,0,0.083436,,0.083436,0.083436,0,0,0,1,plugOn
4817,1776256467.49012,1776256467.824181,3,3,1.0,0,0.0,189.66666666666666,201.65895302052257,60,422,87.0,2,0,1703.2809926674727,2,2,208.33333333333334,80.82903768654761,173.66666666666666,203.60828404888963,2,2,133.66666666666666,203.60828404888963,2,0.6666666666666666,1,22709.0,2264.0,63566.0,0,3,0,0,0,0.024523666666666666,0.00391610882552226,0.020002,0.026827,0,0,1,2,0,0,0,0,0,0,0,0,0,195.5,236.88077169749343,28.0,363.0,0.0493565,0.03026487734156542,0.027956,0.070757,2,0.024523666666666666,0.00391610882552226,0.020002,0.026827,0,0,0,2,bulbOff
4818,1776256474.324129,1776256474.532886,1,1,1.0,0,0.0,422.0,,422,422,422.0,0,0,2021.4898388515173,1,1,255.0,,408.0,,1,1,368.0,,1,1.0,1,2887.0,2887.0,2887.0,0,1,0,0,0,0.041841,,0.041841,0.041841,0,1,0,0,0,0,0,0,0,0,0,0,0,363.0,,363.0,363.0,,,,,0,0.041841,,0.041841,0.041841,0,0,0,1,bulbChange
4819,1776256474.824938,1776256475.441796,2,2,1.0,0,0.0,254.0,236.17366491630688,87,421,254.0,1,0,823.5282600713488,2,2,185.0,98.99494936611666,240.0,236.17366491630688,2,2,200.0,236.17366491630688,2,1.0,1,32915.0,2264.0,63566.0,0,2,0,0,0,0.0015985,0.0011165216074935586,0.000809,0.002388,0,0,1,1,0,0,0,0,0,0,0,0,0,195.0,236.17366491630688,28.0,362.0,0.028295,,0.028295,0.028295,1,0.0015985,0.0011165216074935586,0.000809,0.002388,0,0,0,2,bulbOn
4820,1776256487.76392,1776256487.914242,1,1,1.0,0,0.0,373.0,,373,373,373.0,0,0,2481.3407095366188,1,1,255.0,,359.0,,1,1,319.0,,1,1.0,1,2002.0,2002.0,2002.0,0,1,0,0,0,0.041576,,0.041576,0.041576,0,0,0,0,0,0,0,0,0,1,0,0,0,314.0,,314.0,314.0,,,,,0,0.041576,,0.041576,0.041576,0,0,0,1,plugOff
4821,1776256497.44395,1776256497.805936,2,2,1.0,0,0.0,254.5,236.88077169749343,87,422,254.5,1,0,1406.1311062518112,2,2,185.0,98.99494936611666,240.5,236.88077169749343,2,2,200.5,236.88077169749343,2,1.0,1,32898.5,2231.0,63566.0,0,2,0,0,0,0.0668665,0.0860457028822474,0.006023,0.12771,0,0,1,1,0,0,0,0,0,0,0,0,0,195.5,236.88077169749343,28.0,363.0,0.026917,,0.026917,0.026917,1,0.0668665,0.0860457028822474,0.006023,0.12771,0,0,0,2,bulbOff
4822,1776256508.53415,1776256508.751004,1,1,1.0,0,0.0,422.0,,422,422,422.0,0,0,1946.0089010853694,1,1,255.0,,408.0,,1,1,368.0,,1,1.0,1,2854.0,2854.0,2854.0,0,1,0,0,0,0.107644,,0.107644,0.107644,0,1,0,0,0,0,0,0,0,0,0,0,0,363.0,,363.0,363.0,,,,,0,0.107644,,0.107644,0.107644,0,0,0,1,bulbChange
4823,1776256512.807195,1776256513.331351,2,2,1.0,0,0.0,254.0,236.17366491630688,87,421,254.0,1,0,969.1769421461289,2,2,185.0,98.99494936611666,240.0,236.17366491630688,2,2,200.0,236.17366491630688,2,1.0,1,32882.0,2198.0,63566.0,0,2,0,0,0,0.0139685,0.01659367483410471,0.002235,0.025702,0,0,1,1,0,0,0,0,0,0,0,0,0,195.0,236.17366491630688,28.0,362.0,0.025702,,0.025702,0.025702,1,0.0139685,0.01659367483410471,0.002235,0.025702,0,0,0,2,bulbOn
4824,1776256515.132537,1776256515.267127,1,1,1.0,0,0.0,373.0,,373,373,373.0,0,0,2771.3766793265686,1,1,255.0,,359.0,,1,1,319.0,,1,1.0,1,1936.0,1936.0,1936.0,0,1,0,0,0,0.124377,,0.124377,0.124377,0,0,0,0,0,0,0,0,0,1,0,0,0,314.0,,314.0,314.0,,,,,0,0.124377,,0.124377,0.124377,0,0,0,1,plugOff
4825,1776256527.268317,1776256527.453352,1,1,1.0,0,0.0,372.0,,372,372,372.0,0,0,2010.4305643782382,1,1,255.0,,358.0,,1,1,318.0,,1,1.0,1,1903.0,1903.0,1903.0,0,1,0,0,0,0.028936,,0.028936,0.028936,0,0,0,0,0,0,0,0,0,1,0,0,0,313.0,,313.0,313.0,,,,,0,0.028936,,0.028936,0.028936,0,0,0,1,plugOn
4826,1776256536.752139,1776256537.182709,2,2,1.0,0,0.0,254.5,236.88077169749343,87,422,254.5,1,0,1182.1541988359531,2,2,185.0,98.99494936611666,240.5,236.88077169749343,2,2,200.5,236.88077169749343,2,1.0,1,33387.0,2790.0,63984.0,0,2,0,0,0,0.003339,0.0005388153672641493,0.002958,0.00372,1,1,0,0,0,0,0,0,0,0,0,0,0,195.5,236.88077169749343,28.0,363.0,0.026641,,0.026641,0.026641,1,0.003339,0.0005388153672641493,0.002958,0.00372,0,0,0,2,bulbChange
4827,1776256546.332276,1776256546.659569,2,2,1.0,0,0.0,254.5,236.88077169749343,87,422,254.5,1,0,1555.18182705574,2,2,185.0,98.99494936611666,240.5,236.88077169749343,2,2,200.5,236.88077169749343,2,1.0,1,32850.0,2134.0,63566.0,0,2,0,0,0,0.0118595,0.0004334564568673529,0.011553,0.012166,0,0,1,1,0,0,0,0,0,0,0,0,0,195.5,236.88077169749343,28.0,363.0,0.024902,,0.024902,0.024902,1,0.0118595,0.0004334564568673529,0.011553,0.012166,0,0,0,2,bulbOff
4828,1776256559.454237,1776256559.584539,1,1,1.0,0,0.0,373.0,,373,373,373.0,0,0,2862.581820444041,1,1,255.0,,359.0,,1,1,319.0,,1,1.0,1,1870.0,1870.0,1870.0,0,1,0,0,0,0.099674,,0.099674,0.099674,0,0,0,0,0,0,0,0,0,1,0,0,0,314.0,,314.0,314.0,,,,,0,0.099674,,0.099674,0.099674,0,0,0,1,plugOff
4829,1776256561.184063,1776256561.482653,2,2,1.0,0,0.0,254.5,236.88077169749343,87,422,254.5,1,0,1704.6789712682364,2,2,185.0,98.99494936611666,240.5,236.88077169749343,2,2,200.5,236.88077169749343,2,1.0,1,33370.5,2757.0,63984.0,0,2,0,0,0,0.0400865,0.020648225117428372,0.025486,0.054687,1,1,0,0,0,0,0,0,0,0,0,0,0,195.5,236.88077169749343,28.0,363.0,0.025486,,0.025486,0.025486,1,0.0400865,0.020648225117428372,0.025486,0.054687,0,0,0,2,bulbChange
4830,1776256561.662371,1776256562.180116,3,3,1.0,0,0.0,189.33333333333334,201.08290164341008,60,421,87.0,2,0,1097.0651194061468,2,2,208.33333333333334,80.82903768654761,173.33333333333334,203.03283806648946,2,2,133.33333333333334,203.03283806648946,2,0.6666666666666666,1,22578.333333333332,2068.0,63566.0,0,3,0,0,0,0.03527566666666667,0.029948270974020075,0.008689,0.06772,0,0,1,2,0,0,0,0,0,0,0,0,0,195.0,236.17366491630688,28.0,362.0,0.0246595,0.006729535236552374,0.019901,0.029418,2,0.03527566666666667,0.029948270974020075,0.008689,0.06772,0,0,0,2,bulbOn
4831,1776256570.585823,1776256570.757135,1,1,1.0,0,0.0,372.0,,372,372,372.0,0,0,2171.478438041902,1,1,255.0,,358.0,,1,1,318.0,,1,1.0,1,1837.0,1837.0,1837.0,0,1,0,0,0,0.000128,,0.000128,0.000128,0,0,0,0,0,0,0,0,0,1,0,0,0,313.0,,313.0,313.0,,,,,0,0.000128,,0.000128,0.000128,0,0,0,1,plugOn
4832,1776256588.18081,1776256588.522914,2,2,1.0,0,0.0,255.0,237.58787847867995,87,423,255.0,1,0,1490.7749176242328,2,2,185.0,98.99494936611666,241.0,237.58787847867995,2,2,201.0,237.58787847867995,2,1.0,1,33354.0,2724.0,63984.0,0,2,0,0,0,0.0601075,0.05012750682509554,0.024662,0.095553,1,1,0,0,0,0,0,0,0,0,0,0,0,196.0,237.58787847867995,28.0,364.0,0.024662,,0.024662,0.024662,1,0.0601075,0.05012750682509554,0.024662,0.095553,0,0,0,2,bulbOff
4833,1776256595.483679,1776256595.973041,3,3,1.0,0,0.0,189.33333333333334,201.08290164341008,60,421,87.0,2,0,1160.6949422981263,2,2,208.33333333333334,80.82903768654761,173.33333333333334,203.03283806648946,2,2,133.33333333333334,203.03283806648946,2,0.6666666666666666,1,22556.333333333332,2035.0,63566.0,0,3,0,0,0,0.032365000000000005,0.018397015817789582,0.011396,0.045795,0,0,1,2,0,0,0,0,0,0,0,0,0,195.0,236.17366491630688,28.0,362.0,0.050139500000000004,0.03321916947336282,0.02665,0.073629,2,0.032365000000000005,0.018397015817789582,0.011396,0.045795,0,0,0,2,bulbChange
4834,1776256596.757703,1776256596.893353,1,1,1.0,0,0.0,373.0,,373,373,373.0,0,0,2749.7251848557976,1,1,255.0,,359.0,,1,1,319.0,,1,1.0,1,1804.0,1804.0,1804.0,0,1,0,0,0,0.106356,,0.106356,0.106356,0,0,0,0,0,0,0,0,0,1,0,0,0,314.0,,314.0,314.0,,,,,0,0.106356,,0.106356,0.106356,0,0,0,1,plugOff
4835,1776256601.525126,1776256601.994749,3,3,1.0,0,0.0,189.66666666666666,201.65895302052257,60,422,87.0,2,0,1211.6099347021081,2,2,208.33333333333334,80.82903768654761,173.66666666666666,203.60828404888963,2,2,133.66666666666666,203.60828404888963,2,0.6666666666666666,1,23111.0,2658.0,63984.0,0,3,0,0,0,0.029832,0.04598406628387708,0.00124,0.082876,1,2,0,0,0,0,0,0,0,0,0,0,0,195.5,236.88077169749343,28.0,363.0,0.061415,0.05182527020672444,0.024769,0.098061,2,0.029832,0.04598406628387708,0.00124,0.082876,0,0,0,2,bulbOn
4836,1776256606.894103,1776256607.042682,1,1,1.0,0,0.0,372.0,,372,372,372.0,0,0,2503.720545263445,1,1,255.0,,358.0,,1,1,318.0,,1,1.0,1,1771.0,1771.0,1771.0,0,1,0,0,0,0.122492,,0.122492,0.122492,0,0,0,0,0,0,0,0,0,1,0,0,0,313.0,,313.0,313.0,,,,,0,0.122492,,0.122492,0.122492,0,0,0,1,plugOn
4837,1776256624.995784,1776256625.321646,2,2,1.0,0,0.0,254.5,236.88077169749343,87,422,254.5,1,0,1562.0112440772511,2,2,185.0,98.99494936611666,240.5,236.88077169749343,2,2,200.5,236.88077169749343,2,1.0,1,32800.5,2035.0,63566.0,0,2,0,0,0,0.0464205,0.028338718469613267,0.026382,0.066459,0,0,1,1,0,0,0,0,0,0,0,0,0,195.5,236.88077169749343,28.0,363.0,0.026382,,0.026382,0.026382,1,0.0464205,0.028338718469613267,0.026382,0.066459,0,0,0,2,bulbOff
4838,1776256639.322642,1776256639.760375,6,6,1.0,0,0.0,150.66666666666666,136.39159309380716,60,421,111.0,3,0,2065.1861621963144,4,4,197.16666666666666,85.01862541035739,135.66666666666666,137.2088432524182,3,3,89.66666666666667,139.32647511032016,4,0.6666666666666666,2,12926.833333333334,1969.0,63566.0,0,6,0,0,0,0.02421833333333333,0.030574694259577914,0.001135,0.078889,0,0,1,2,0,0,0,0,0,0,2,1,0,129.5,155.92626462530293,28.0,362.0,0.07095625,0.09983432403862912,0.002425,0.21925,4,0.02421833333333333,0.030574694259577914,0.001135,0.078889,0,0,0,4,bulbOn
4839,1776256639.760673,1776256640.324189,5,5,1.0,0,0.0,215.4,188.46564673701147,60,422,87.0,3,0,1911.2149222548896,2,2,199.0,76.68115805072325,200.2,189.71742144568591,2,2,160.2,189.71742144568591,4,0.8,1,26588.0,1903.0,63566.0,0,5,0,0,0,0.0160202,0.014111268075548702,0.004729,0.038754,0,0,2,3,0,0,0,0,0,0,0,0,0,195.25,193.1240965458911,28.0,363.0,0.10768925,0.11375544809920093,0.022933,0.263573,4,0.0160202,0.014111268075548702,0.004729,0.038754,0,0,0,4,bulbChange
4840,1776256644.04382,1776256644.183836,1,1,1.0,0,0.0,373.0,,373,373,373.0,0,0,2663.9797571815348,1,1,255.0,,359.0,,1,1,319.0,,1,1.0,1,2889.0,2889.0,2889.0,0,1,0,0,0,0.003682,,0.003682,0.003682,0,0,0,0,0,0,0,0,0,1,0,0,0,314.0,,314.0,314.0,,,,,0,0.003682,,0.003682,0.003682,0,0,0,1,plugOff
4841,1776256651.184784,1776256651.338547,1,1,1.0,0,0.0,372.0,,372,372,372.0,0,0,2419.306757798145,1,1,255.0,,358.0,,1,1,318.0,,1,1.0,1,2856.0,2856.0,2856.0,0,1,0,0,0,0.00375,,0.00375,0.00375,0,0,0,0,0,0,0,0,0,1,0,0,0,313.0,,313.0,313.0,,,,,0,0.00375,,0.00375,0.00375,0,0,0,1,plugOn
4842,1776256665.761009,1776256666.031772,2,2,1.0,0,0.0,255.0,237.58787847867995,87,423,255.0,1,0,1883.5666245766786,2,2,185.0,98.99494936611666,241.0,237.58787847867995,2,2,201.0,237.58787847867995,2,1.0,1,32734.5,1903.0,63566.0,0,2,0,0,0,0.015184,0.014368409793710644,0.005024,0.025344,0,0,1,1,0,0,0,0,0,0,0,0,0,196.0,237.58787847867995,28.0,364.0,0.025344,,0.025344,0.025344,1,0.015184,0.014368409793710644,0.005024,0.025344,0,0,0,2,bulbOff
4843,1776256680.032381,1776256680.559946,3,3,1.0,0,0.0,189.66666666666666,201.65895302052257,60,422,87.0,2,0,1078.5400801168491,2,2,208.33333333333334,80.82903768654761,173.66666666666666,203.60828404888963,2,2,133.66666666666666,203.60828404888963,2,0.6666666666666666,1,22424.333333333332,1837.0,63566.0,0,3,0,0,0,0.009590666666666666,0.0025870634575389396,0.006934,0.012102,0,0,1,2,0,0,0,0,0,0,0,0,0,195.5,236.88077169749343,28.0,363.0,0.126943,0.14110881504002507,0.027164,0.226722,2,0.009590666666666666,0.0025870634575389396,0.006934,0.012102,0,0,0,2,bulbOn
4844,1776256680.560191,1776256681.055665,3,3,1.0,0,0.0,190.0,202.23501180557238,60,423,87.0,2,0,1150.4133109482434,2,2,208.33333333333334,80.82903768654761,174.0,204.1837407826588,2,2,134.0,204.1837407826588,2,0.6666666666666666,1,22402.333333333332,1804.0,63566.0,0,3,0,0,0,0.05417533333333333,0.05736579838486808,0.018497,0.120348,0,0,1,2,0,0,0,0,0,0,0,0,0,196.0,237.58787847867995,28.0,364.0,0.0400125,0.023096228793896202,0.023681,0.056344,2,0.05417533333333333,0.05736579838486808,0.018497,0.120348,0,0,0,2,bulbChange
4845,1776256684.339461,1776256684.470322,1,1,1.0,0,0.0,373.0,,373,373,373.0,0,0,2850.356900541112,1,1,255.0,,359.0,,1,1,319.0,,1,1.0,1,2823.0,2823.0,2823.0,0,1,0,0,0,0.032666,,0.032666,0.032666,0,0,0,0,0,0,0,0,0,1,0,0,0,314.0,,314.0,314.0,,,,,0,0.032666,,0.032666,0.032666,0,0,0,1,plugOff
4846,1776256691.470984,1776256691.621984,1,1,1.0,0,0.0,372.0,,372,372,372.0,0,0,2463.5757855180473,1,1,255.0,,358.0,,1,1,318.0,,1,1.0,1,2790.0,2790.0,2790.0,0,1,0,0,0,0.001956,,0.001956,0.001956,0,0,0,0,0,0,0,0,0,1,0,0,0,313.0,,313.0,313.0,,,,,0,0.001956,,0.001956,0.001956,0,0,0,1,plugOn
4847,1776256705.056858,1776256705.247281,1,1,1.0,0,0.0,422.0,,422,422,422.0,0,0,2216.1187140975494,1,1,255.0,,408.0,,1,1,368.0,,1,1.0,1,2658.0,2658.0,2658.0,0,1,0,0,0,0.117807,,0.117807,0.117807,0,1,0,0,0,0,0,0,0,0,0,0,0,363.0,,363.0,363.0,,,,,0,0.117807,,0.117807,0.117807,0,0,0,1,bulbChange
4848,1776256708.560428,1776256708.850209,2,2,1.0,0,0.0,255.0,237.58787847867995,87,423,255.0,1,0,1759.9491867075849,2,2,185.0,98.99494936611666,241.0,237.58787847867995,2,2,201.0,237.58787847867995,2,1.0,1,33304.5,2625.0,63984.0,0,2,0,0,0,0.0148405,0.017009453621442402,0.002813,0.026868,1,1,0,0,0,0,0,0,0,0,0,0,0,196.0,237.58787847867995,28.0,364.0,0.026868,,0.026868,0.026868,1,0.0148405,0.017009453621442402,0.002813,0.026868,0,0,0,2,bulbOff
4849,1776256716.85139,1776256717.283904,3,3,1.0,0,0.0,189.66666666666666,201.65895302052257,60,422,87.0,2,0,1315.5637717077818,2,2,208.33333333333334,80.82903768654761,173.66666666666666,203.60828404888963,2,2,133.66666666666666,203.60828404888963,2,0.6666666666666666,1,23045.0,2559.0,63984.0,0,3,0,0,0,0.011324,0.0078797368610887,0.003023,0.018701,1,2,0,0,0,0,0,0,0,0,0,0,0,195.5,236.88077169749343,28.0,363.0,0.1242165,0.14132448260828692,0.024285,0.224148,2,0.011324,0.0078797368610887,0.003023,0.018701,0,0,0,2,bulbOn
4850,1776256729.248286,1776256729.541234,2,2,1.0,0,0.0,254.5,236.88077169749343,87,422,254.5,1,0,1737.5096837097028,2,2,185.0,98.99494936611666,240.5,236.88077169749343,2,2,200.5,236.88077169749343,2,1.0,1,32685.0,1804.0,63566.0,0,2,0,0,0,0.056623,0.04412912000029006,0.025419,0.087827,0,0,1,1,0,0,0,0,0,0,0,0,0,195.5,236.88077169749343,28.0,363.0,0.028612,,0.028612,0.028612,1,0.056623,0.04412912000029006,0.025419,0.087827,0,0,0,2,bulbChange
4851,1776256731.622874,1776256731.754277,1,1,1.0,0,0.0,373.0,,373,373,373.0,0,0,2838.596432148404,1,1,255.0,,359.0,,1,1,319.0,,1,1.0,1,2757.0,2757.0,2757.0,0,1,0,0,0,0.050402,,0.050402,0.050402,0,0,0,0,0,0,0,0,0,1,0,0,0,314.0,,314.0,314.0,,,,,0,0.050402,,0.050402,0.050402,0,0,0,1,plugOff
4852,1776256743.284557,1776256743.581571,2,2,1.0,0,0.0,254.5,236.88077169749343,87,422,254.5,1,0,1713.72394356248,2,2,185.0,98.99494936611666,240.5,236.88077169749343,2,2,200.5,236.88077169749343,2,1.0,1,33227.5,2889.0,63566.0,0,2,0,0,0,0.0961295,0.09899565647289783,0.026129,0.16613,0,0,1,1,0,0,0,0,0,0,0,0,0,195.5,236.88077169749343,28.0,363.0,0.026129,,0.026129,0.026129,1,0.0961295,0.09899565647289783,0.026129,0.16613,0,0,0,2,bulbOff
4853,1776256754.583524,1776256755.010307,4,3,0.75,1,0.25,159.5,174.6892479041951,60,421,78.5,3,0,1494.904607560202,3,3,220.0,70.0,144.0,175.8503151357237,2,2,133.33333333333334,203.03283806648946,2,0.6666666666666666,1,23081.666666666668,2823.0,63566.0,0,3,0,1,1,0.07458624999999999,0.07283850278241126,0.0,0.153029,0,0,1,2,0,0,0,1,0,0,0,0,0,195.0,236.17366491630688,28.0,362.0,0.1327735,0.14976592336209194,0.026873,0.238674,2,0.09944833333333332,0.06518766835325017,0.026873,0.153029,0,0,0,2,bulbOn
4854,1776256757.541959,1776256758.140133,5,5,1.0,0,0.0,215.4,188.46564673701147,60,422,87.0,3,0,1800.4798903752726,2,2,199.0,76.68115805072325,200.2,189.71742144568591,2,2,160.2,189.71742144568591,4,0.8,1,27090.6,2462.0,63984.0,0,5,0,0,0,0.036388,0.03859630907224161,0.002366,0.099308,2,3,0,0,0,0,0,0,0,0,0,0,0,195.25,193.1240965458911,28.0,363.0,0.06251275,0.04786887421122414,0.020573,0.108376,4,0.036388,0.03859630907224161,0.002366,0.099308,0,0,0,4,bulbChange
4855,1776256781.141059,1776256781.324896,1,1,1.0,0,0.0,422.0,,422,422,422.0,0,0,2295.5095951205403,1,1,255.0,,408.0,,1,1,368.0,,1,1.0,1,2462.0,2462.0,2462.0,0,1,0,0,0,0.003093,,0.003093,0.003093,0,1,0,0,0,0,0,0,0,0,0,0,0,363.0,,363.0,363.0,,,,,0,0.003093,,0.003093,0.003093,0,0,0,1,bulbChange
4856,1776256782.010762,1776256782.273092,2,2,1.0,0,0.0,255.0,237.58787847867995,87,423,255.0,1,0,1944.1157801747172,2,2,185.0,98.99494936611666,241.0,237.58787847867995,2,2,201.0,237.58787847867995,2,1.0,1,33206.5,2429.0,63984.0,0,2,0,0,0,0.012162,0.012647311888302589,0.003219,0.021105,1,1,0,0,0,0,0,0,0,0,0,0,0,196.0,237.58787847867995,28.0,364.0,0.021105,,0.021105,0.021105,1,0.012162,0.012647311888302589,0.003219,0.021105,0,0,0,2,bulbOff
4857,1776256787.029284,1776256787.177985,1,1,1.0,0,0.0,372.0,,372,372,372.0,0,0,2501.6652124348843,1,1,255.0,,358.0,,1,1,318.0,,1,1.0,1,2658.0,2658.0,2658.0,0,1,0,0,0,0.006414,,0.006414,0.006414,0,0,0,0,0,0,0,0,0,1,0,0,0,313.0,,313.0,313.0,,,,,0,0.006414,,0.006414,0.006414,0,0,0,1,plugOn
4858,1776256792.274103,1776256792.787634,3,3,1.0,0,0.0,189.66666666666666,201.65895302052257,60,422,87.0,2,0,1108.0149663053849,2,2,208.33333333333334,80.82903768654761,173.66666666666666,203.60828404888963,2,2,133.66666666666666,203.60828404888963,2,0.6666666666666666,1,22914.333333333332,2363.0,63984.0,0,3,0,0,0,0.014480999999999999,0.02094916826511258,0.002362,0.038671,1,2,0,0,0,0,0,0,0,0,0,0,0,195.5,236.88077169749343,28.0,363.0,0.14665999999999998,0.17081578513123427,0.025875,0.267445,2,0.014480999999999999,0.02094916826511258,0.002362,0.038671,0,0,0,2,bulbOn
4859,1776256807.327158,1776256807.98241,5,5,1.0,0,0.0,215.4,188.46564673701147,60,422,87.0,3,0,1643.642496559724,2,2,199.0,76.68115805072325,200.2,189.71742144568591,2,2,160.2,189.71742144568591,4,0.8,1,27100.4,2757.0,63566.0,0,5,0,0,0,0.0199294,0.020693403316032866,5.6e-05,0.053586,0,0,2,3,0,0,0,0,0,0,0,0,0,195.25,193.1240965458911,28.0,363.0,0.07696175,0.06098815886916082,0.023935,0.147503,4,0.0199294,0.020693403316032866,5.6e-05,0.053586,0,0,0,4,bulbChange
4860,1776256814.179326,1776256814.311112,1,1,1.0,0,0.0,373.0,,373,373,373.0,0,0,2830.3489678878336,1,1,255.0,,359.0,,1,1,319.0,,1,1.0,1,2625.0,2625.0,2625.0,0,1,0,0,0,0.076516,,0.076516,0.076516,0,0,0,0,0,0,0,0,0,1,0,0,0,314.0,,314.0,314.0,,,,,0,0.076516,,0.076516,0.076516,0,0,0,1,plugOff
4861,1776256821.311543,1776256821.464899,1,1,1.0,0,0.0,372.0,,372,372,372.0,0,0,2425.727179729549,1,1,255.0,,358.0,,1,1,318.0,,1,1.0,1,2592.0,2592.0,2592.0,0,1,0,0,0,0.011638,,0.011638,0.011638,0,0,0,0,0,0,0,0,0,1,0,0,0,313.0,,313.0,313.0,,,,,0,0.011638,,0.011638,0.011638,0,0,0,1,plugOn
4862,1776256826.788786,1776256827.133968,3,3,1.0,0,0.0,190.0,202.23501180557238,60,423,87.0,2,0,1651.3019279609946,2,2,208.33333333333334,80.82903768654761,174.0,204.1837407826588,2,2,134.0,204.1837407826588,2,0.6666666666666666,1,23015.666666666668,2724.0,63566.0,0,3,0,0,0,0.09405333333333332,0.10034929329762782,0.000294,0.199898,0,0,1,2,0,0,0,0,0,0,0,0,0,196.0,237.58787847867995,28.0,364.0,0.055033,0.03809184230251931,0.028098,0.081968,2,0.09405333333333332,0.10034929329762782,0.000294,0.199898,0,0,0,2,bulbOff
4863,1776256840.134887,1776256840.606584,3,3,1.0,0,0.0,189.66666666666666,201.65895302052257,60,422,87.0,2,0,1206.2826114096908,2,2,208.33333333333334,80.82903768654761,173.66666666666666,203.60828404888963,2,2,133.66666666666666,203.60828404888963,2,0.6666666666666666,1,22993.666666666668,2691.0,63566.0,0,3,0,0,0,0.014254333333333332,0.012219597552020007,0.00084,0.024751,0,0,1,2,0,0,0,0,0,0,0,0,0,195.5,236.88077169749343,28.0,363.0,0.027705,3.394112549695388e-05,0.027681,0.027729,2,0.014254333333333332,0.012219597552020007,0.00084,0.024751,0,0,0,2,bulbOn
4864,1776256840.983237,1776256841.130878,1,1,1.0,0,0.0,422.0,,422,422,422.0,0,0,2858.285716131262,1,1,255.0,,408.0,,1,1,368.0,,1,1.0,1,2363.0,2363.0,2363.0,0,1,0,0,0,0.002456,,0.002456,0.002456,0,1,0,0,0,0,0,0,0,0,0,0,0,363.0,,363.0,363.0,,,,,0,0.002456,,0.002456,0.002456,0,0,0,1,bulbChange
4865,1776256851.46618,1776256851.602377,1,1,1.0,0,0.0,373.0,,373,373,373.0,0,0,2738.6829817365747,1,1,255.0,,359.0,,1,1,319.0,,1,1.0,1,2528.0,2528.0,2528.0,0,1,0,0,0,0.062224,,0.062224,0.062224,0,0,0,0,0,0,0,0,0,1,0,0,0,314.0,,314.0,314.0,,,,,0,0.062224,,0.062224,0.062224,0,0,0,1,plugOff
4866,1776256863.603094,1776256863.755868,1,1,1.0,0,0.0,372.0,,372,372,372.0,0,0,2434.9715783888387,1,1,255.0,,358.0,,1,1,318.0,,1,1.0,1,2495.0,2495.0,2495.0,0,1,0,0,0,0.00229,,0.00229,0.00229,0,0,0,0,0,0,0,0,0,1,0,0,0,313.0,,313.0,313.0,,,,,0,0.00229,,0.00229,0.00229,0,0,0,1,plugOn
4867,1776256870.608435,1776256870.980534,2,2,1.0,0,0.0,255.0,237.58787847867995,87,423,255.0,1,0,1370.602391111151,2,2,185.0,98.99494936611666,241.0,237.58787847867995,2,2,201.0,237.58787847867995,2,1.0,1,33128.5,2691.0,63566.0,0,2,0,0,0,0.017294999999999998,0.0008753981951089455,0.016676,0.017914,0,0,1,1,0,0,0,0,0,0,0,0,0,196.0,237.58787847867995,28.0,364.0,0.028252,,0.028252,0.028252,1,0.017294999999999998,0.0008753981951089455,0.016676,0.017914,0,0,0,2,bulbOff
4868,1776256871.131191,1776256871.333938,1,1,1.0,0,0.0,422.0,,422,422,422.0,0,0,2081.413162555181,1,1,255.0,,408.0,,1,1,368.0,,1,1.0,1,2330.0,2330.0,2330.0,0,1,0,0,0,0.01705,,0.01705,0.01705,0,1,0,0,0,0,0,0,0,0,0,0,0,363.0,,363.0,363.0,,,,,0,0.01705,,0.01705,0.01705,0,0,0,1,bulbChange
4869,1776256881.980913,1776256882.487086,3,3,1.0,0,0.0,189.66666666666666,201.65895302052257,60,422,87.0,2,0,1124.1212975331646,2,2,208.33333333333334,80.82903768654761,173.66666666666666,203.60828404888963,2,2,133.66666666666666,203.60828404888963,2,0.6666666666666666,1,22949.666666666668,2625.0,63566.0,0,3,0,0,0,0.018431,0.01444463180562246,0.001753,0.026945,0,0,1,2,0,0,0,0,0,0,0,0,0,195.5,236.88077169749343,28.0,363.0,0.146915,0.17015817582473078,0.026595,0.267235,2,0.018431,0.01444463180562246,0.001753,0.026945,0,0,0,2,bulbOn
4870,1776256893.75626,1776256893.886237,1,1,1.0,0,0.0,373.0,,373,373,373.0,0,0,2869.738760700928,1,1,255.0,,359.0,,1,1,319.0,,1,1.0,1,2462.0,2462.0,2462.0,0,1,0,0,0,3e-05,,3e-05,3e-05,0,0,0,0,0,0,0,0,0,1,0,0,0,314.0,,314.0,314.0,,,,,0,3e-05,,3e-05,3e-05,0,0,0,1,plugOff
4871,1776256900.334379,1776256900.817367,3,3,1.0,0,0.0,189.66666666666666,201.65895302052257,60,422,87.0,2,0,1178.082808807784,2,2,208.33333333333334,80.82903768654761,173.66666666666666,203.60828404888963,2,2,133.66666666666666,203.60828404888963,2,0.6666666666666666,1,22927.666666666668,2592.0,63566.0,0,3,0,0,0,0.013793,0.0110387633818286,0.001932,0.023766,0,0,1,2,0,0,0,0,0,0,0,0,0,195.5,236.88077169749343,28.0,363.0,0.123825,0.13575318827931815,0.027833,0.219817,2,0.013793,0.0110387633818286,0.001932,0.023766,0,0,0,2,bulbChange
4872,1776256905.487973,1776256905.766285,2,2,1.0,0,0.0,255.0,237.58787847867995,87,423,255.0,1,0,1832.4759942603816,2,2,185.0,98.99494936611666,241.0,237.58787847867995,2,2,201.0,237.58787847867995,2,1.0,1,33140.5,2297.0,63984.0,0,2,0,0,0,0.07908,0.10638421522951608,0.003855,0.154305,1,1,0,0,0,0,0,0,0,0,0,0,0,196.0,237.58787847867995,28.0,364.0,0.023807,,0.023807,0.023807,1,0.07908,0.10638421522951608,0.003855,0.154305,0,0,0,2,bulbOff
4873,1776256907.886858,1776256908.03424,1,1,1.0,0,0.0,372.0,,372,372,372.0,0,0,2524.052782024217,1,1,255.0,,358.0,,1,1,318.0,,1,1.0,1,2429.0,2429.0,2429.0,0,1,0,0,0,0.001297,,0.001297,0.001297,0,0,0,0,0,0,0,0,0,1,0,0,0,313.0,,313.0,313.0,,,,,0,0.001297,,0.001297,0.001297,0,0,0,1,plugOn
4936,1776257417.202737,1776257417.769825,4,4,1.0,0,0.0,247.25,200.93178776224866,60,421,254.0,2,0,1743.9977465158233,2,2,220.0,70.0,231.75,202.80922891558296,2,2,191.75,202.80922891558296,3,0.75,1,17997.75,2658.0,63984.0,0,4,0,0,0,0.052737,0.04313117634225464,0.011961,0.108279,1,3,0,0,0,0,0,0,0,0,0,0,0,250.66666666666666,192.83498990933498,28.0,362.0,0.08151,0.07804478965312163,0.026324,0.136696,2,0.052737,0.04313117634225464,0.011961,0.108279,0,0,0,3,bulbChange
4937,1776257418.556955,1776257418.925574,2,2,1.0,0,0.0,255.0,237.58787847867995,87,423,255.0,1,0,1383.5424875493177,2,2,185.0,98.99494936611666,241.0,237.58787847867995,2,2,201.0,237.58787847867995,2,1.0,1,34194.5,2854.0,65535.0,0,2,0,0,0,0.0835255,0.07998296934035395,0.026969,0.140082,0,0,1,1,0,0,0,0,0,0,0,0,0,196.0,237.58787847867995,28.0,364.0,0.028383,,0.028383,0.028383,1,0.0835255,0.07998296934035395,0.026969,0.140082,0,0,0,2,bulbOff
4938,1776257432.926347,1776257433.408485,3,3,1.0,0,0.0,189.66666666666666,201.65895302052257,60,422,87.0,2,0,1180.1602367284086,2,2,208.33333333333334,80.82903768654761,173.66666666666666,203.60828404888963,2,2,133.66666666666666,203.60828404888963,2,0.6666666666666666,1,23714.666666666668,2788.0,65535.0,0,3,0,0,0,0.006080666666666667,0.0040698051959932105,0.002983,0.01069,0,0,1,2,0,0,0,0,0,0,0,0,0,195.5,236.88077169749343,28.0,363.0,0.1362285,0.15583148533111016,0.026039,0.246418,2,0.006080666666666667,0.0040698051959932105,0.002983,0.01069,0,0,0,2,bulbOn
4939,1776257446.770828,1776257447.558522,6,6,1.0,0,0.0,189.5,180.11190965619124,60,422,87.0,4,0,1443.4539715747915,2,2,208.33333333333334,72.29568912920512,173.5,181.85571203566855,2,2,133.5,181.85571203566855,4,0.6666666666666666,1,23681.666666666668,2722.0,65535.0,0,6,0,0,0,0.0370115,0.03922673249583759,0.003635,0.112861,0,0,2,4,0,0,0,0,0,0,0,0,0,195.25,193.1240965458911,28.0,363.0,0.099772,0.10526322095584953,0.023339,0.247937,4,0.0370115,0.03922673249583759,0.003635,0.112861,0,0,0,4,bulbChange
4940,1776257453.409638,1776257453.694623,2,2,1.0,0,0.0,254.5,236.88077169749343,87,422,254.5,1,0,1786.0585051291962,2,2,185.0,98.99494936611666,240.5,236.88077169749343,2,2,200.5,236.88077169749343,2,1.0,1,34128.5,2722.0,65535.0,0,2,0,0,0,0.0160875,0.019422101958850902,0.002354,0.029821,0,0,1,1,0,0,0,0,0,0,0,0,0,195.5,236.88077169749343,28.0,363.0,0.029821,,0.029821,0.029821,1,0.0160875,0.019422101958850902,0.002354,0.029821,0,0,0,2,bulbOff
4941,1776257464.695101,1776257464.942896,2,2,1.0,0,0.0,254.0,236.17366491630688,87,421,254.0,1,0,2050.0828247510167,2,2,185.0,98.99494936611666,240.0,236.17366491630688,2,2,200.0,236.17366491630688,2,1.0,1,34112.0,2689.0,65535.0,0,2,0,0,0,0.058924000000000004,0.06913241578304638,0.01004,0.107808,0,0,1,1,0,0,0,0,0,0,0,0,0,195.0,236.17366491630688,28.0,362.0,0.026297,,0.026297,0.026297,1,0.058924000000000004,0.06913241578304638,0.01004,0.107808,0,0,0,2,bulbOn
4942,1776257478.613473,1776257478.772944,1,1,1.0,0,0.0,372.0,,372,372,372.0,0,0,2332.7120187779387,1,1,255.0,,358.0,,1,1,318.0,,1,1.0,1,2658.0,2658.0,2658.0,0,1,0,0,0,0.01032,,0.01032,0.01032,0,0,0,0,0,0,0,0,0,1,0,0,0,313.0,,313.0,313.0,,,,,0,0.01032,,0.01032,0.01032,0,0,0,1,plugOn
4943,1776257481.559516,1776257481.74904,1,1,1.0,0,0.0,421.0,,421,421,421.0,0,0,2221.3553095213233,1,1,255.0,,407.0,,1,1,367.0,,1,1.0,1,2625.0,2625.0,2625.0,0,1,0,0,0,0.087782,,0.087782,0.087782,0,1,0,0,0,0,0,0,0,0,0,0,0,362.0,,362.0,362.0,,,,,0,0.087782,,0.087782,0.087782,0,0,0,1,bulbChange
4944,1776257490.943976,1776257491.280756,2,2,1.0,0,0.0,254.5,236.88077169749343,87,422,254.5,1,0,1511.3720895000417,2,2,185.0,98.99494936611666,240.5,236.88077169749343,2,2,200.5,236.88077169749343,2,1.0,1,34095.5,2656.0,65535.0,0,2,0,0,0,0.015265,0.018786412962564194,0.001981,0.028549,0,0,1,1,0,0,0,0,0,0,0,0,0,195.5,236.88077169749343,28.0,363.0,0.028549,,0.028549,0.028549,1,0.015265,0.018786412962564194,0.001981,0.028549,0,0,0,2,bulbOff
4945,1776257498.774264,1776257498.918154,2,1,0.5,1,0.5,221.5,214.2533546995239,70,373,221.5,1,0,3078.7427582938703,2,2,255.0,0.0,207.5,214.2533546995239,1,1,319.0,,1,1.0,1,2625.0,2625.0,2625.0,0,1,0,1,1,0.0131795,0.01592616603266461,0.001918,0.024441,0,0,0,0,0,0,0,1,0,1,0,0,0,314.0,,314.0,314.0,,,,,0,0.001918,,0.001918,0.001918,0,0,0,1,plugOff
4946,1776257500.281344,1776257500.493036,3,2,0.6666666666666666,1,0.3333333333333333,192.66666666666666,197.92506999704037,70,421,87.0,2,0,2730.380652798003,3,3,208.33333333333334,80.82903768654761,178.66666666666666,197.92506999704037,2,2,200.0,236.17366491630688,2,1.0,1,34079.0,2623.0,65535.0,0,2,0,1,1,0.035255333333333326,0.04585672914996591,0.005892,0.088097,0,0,1,1,0,0,0,1,0,0,0,0,0,195.0,236.17366491630688,28.0,362.0,0.028117,,0.028117,0.028117,1,0.008834499999999999,0.004161323407282832,0.005892,0.011777,0,0,0,2,bulbOn
4947,1776257512.919056,1776257513.075307,1,1,1.0,0,0.0,372.0,,372,372,372.0,0,0,2380.785468838691,1,1,255.0,,358.0,,1,1,318.0,,1,1.0,1,2592.0,2592.0,2592.0,0,1,0,0,0,0.008813,,0.008813,0.008813,0,0,0,0,0,0,0,0,0,1,0,0,0,313.0,,313.0,313.0,,,,,0,0.008813,,0.008813,0.008813,0,0,0,1,plugOn
4948,1776257517.750055,1776257518.623473,3,3,1.0,0,0.0,189.33333333333334,201.08290164341008,60,421,87.0,2,0,650.3187417084769,2,2,208.33333333333334,80.82903768654761,173.33333333333334,203.03283806648946,2,2,133.33333333333334,203.03283806648946,2,0.6666666666666666,1,23045.0,2559.0,63984.0,0,3,0,0,0,0.01601,0.017288160428455077,0.005444,0.035961,1,2,0,0,0,0,0,0,0,0,0,0,0,195.0,236.17366491630688,28.0,362.0,0.030877,0.007189861751104815,0.025793,0.035961,2,0.01601,0.017288160428455077,0.005444,0.035961,0,0,0,2,bulbChange
4949,1776257531.494339,1776257531.732409,3,3,1.0,0,0.0,189.66666666666666,201.65895302052257,60,422,87.0,2,0,2390.0532338278563,2,2,208.33333333333334,80.82903768654761,173.66666666666666,203.60828404888963,2,2,133.66666666666666,203.60828404888963,2,0.6666666666666666,1,23540.0,2526.0,65535.0,0,3,0,0,0,0.03903466666666666,0.03481816527810352,0.015898,0.079078,0,0,1,2,0,0,0,0,0,0,0,0,0,195.5,236.88077169749343,28.0,363.0,0.025425999999999997,0.004664076328706469,0.022128,0.028724,2,0.03903466666666666,0.03481816527810352,0.015898,0.079078,0,0,0,2,bulbOff
4950,1776257541.733546,1776257542.045264,2,2,1.0,0,0.0,254.0,236.17366491630688,87,421,254.0,1,0,1629.6781741418345,2,2,185.0,98.99494936611666,240.0,236.17366491630688,2,2,200.0,236.17366491630688,2,1.0,1,34030.5,2526.0,65535.0,0,2,0,0,0,0.019982,0.009684534475130955,0.013134,0.02683,0,0,1,1,0,0,0,0,0,0,0,0,0,195.0,236.17366491630688,28.0,362.0,0.02683,,0.02683,0.02683,1,0.019982,0.009684534475130955,0.013134,0.02683,0,0,0,2,bulbOn
4951,1776257546.076068,1776257546.219878,1,1,1.0,0,0.0,373.0,,373,373,373.0,0,0,2593.6994112897746,1,1,255.0,,359.0,,1,1,319.0,,1,1.0,1,2559.0,2559.0,2559.0,0,1,0,0,0,0.13438,,0.13438,0.13438,0,0,0,0,0,0,0,0,0,1,0,0,0,314.0,,314.0,314.0,,,,,0,0.13438,,0.13438,0.13438,0,0,0,1,plugOff
4952,1776257554.625637,1776257554.994058,2,2,1.0,0,0.0,254.0,236.17366491630688,87,421,254.0,1,0,1378.8579412387098,2,2,185.0,98.99494936611666,240.0,236.17366491630688,2,2,200.0,236.17366491630688,2,1.0,1,34014.0,2493.0,65535.0,0,2,0,0,0,0.073141,0.07052965878267099,0.023269,0.123013,0,0,1,1,0,0,0,0,0,0,0,0,0,195.0,236.17366491630688,28.0,362.0,0.025898,,0.025898,0.025898,1,0.073141,0.07052965878267099,0.023269,0.123013,0,0,0,2,bulbChange
4953,1776257556.221416,1776257556.392033,1,1,1.0,0,0.0,372.0,,372,372,372.0,0,0,2180.3206841619854,1,1,255.0,,358.0,,1,1,318.0,,1,1.0,1,2526.0,2526.0,2526.0,0,1,0,0,0,0.005105,,0.005105,0.005105,0,0,0,0,0,0,0,0,0,1,0,0,0,313.0,,313.0,313.0,,,,,0,0.005105,,0.005105,0.005105,0,0,0,1,plugOn
4954,1776257564.046933,1776257564.304017,3,3,1.0,0,0.0,189.66666666666666,201.65895302052257,60,422,87.0,2,0,2213.2832441024625,2,2,208.33333333333334,80.82903768654761,173.66666666666666,203.60828404888963,2,2,133.66666666666666,203.60828404888963,2,0.6666666666666666,1,23002.333333333332,2495.0,63984.0,0,3,0,0,0,0.005034333333333333,0.007830954560801214,0.000237,0.014071,1,2,0,0,0,0,0,0,0,0,0,0,0,195.5,236.88077169749343,28.0,363.0,0.060404,0.04833923377547476,0.026223,0.094585,2,0.005034333333333333,0.007830954560801214,0.000237,0.014071,0,0,0,2,bulbOff
4955,1776257571.304744,1776257571.745736,3,3,1.0,0,0.0,189.33333333333334,201.08290164341008,60,421,87.0,2,0,1288.005579421881,2,2,208.33333333333334,80.82903768654761,173.33333333333334,203.03283806648946,2,2,133.33333333333334,203.03283806648946,2,0.6666666666666666,1,22980.333333333332,2462.0,63984.0,0,3,0,0,0,0.03071866666666667,0.021955476909721945,0.012423,0.055065,1,2,0,0,0,0,0,0,0,0,0,0,0,195.0,236.17366491630688,28.0,362.0,0.086912,0.08802630897635094,0.024668,0.149156,2,0.03071866666666667,0.021955476909721945,0.012423,0.055065,0,0,0,2,bulbOn
4956,1776257578.39308,1776257578.540666,1,1,1.0,0,0.0,373.0,,373,373,373.0,0,0,2527.338154925277,1,1,255.0,,359.0,,1,1,319.0,,1,1.0,1,2493.0,2493.0,2493.0,0,1,0,0,0,0.140015,,0.140015,0.140015,0,0,0,0,0,0,0,0,0,1,0,0,0,314.0,,314.0,314.0,,,,,0,0.140015,,0.140015,0.140015,0,0,0,1,plugOff
4957,1776257582.996306,1776257583.235152,1,1,1.0,0,0.0,422.0,,422,422,422.0,0,0,1766.8283647420176,1,1,255.0,,408.0,,1,1,368.0,,1,1.0,1,2427.0,2427.0,2427.0,0,1,0,0,0,0.018861,,0.018861,0.018861,0,0,0,1,0,0,0,0,0,0,0,0,0,363.0,,363.0,363.0,,,,,0,0.018861,,0.018861,0.018861,0,0,0,1,bulbChange
4958,1776257586.541037,1776257586.692894,1,1,1.0,0,0.0,372.0,,372,372,372.0,0,0,2449.6746727290424,1,1,255.0,,358.0,,1,1,318.0,,1,1.0,1,2460.0,2460.0,2460.0,0,1,0,0,0,0.01418,,0.01418,0.01418,0,0,0,0,0,0,0,0,0,1,0,0,0,313.0,,313.0,313.0,,,,,0,0.01418,,0.01418,0.01418,0,0,0,1,plugOn
4959,1776257601.747009,1776257602.100909,2,2,1.0,0,0.0,254.5,236.88077169749343,87,422,254.5,1,0,1438.259575144641,2,2,185.0,98.99494936611666,240.5,236.88077169749343,2,2,200.5,236.88077169749343,2,1.0,1,33223.0,2462.0,63984.0,0,2,0,0,0,0.0184285,0.021632517756840046,0.003132,0.033725,1,1,0,0,0,0,0,0,0,0,0,0,0,195.5,236.88077169749343,28.0,363.0,0.033725,,0.033725,0.033725,1,0.0184285,0.021632517756840046,0.003132,0.033725,0,0,0,2,bulbOff
4960,1776257608.694231,1776257608.833672,1,1,1.0,0,0.0,373.0,,373,373,373.0,0,0,2674.9662174408145,1,1,255.0,,359.0,,1,1,319.0,,1,1.0,1,2427.0,2427.0,2427.0,0,1,0,0,0,0.014544,,0.014544,0.014544,0,0,0,0,0,0,0,0,0,1,0,0,0,314.0,,314.0,314.0,,,,,0,0.014544,,0.014544,0.014544,0,0,0,1,plugOff
4961,1776257613.236622,1776257613.433699,1,1,1.0,0,0.0,422.0,,422,422,422.0,0,0,2141.2972271957415,1,1,255.0,,408.0,,1,1,368.0,,1,1.0,1,2394.0,2394.0,2394.0,0,1,0,0,0,0.187251,,0.187251,0.187251,0,0,0,1,0,0,0,0,0,0,0,0,0,363.0,,363.0,363.0,,,,,0,0.187251,,0.187251,0.187251,0,0,0,1,bulbChange
4962,1776257615.102547,1776257615.689239,3,3,1.0,0,0.0,189.33333333333334,201.08290164341008,60,421,87.0,2,0,968.1398556952818,2,2,208.33333333333334,80.82903768654761,173.33333333333334,203.03283806648946,2,2,133.33333333333334,203.03283806648946,2,0.6666666666666666,1,22936.333333333332,2396.0,63984.0,0,3,0,0,0,0.051105333333333336,0.022657983346567573,0.025326,0.067862,1,2,0,0,0,0,0,0,0,0,0,0,0,195.0,236.17366491630688,28.0,362.0,0.042727,0.024608730198854227,0.025326,0.060128,2,0.051105333333333336,0.022657983346567573,0.025326,0.067862,0,0,0,2,bulbOn
4963,1776257645.69039,1776257646.033703,3,3,1.0,0,0.0,189.66666666666666,201.65895302052257,60,422,87.0,2,0,1657.3798115085222,2,2,208.33333333333334,80.82903768654761,173.66666666666666,203.60828404888963,2,2,133.66666666666666,203.60828404888963,2,0.6666666666666666,1,22914.333333333332,2363.0,63984.0,0,3,0,0,0,0.05610300000000001,0.04188451096765963,0.026158,0.103966,1,2,0,0,0,0,0,0,0,0,0,0,0,195.5,236.88077169749343,28.0,363.0,0.0321715,0.008504373257330604,0.026158,0.038185,2,0.05610300000000001,0.04188451096765963,0.026158,0.103966,0,0,0,2,bulbOff
4964,1776257659.035029,1776257659.501693,6,6,1.0,0,0.0,138.0,139.5134402127623,60,421,92.0,5,0,1774.2955647256392,4,4,144.66666666666666,88.45488492257884,123.0,140.20413688618464,3,3,77.0,142.9167589892802,4,0.6666666666666666,2,13291.0,503.0,63984.0,0,6,0,0,0,0.040665,0.05283867764053147,0.001292,0.114677,1,2,0,0,1,2,0,0,0,0,0,0,0,110.5,167.6693174078072,26.0,362.0,0.074835,0.11575048768507773,0.001292,0.247628,4,0.040665,0.05283867764053147,0.001292,0.114677,0,0,0,4,bulbOn
4965,1776257659.502098,1776257660.04036,10,10,1.0,0,0.0,157.8,141.42827000128213,60,422,93.0,6,0,2931.6584140742034,5,5,173.6,84.67349053865678,143.2,141.9012175971565,4,4,97.2,144.6926243992953,7,0.7,3,14608.5,474.0,63984.0,0,10,0,0,0,0.0177665,0.01706752197889313,0.001564,0.052209,2,3,0,0,0,0,0,0,0,0,3,2,0,133.85714285714286,157.02062345588934,28.0,363.0,0.064717,0.07731901161206516,0.004253,0.225015,7,0.0177665,0.01706752197889313,0.001564,0.052209,0,0,0,7,bulbChange
4966,1776257659.984084,1776257660.127272,2,2,1.0,0,0.0,216.5,221.32442251138937,60,373,216.5,1,0,3023.9964300818883,2,2,255.0,0.0,199.5,225.56706319850866,1,1,159.5,225.56706319850866,1,0.5,2,2297.0,2264.0,2330.0,0,2,0,0,0,0.025323,0.020067690450074217,0.011133,0.039513,0,1,0,0,0,0,0,0,0,1,0,0,0,314.0,,314.0,314.0,0.225015,,0.225015,0.225015,1,0.025323,0.020067690450074217,0.011133,0.039513,0,0,0,1,plugOff
4967,1776257668.128147,1776257668.281549,1,1,1.0,0,0.0,372.0,,372,372,372.0,0,0,2424.999553942634,1,1,255.0,,358.0,,1,1,318.0,,1,1.0,1,2297.0,2297.0,2297.0,0,1,0,0,0,0.066348,,0.066348,0.066348,0,0,0,0,0,0,0,0,0,1,0,0,0,313.0,,313.0,313.0,,,,,0,0.066348,,0.066348,0.066348,0,0,0,1,plugOn
4968,1776257698.041729,1776257698.220759,1,1,1.0,0,0.0,422.0,,422,422,422.0,0,0,2357.1476163461207,1,1,255.0,,408.0,,1,1,368.0,,1,1.0,1,2264.0,2264.0,2264.0,0,1,0,0,0,0.004945,,0.004945,0.004945,0,1,0,0,0,0,0,0,0,0,0,0,0,363.0,,363.0,363.0,,,,,0,0.004945,,0.004945,0.004945,0,0,0,1,bulbChange
4969,1776257699.503025,1776257699.770044,2,2,1.0,0,0.0,255.0,237.58787847867995,87,423,255.0,1,0,1909.976204486057,2,2,185.0,98.99494936611666,241.0,237.58787847867995,2,2,201.0,237.58787847867995,2,1.0,1,33107.5,2231.0,63984.0,0,2,0,0,0,0.0497105,0.037533935052163125,0.02317,0.076251,1,1,0,0,0,0,0,0,0,0,0,0,0,196.0,237.58787847867995,28.0,364.0,0.02317,,0.02317,0.02317,1,0.0497105,0.037533935052163125,0.02317,0.076251,0,0,0,2,bulbOff
4970,1776257707.282363,1776257707.422432,1,1,1.0,0,0.0,373.0,,373,373,373.0,0,0,2662.9730992081595,1,1,255.0,,359.0,,1,1,319.0,,1,1.0,1,2264.0,2264.0,2264.0,0,1,0,0,0,0.003825,,0.003825,0.003825,0,0,0,0,0,0,0,0,0,1,0,0,0,314.0,,314.0,314.0,,,,,0,0.003825,,0.003825,0.003825,0,0,0,1,plugOff
4971,1776257713.771324,1776257714.314677,3,3,1.0,0,0.0,189.66666666666666,201.65895302052257,60,422,87.0,2,0,1047.2012033411322,2,2,208.33333333333334,80.82903768654761,173.66666666666666,203.60828404888963,2,2,133.66666666666666,203.60828404888963,2,0.6666666666666666,1,22782.333333333332,2165.0,63984.0,0,3,0,0,0,0.05094033333333333,0.03449970985868335,0.019721,0.08798,1,2,0,0,0,0,0,0,0,0,0,0,0,195.5,236.88077169749343,28.0,363.0,0.12854,0.14533872780508297,0.02577,0.23131,2,0.05094033333333333,0.03449970985868335,0.019721,0.08798,0,0,0,2,bulbOn
4972,1776257726.221563,1776257726.774622,3,3,1.0,0,0.0,189.66666666666666,201.65895302052257,60,422,87.0,2,0,1028.8235817005411,2,2,208.33333333333334,80.82903768654761,173.66666666666666,203.60828404888963,2,2,133.66666666666666,203.60828404888963,2,0.6666666666666666,1,23408.0,2328.0,65535.0,0,3,0,0,0,0.035617,0.03502629784890205,0.004296,0.073438,0,0,1,2,0,0,0,0,0,0,0,0,0,195.5,236.88077169749343,28.0,363.0,0.121701,0.13093354845875063,0.029117,0.214285,2,0.035617,0.03502629784890205,0.004296,0.073438,0,0,0,2,bulbChange
4973,1776257735.315102,1776257735.627599,2,2,1.0,0,0.0,255.0,237.58787847867995,87,423,255.0,1,0,1632.0161866839805,2,2,185.0,98.99494936611666,241.0,237.58787847867995,2,2,201.0,237.58787847867995,2,1.0,1,33916.0,2297.0,65535.0,0,2,0,0,0,0.0149795,0.014890961705007505,0.00445,0.025509,0,0,1,1,0,0,0,0,0,0,0,0,0,196.0,237.58787847867995,28.0,364.0,0.025509,,0.025509,0.025509,1,0.0149795,0.014890961705007505,0.00445,0.025509,0,0,0,2,bulbOff
4974,1776257741.568703,1776257741.708369,1,1,1.0,0,0.0,373.0,,373,373,373.0,0,0,2670.655600356434,1,1,255.0,,359.0,,1,1,319.0,,1,1.0,1,2198.0,2198.0,2198.0,0,1,0,0,0,0.025012,,0.025012,0.025012,0,0,0,0,0,0,0,0,0,1,0,0,0,314.0,,314.0,314.0,,,,,0,0.025012,,0.025012,0.025012,0,0,0,1,plugOff
4975,1776257749.62835,1776257750.062902,8,8,1.0,0,0.0,133.75,120.18051898230904,60,422,93.0,5,0,2462.3062662298653,5,5,170.75,88.15692177669804,119.0,120.72400637108476,4,4,71.5,123.1874297854406,5,0.625,3,10157.0,474.0,65535.0,0,8,0,0,0,0.022200875000000002,0.01764363186970221,0.005134,0.048797,0,0,1,2,0,0,0,0,0,0,3,2,0,109.4,142.90486345817627,28.0,363.0,0.0697912,0.08258586486621061,0.027677,0.21722,5,0.022200875000000002,0.01764363186970221,0.005134,0.048797,0,0,0,5,bulbOn
4976,1776257752.775066,1776257753.015378,1,1,1.0,0,0.0,422.0,,422,422,422.0,0,0,1756.049740957317,1,1,255.0,,408.0,,1,1,368.0,,1,1.0,1,2134.0,2134.0,2134.0,0,1,0,0,0,0.021909,,0.021909,0.021909,0,1,0,0,0,0,0,0,0,0,0,0,0,363.0,,363.0,363.0,,,,,0,0.021909,,0.021909,0.021909,0,0,0,1,bulbChange
4977,1776257771.065222,1776257771.360759,2,2,1.0,0,0.0,255.0,237.58787847867995,87,423,255.0,1,0,1725.6722804322783,2,2,185.0,98.99494936611666,241.0,237.58787847867995,2,2,201.0,237.58787847867995,2,1.0,1,33042.5,2101.0,63984.0,0,2,0,0,0,0.024457,0.0047885271221953,0.021071,0.027843,1,1,0,0,0,0,0,0,0,0,0,0,0,196.0,237.58787847867995,28.0,364.0,0.027843,,0.027843,0.027843,1,0.024457,0.0047885271221953,0.021071,0.027843,0,0,0,2,bulbOff
4978,1776257779.858418,1776257779.996275,1,1,1.0,0,0.0,373.0,,373,373,373.0,0,0,2705.70306495519,1,1,255.0,,359.0,,1,1,319.0,,1,1.0,1,2132.0,2132.0,2132.0,0,1,0,0,0,0.09804,,0.09804,0.09804,0,0,0,0,0,0,0,0,0,1,0,0,0,314.0,,314.0,314.0,,,,,0,0.09804,,0.09804,0.09804,0,0,0,1,plugOff
4979,1776257784.361989,1776257784.849597,3,3,1.0,0,0.0,189.66666666666666,201.65895302052257,60,422,87.0,2,0,1166.9210747632478,2,2,208.33333333333334,80.82903768654761,173.66666666666666,203.60828404888963,2,2,133.66666666666666,203.60828404888963,2,0.6666666666666666,1,22695.666666666668,2035.0,63984.0,0,3,0,0,0,0.030241666666666667,0.015588288563320004,0.017226,0.047517,1,2,0,0,0,0,0,0,0,0,0,0,0,195.5,236.88077169749343,28.0,363.0,0.046927500000000004,0.02962141017068566,0.025982,0.067873,2,0.030241666666666667,0.015588288563320004,0.017226,0.047517,0,0,0,2,bulbOn
4980,1776257790.015881,1776257790.308167,2,2,1.0,0,0.0,254.5,236.88077169749343,87,422,254.5,1,0,1741.4455044961564,2,2,185.0,98.99494936611666,240.5,236.88077169749343,2,2,200.5,236.88077169749343,2,1.0,1,33883.0,2231.0,65535.0,0,2,0,0,0,0.0314795,0.013249059759092343,0.022111,0.040848,0,0,1,1,0,0,0,0,0,0,0,0,0,195.5,236.88077169749343,28.0,363.0,0.029421,,0.029421,0.029421,1,0.0314795,0.013249059759092343,0.022111,0.040848,0,0,0,2,bulbChange
4981,1776257790.997671,1776257791.14956,1,1,1.0,0,0.0,372.0,,372,372,372.0,0,0,2449.15556713637,1,1,255.0,,358.0,,1,1,318.0,,1,1.0,1,2099.0,2099.0,2099.0,0,1,0,0,0,0.004711,,0.004711,0.004711,0,0,0,0,0,0,0,0,0,1,0,0,0,313.0,,313.0,313.0,,,,,0,0.004711,,0.004711,0.004711,0,0,0,1,plugOn
4982,1776257805.850173,1776257806.173628,3,3,1.0,0,0.0,190.0,202.23501180557238,60,423,87.0,2,0,1762.222974063681,2,2,208.33333333333334,80.82903768654761,174.0,204.1837407826588,2,2,134.0,204.1837407826588,2,0.6666666666666666,1,23277.333333333332,2132.0,65535.0,0,3,0,0,0,0.046348,0.047832550297888146,0.011402,0.100862,0,0,1,2,0,0,0,0,0,0,0,0,0,196.0,237.58787847867995,28.0,364.0,0.019091,0.01087388808108673,0.011402,0.02678,2,0.046348,0.047832550297888146,0.011402,0.100862,0,0,0,2,bulbOff
4983,1776257814.150508,1776257814.287755,1,1,1.0,0,0.0,373.0,,373,373,373.0,0,0,2717.7261975902275,1,1,255.0,,359.0,,1,1,319.0,,1,1.0,1,2066.0,2066.0,2066.0,0,1,0,0,0,0.002204,,0.002204,0.002204,0,0,0,0,0,0,0,0,0,1,0,0,0,314.0,,314.0,314.0,,,,,0,0.002204,,0.002204,0.002204,0,0,0,1,plugOff
4984,1776257821.17485,1776257821.719373,2,2,1.0,0,0.0,254.5,236.88077169749343,87,422,254.5,1,0,934.7630849929616,2,2,185.0,98.99494936611666,240.5,236.88077169749343,2,2,200.5,236.88077169749343,2,1.0,1,33833.5,2132.0,65535.0,0,2,0,0,0,0.0148565,0.01715936025905395,0.002723,0.02699,0,0,1,1,0,0,0,0,0,0,0,0,0,195.5,236.88077169749343,28.0,363.0,0.02699,,0.02699,0.02699,1,0.0148565,0.01715936025905395,0.002723,0.02699,0,0,0,2,bulbOn
4985,1776257821.719644,1776257821.844266,1,1,1.0,0,0.0,60.0,,60,60,60.0,1,0,481.4564321544589,1,1,255.0,,40.0,,1,1,0.0,,0,0.0,1,2099.0,2099.0,2099.0,0,1,0,0,0,0.000305,,0.000305,0.000305,0,0,0,1,0,0,0,0,0,0,0,0,0,,,,,0.390852,,0.390852,0.390852,1,0.000305,,0.000305,0.000305,0,0,0,0,bulbChange
4986,1776257823.289004,1776257823.434992,1,1,1.0,0,0.0,372.0,,372,372,372.0,0,0,2548.154860709631,1,1,255.0,,358.0,,1,1,318.0,,1,1.0,1,2033.0,2033.0,2033.0,0,1,0,0,0,0.00224,,0.00224,0.00224,0,0,0,0,0,0,0,0,0,1,0,0,0,313.0,,313.0,313.0,,,,,0,0.00224,,0.00224,0.00224,0,0,0,1,plugOn
4987,1776257847.844884,1776257848.179299,2,2,1.0,0,0.0,254.5,236.88077169749343,87,422,254.5,1,0,1522.060014016436,2,2,185.0,98.99494936611666,240.5,236.88077169749343,2,2,200.5,236.88077169749343,2,1.0,1,33009.5,2035.0,63984.0,0,2,0,0,0,0.0345295,0.011686353772670069,0.026266,0.042793,1,1,0,0,0,0,0,0,0,0,0,0,0,195.5,236.88077169749343,28.0,363.0,0.027092,,0.027092,0.027092,1,0.0345295,0.011686353772670069,0.026266,0.042793,0,0,0,2,bulbChange
4988,1776257856.436546,1776257856.570032,1,1,1.0,0,0.0,373.0,,373,373,373.0,0,0,2794.304836750732,1,1,255.0,,359.0,,1,1,319.0,,1,1.0,1,1969.0,1969.0,1969.0,0,1,0,0,0,0.002396,,0.002396,0.002396,0,0,0,0,0,0,0,0,0,1,0,0,0,314.0,,314.0,314.0,,,,,0,0.002396,,0.002396,0.002396,0,0,0,1,plugOff
4989,1776257859.720244,1776257860.039706,2,2,1.0,0,0.0,255.0,237.58787847867995,87,423,255.0,1,0,1596.4337001957579,2,2,185.0,98.99494936611666,241.0,237.58787847867995,2,2,201.0,237.58787847867995,2,1.0,1,33800.5,2066.0,65535.0,0,2,0,0,0,0.007114499999999999,0.003127533293188099,0.004903,0.009326,0,0,1,1,0,0,0,0,0,0,0,0,0,196.0,237.58787847867995,28.0,364.0,0.02637,,0.02637,0.02637,1,0.007114499999999999,0.003127533293188099,0.004903,0.009326,0,0,0,2,bulbOff
4990,1776257870.040486,1776257870.463364,5,3,0.6,2,0.4,141.8,156.93693000692986,60,422,70.0,4,0,1676.6073300790786,3,3,227.0,62.609903369994115,126.6,157.7396589320517,2,2,133.66666666666666,203.60828404888963,2,0.6666666666666666,1,23189.333333333332,2000.0,65535.0,0,3,0,1,1,0.024363600000000003,0.01830692212798208,0.000601,0.047649,0,0,1,2,0,0,0,2,0,0,0,0,0,195.5,236.88077169749343,28.0,363.0,0.1243515,0.13011684012648017,0.032345,0.216358,2,0.03634233333333333,0.009930904759050571,0.029033,0.047649,0,0,0,2,bulbOn
4991,1776257870.570857,1776257870.718178,1,0,0.0,1,1.0,70.0,,70,70,70.0,1,0,475.1529432327414,1,1,255.0,,56.0,,0,0,,,0,0.0,0,,,,0,0,0,1,1,0.005963,,0.005963,0.005963,0,0,0,0,0,0,0,1,0,0,0,0,0,,,,,,,,,0,,,,,0,0,0,0,plugOn
4992,1776257877.179603,1776257877.31018,1,1,1.0,0,0.0,422.0,,422,422,422.0,0,0,3231.813321306824,1,1,255.0,,408.0,,1,1,368.0,,1,1.0,1,2000.0,2000.0,2000.0,0,1,0,0,0,0.006043,,0.006043,0.006043,0,0,0,1,0,0,0,0,0,0,0,0,0,363.0,,363.0,363.0,,,,,0,0.006043,,0.006043,0.006043,0,0,0,1,bulbChange
4993,1776257900.310632,1776257901.09175,5,5,1.0,0,0.0,215.6,188.73870827151487,60,422,87.0,3,0,1380.0733253852122,2,2,199.0,76.68115805072325,200.4,189.99026290839222,2,2,160.4,189.99026290839222,4,0.8,1,26761.8,1936.0,63984.0,0,5,0,0,0,0.025237,0.020804753663526035,0.007338,0.060585,2,3,0,0,0,0,0,0,0,0,0,0,0,195.5,193.41234017852463,28.0,363.0,0.03216866666666667,0.014620770613525586,0.021862,0.048902,3,0.025237,0.020804753663526035,0.007338,0.060585,0,0,0,4,bulbChange
4994,1776257902.718888,1776257902.857558,1,1,1.0,0,0.0,373.0,,373,373,373.0,0,0,2689.839814037935,1,1,255.0,,359.0,,1,1,319.0,,1,1.0,1,1903.0,1903.0,1903.0,0,1,0,0,0,0.002241,,0.002241,0.002241,0,0,0,0,0,0,0,0,0,1,0,0,0,314.0,,314.0,314.0,,,,,0,0.002241,,0.002241,0.002241,0,0,0,1,plugOff
4995,1776257906.464451,1776257906.724561,2,2,1.0,0,0.0,255.0,237.58787847867995,87,423,255.0,1,0,1960.7096738711984,2,2,185.0,98.99494936611666,241.0,237.58787847867995,2,2,201.0,237.58787847867995,2,1.0,1,33751.0,1967.0,65535.0,0,2,0,0,0,0.059984499999999996,0.049786681356563625,0.02478,0.095189,0,0,1,1,0,0,0,0,0,0,0,0,0,196.0,237.58787847867995,28.0,364.0,0.026921,,0.026921,0.026921,1,0.059984499999999996,0.049786681356563625,0.02478,0.095189,0,0,0,2,bulbOff
4996,1776257914.725334,1776257915.160033,2,2,1.0,0,0.0,254.5,236.88077169749343,87,422,254.5,1,0,1170.9250112435966,2,2,185.0,98.99494936611666,240.5,236.88077169749343,2,2,200.5,236.88077169749343,2,1.0,1,33734.5,1934.0,65535.0,0,2,0,0,0,0.0114265,0.0012324871196081522,0.010555,0.012298,0,0,1,1,0,0,0,0,0,0,0,0,0,195.5,236.88077169749343,28.0,363.0,0.024492,,0.024492,0.024492,1,0.0114265,0.0012324871196081522,0.010555,0.012298,0,0,0,2,bulbOn
4997,1776257928.093136,1776257928.313402,1,1,1.0,0,0.0,422.0,,422,422,422.0,0,0,1915.8665341793471,1,1,255.0,,408.0,,1,1,368.0,,1,1.0,1,1872.0,1872.0,1872.0,0,1,0,0,0,0.112095,,0.112095,0.112095,0,1,0,0,0,0,0,0,0,0,0,0,0,363.0,,363.0,363.0,,,,,0,0.112095,,0.112095,0.112095,0,0,0,1,bulbChange
4998,1776257938.006835,1776257938.146139,1,1,1.0,0,0.0,373.0,,373,373,373.0,0,0,2677.5986841992662,1,1,255.0,,359.0,,1,1,319.0,,1,1.0,1,1837.0,1837.0,1837.0,0,1,0,0,0,0.026089,,0.026089,0.026089,0,0,0,0,0,0,0,0,0,1,0,0,0,314.0,,314.0,314.0,,,,,0,0.026089,,0.026089,0.026089,0,0,0,1,plugOff
4999,1776257953.147358,1776257953.303065,1,1,1.0,0,0.0,372.0,,372,372,372.0,0,0,2389.1007544217196,1,1,255.0,,358.0,,1,1,318.0,,1,1.0,1,1804.0,1804.0,1804.0,0,1,0,0,0,0.002055,,0.002055,0.002055,0,0,0,0,0,0,0,0,0,1,0,0,0,313.0,,313.0,313.0,,,,,0,0.002055,,0.002055,0.002055,0,0,0,1,plugOn
5000,1776257954.161318,1776257954.464115,3,3,1.0,0,0.0,190.0,202.23501180557238,60,423,87.0,2,0,1882.450288262723,2,2,208.33333333333334,80.82903768654761,174.0,204.1837407826588,2,2,134.0,204.1837407826588,2,0.6666666666666666,1,22543.0,1806.0,63984.0,0,3,0,0,0,0.044312333333333336,0.03132022260989429,0.025505,0.080468,1,2,0,0,0,0,0,0,0,0,0,0,0,196.0,237.58787847867995,28.0,364.0,0.053716,0.03783304122060504,0.026964,0.080468,2,0.044312333333333336,0.03132022260989429,0.025505,0.080468,0,0,0,2,bulbOff
5001,1776257964.314091,1776257964.590046,2,2,1.0,0,0.0,253.5,235.46655813512032,87,420,253.5,1,0,1837.256328843248,2,2,185.0,98.99494936611666,239.5,235.46655813512032,2,2,199.5,235.46655813512032,2,1.0,1,33702.5,1870.0,65535.0,0,2,0,0,0,0.000801,0.00039597979746446656,0.000521,0.001081,0,0,1,1,0,0,0,0,0,0,0,0,0,194.5,235.46655813512032,28.0,361.0,0.028102,,0.028102,0.028102,1,0.000801,0.00039597979746446656,0.000521,0.001081,0,0,0,2,bulbChange
5002,1776257964.465298,1776257964.967764,6,6,1.0,0,0.0,189.33333333333334,179.85512688457527,60,422,87.0,4,0,2260.8496551593244,4,4,208.33333333333334,72.29568912920512,173.33333333333334,181.59919236237442,2,2,133.33333333333334,181.59919236237442,4,0.6666666666666666,2,22800.833333333332,1773.0,65535.0,0,6,0,0,0,0.025705500000000003,0.03534050526944967,0.000521,0.080786,1,2,1,2,0,0,0,0,0,0,0,0,0,195.0,192.83671849520775,28.0,363.0,0.13252475,0.1221136647537176,0.025764,0.246303,4,0.025705500000000003,0.03534050526944967,0.000521,0.080786,0,0,0,4,bulbOn
5003,1776257991.303786,1776257991.441187,1,1,1.0,0,0.0,373.0,,373,373,373.0,0,0,2714.6844999401355,1,1,255.0,,359.0,,1,1,319.0,,1,1.0,1,1771.0,1771.0,1771.0,0,1,0,0,0,0.063932,,0.063932,0.063932,0,0,0,0,0,0,0,0,0,1,0,0,0,314.0,,314.0,314.0,,,,,0,0.063932,,0.063932,0.063932,0,0,0,1,plugOff
5004,1776257995.969589,1776257996.373003,3,3,1.0,0,0.0,190.0,202.23501180557238,60,423,87.0,2,0,1412.9405138527968,2,2,208.33333333333334,80.82903768654761,174.0,204.1837407826588,2,2,134.0,204.1837407826588,2,0.6666666666666666,1,22892.333333333332,1773.0,63984.0,0,3,0,0,0,0.011265666666666667,0.013381248085785322,0.002958,0.026702,1,2,0,0,0,0,0,0,0,0,0,0,0,196.0,237.58787847867995,28.0,364.0,0.0154195,0.015955864517474445,0.004137,0.026702,2,0.011265666666666667,0.013381248085785322,0.002958,0.026702,0,0,0,2,bulbOff
5005,1776257997.591561,1776257997.725449,1,1,1.0,0,0.0,422.0,,422,422,422.0,0,0,3151.8879991167573,1,1,255.0,,408.0,,1,1,368.0,,1,1.0,1,1837.0,1837.0,1837.0,0,1,0,0,0,0.002387,,0.002387,0.002387,0,0,0,1,0,0,0,0,0,0,0,0,0,363.0,,363.0,363.0,,,,,0,0.002387,,0.002387,0.002387,0,0,0,1,bulbChange
5006,1776258001.441758,1776258001.59597,1,1,1.0,0,0.0,372.0,,372,372,372.0,0,0,2412.2636685775774,1,1,255.0,,358.0,,1,1,318.0,,1,1.0,1,2920.0,2920.0,2920.0,0,1,0,0,0,0.072818,,0.072818,0.072818,0,0,0,0,0,0,0,0,0,1,0,0,0,313.0,,313.0,313.0,,,,,0,0.072818,,0.072818,0.072818,0,0,0,1,plugOn
5007,1776258003.373646,1776258003.894776,3,3,1.0,0,0.0,189.66666666666666,201.65895302052257,60,422,87.0,2,0,1091.8578995671107,2,2,208.33333333333334,80.82903768654761,173.66666666666666,203.60828404888963,2,2,133.66666666666666,203.60828404888963,2,0.6666666666666666,1,23263.666666666668,2887.0,63984.0,0,3,0,0,0,0.020260333333333335,0.016150837326074873,0.002536,0.034146,1,2,0,0,0,0,0,0,0,0,0,0,0,195.5,236.88077169749343,28.0,363.0,0.09915,0.10613814206966316,0.024099,0.174201,2,0.020260333333333335,0.016150837326074873,0.002536,0.034146,0,0,0,2,bulbOn
5008,1776258017.726054,1776258018.249084,6,6,1.0,0,0.0,189.33333333333334,179.8551268845753,60,422,87.0,4,0,2171.959366326199,2,2,208.33333333333334,72.29568912920512,173.33333333333334,181.59919236237442,2,2,133.33333333333334,181.59919236237442,4,0.6666666666666666,1,23222.666666666668,1771.0,65535.0,0,6,0,0,0,0.0114695,0.01666257369976199,9.2e-05,0.040444,0,0,2,4,0,0,0,0,0,0,0,0,0,195.0,192.83671849520775,28.0,363.0,0.0699725,0.1052506134978161,0.002885,0.227055,4,0.0114695,0.01666257369976199,9.2e-05,0.040444,0,0,0,4,bulbChange
5009,1776258029.896621,1776258030.202551,2,2,1.0,0,0.0,254.0,236.17366491630688,87,421,254.0,1,0,1660.5111213462358,2,2,185.0,98.99494936611666,240.0,236.17366491630688,2,2,200.0,236.17366491630688,2,1.0,1,34227.5,2920.0,65535.0,0,2,0,0,0,0.1071625,0.12216471726525625,0.020779,0.193546,0,0,1,1,0,0,0,0,0,0,0,0,0,195.0,236.17366491630688,28.0,362.0,0.02777,,0.02777,0.02777,1,0.1071625,0.12216471726525625,0.020779,0.193546,0,0,0,2,bulbOff
5010,1776258039.597666,1776258039.728214,1,1,1.0,0,0.0,373.0,,373,373,373.0,0,0,2857.18662132596,1,1,255.0,,359.0,,1,1,319.0,,1,1.0,1,2856.0,2856.0,2856.0,0,1,0,0,0,0.125053,,0.125053,0.125053,0,0,0,0,0,0,0,0,0,1,0,0,0,314.0,,314.0,314.0,,,,,0,0.125053,,0.125053,0.125053,0,0,0,1,plugOff
5011,1776258040.203327,1776258040.455963,2,2,1.0,0,0.0,253.5,235.46655813512032,87,420,253.5,1,0,2006.8402313255922,2,2,185.0,98.99494936611666,239.5,235.46655813512032,2,2,199.5,235.46655813512032,2,1.0,1,34211.0,2887.0,65535.0,0,2,0,0,0,0.0149075,0.017138147055618353,0.002789,0.027026,0,0,1,1,0,0,0,0,0,0,0,0,0,194.5,235.46655813512032,28.0,361.0,0.027026,,0.027026,0.027026,1,0.0149075,0.017138147055618353,0.002789,0.027026,0,0,0,2,bulbOn
5012,1776258052.250264,1776258052.837617,6,6,1.0,0,0.0,189.66666666666666,180.36925089013,60,422,87.0,4,0,1937.5060946923063,2,2,208.33333333333334,72.29568912920512,173.66666666666666,182.11278556616136,2,2,133.66666666666666,182.11278556616136,4,0.6666666666666666,1,23230.666666666668,2821.0,63984.0,0,6,0,0,0,0.040543666666666665,0.04701020161482683,0.003465,0.125868,2,4,0,0,0,0,0,0,0,0,0,0,0,195.5,193.41234017852463,28.0,363.0,0.05719774999999999,0.050717834840583106,0.021422,0.130264,4,0.040543666666666665,0.04701020161482683,0.003465,0.125868,0,0,0,4,bulbChange
5013,1776258054.729254,1776258054.877422,1,0,0.0,1,1.0,70.0,,70,70,70.0,1,0,472.4364160640554,1,1,255.0,,56.0,,0,0,,,0,0.0,0,,,,0,0,0,1,1,0.016827,,0.016827,0.016827,0,0,0,0,0,0,0,1,0,0,0,0,0,,,,,,,,,0,,,,,0,0,0,0,plugOn
5014,1776258064.456442,1776258064.72516,2,2,1.0,0,0.0,254.0,236.17366491630688,87,421,254.0,1,0,1890.4593020573445,2,2,185.0,98.99494936611666,240.0,236.17366491630688,2,2,200.0,236.17366491630688,2,1.0,1,34194.5,2854.0,65535.0,0,2,0,0,0,0.006787,0.0012317800128269654,0.005916,0.007658,0,0,1,1,0,0,0,0,0,0,0,0,0,195.0,236.17366491630688,28.0,362.0,0.025436,,0.025436,0.025436,1,0.006787,0.0012317800128269654,0.005916,0.007658,0,0,0,2,bulbOff
5015,1776258079.725539,1776258079.99676,3,3,1.0,0,0.0,191.0,198.59758306686413,66,420,87.0,2,0,2112.668870754925,3,3,205.66666666666666,78.62145593496304,177.0,198.59758306686413,2,3,133.0,202.45740292713427,2,0.6666666666666666,2,24021.333333333332,2821.0,65535.0,0,3,0,0,0,0.011097666666666667,0.015162179933417667,0.001334,0.028565,0,0,1,1,0,0,0,0,0,0,1,0,0,194.5,235.46655813512032,28.0,361.0,0.0295645,0.001413506455591909,0.028565,0.030564,2,0.011097666666666667,0.015162179933417667,0.001334,0.028565,0,0,0,2,bulbOn
5016,1776258081.838351,1776258082.178782,4,4,1.0,0,0.0,254.0,192.83671849520775,87,422,253.5,2,0,2984.452281753744,2,2,185.0,80.82903768654761,240.0,192.83671849520775,2,2,200.0,192.83671849520775,4,1.0,1,34153.25,2755.0,65535.0,0,4,0,0,0,0.0238985,0.02055264911554388,0.008582,0.052097,0,0,2,2,0,0,0,0,0,0,0,0,0,195.0,192.83671849520775,28.0,363.0,0.05148166666666667,0.04501146709821103,0.023187,0.103386,3,0.0238985,0.02055264911554388,0.008582,0.052097,0,0,0,4,bulbChange
5017,1776258086.878079,1776258087.01589,1,1,1.0,0,0.0,373.0,,373,373,373.0,0,0,2706.606493535702,1,1,255.0,,359.0,,1,1,319.0,,1,1.0,1,2790.0,2790.0,2790.0,0,1,0,0,0,0.017074,,0.017074,0.017074,0,0,0,0,0,0,0,0,0,1,0,0,0,314.0,,314.0,314.0,,,,,0,0.017074,,0.017074,0.017074,0,0,0,1,plugOff
5018,1776258112.998842,1776258113.248538,2,2,1.0,0,0.0,255.0,237.58787847867995,87,423,255.0,1,0,2042.4835267034023,2,2,185.0,98.99494936611666,241.0,237.58787847867995,2,2,201.0,237.58787847867995,2,1.0,1,33402.5,2821.0,63984.0,0,2,0,0,0,0.014867,0.016368107770906203,0.003293,0.026441,1,1,0,0,0,0,0,0,0,0,0,0,0,196.0,237.58787847867995,28.0,364.0,0.026441,,0.026441,0.026441,1,0.014867,0.016368107770906203,0.003293,0.026441,0,0,0,2,bulbOff
5019,1776258120.179594,1776258120.38417,2,2,1.0,0,0.0,241.0,255.9726547895302,60,422,241.0,1,0,2356.092423087591,2,2,185.0,98.99494936611666,224.0,260.2152954766495,2,2,184.0,260.2152954766495,1,0.5,1,34128.5,2722.0,65535.0,0,2,0,0,0,0.0219985,0.02696127445986187,0.002934,0.041063,0,0,1,1,0,0,0,0,0,0,0,0,0,363.0,,363.0,363.0,0.069993,,0.069993,0.069993,1,0.0219985,0.02696127445986187,0.002934,0.041063,0,0,0,1,bulbChange
5020,1776258122.249877,1776258122.46301,3,3,1.0,0,0.0,189.66666666666666,201.65895302052257,60,422,87.0,2,0,2669.6932988047365,2,2,208.33333333333334,80.82903768654761,173.66666666666666,203.60828404888963,2,2,133.66666666666666,203.60828404888963,2,0.6666666666666666,1,23175.666666666668,2755.0,63984.0,0,3,0,0,0,0.04841633333333333,0.06360585219406571,0.008133,0.121743,1,2,0,0,0,0,0,0,0,0,0,0,0,195.5,236.88077169749343,28.0,363.0,0.032387,0.008285877261943965,0.026528,0.038246,2,0.04841633333333333,0.06360585219406571,0.008133,0.121743,0,0,0,2,bulbOn
5021,1776258130.162571,1776258130.288731,2,2,1.0,0,0.0,72.5,17.67766952966369,60,85,72.5,2,0,1149.3328596212066,2,2,185.0,98.99494936611666,55.5,21.920310216782973,2,2,15.5,21.920310216782973,1,0.5,1,34112.0,2689.0,65535.0,0,2,0,0,0,0.0241305,0.004381940723013036,0.021032,0.027229,0,0,1,1,0,0,0,0,0,0,0,0,0,26.0,,26.0,26.0,0.025403,,0.025403,0.025403,1,0.0241305,0.004381940723013036,0.021032,0.027229,0,0,0,1,plugOff
5022,1776258139.290095,1776258139.439091,1,1,1.0,0,0.0,372.0,,372,372,372.0,0,0,2496.7133937343783,1,1,255.0,,358.0,,1,1,318.0,,1,1.0,1,2691.0,2691.0,2691.0,0,1,0,0,0,0.002014,,0.002014,0.002014,0,0,0,0,0,0,0,0,0,1,0,0,0,313.0,,313.0,313.0,,,,,0,0.002014,,0.002014,0.002014,0,0,0,1,plugOn
5023,1776258144.385227,1776258144.598,1,1,1.0,0,0.0,422.0,,422,422,422.0,0,0,1983.3335626684295,1,1,255.0,,408.0,,1,1,368.0,,1,1.0,1,2724.0,2724.0,2724.0,0,1,0,0,0,0.017106,,0.017106,0.017106,0,1,0,0,0,0,0,0,0,0,0,0,0,363.0,,363.0,363.0,,,,,0,0.017106,,0.017106,0.017106,0,0,0,1,bulbChange
5024,1776258154.464193,1776258154.749335,4,4,1.0,0,0.0,166.75,171.54664088812697,60,423,92.0,3,0,2339.1858404711816,3,3,172.25,97.79357511275131,151.25,172.81275994555494,3,2,108.25,174.48853830552883,3,0.75,2,18654.0,2658.0,63984.0,0,4,0,0,0,0.01862725,0.01245083229815046,0.000712,0.029572,1,2,0,0,0,1,0,0,0,0,0,0,0,139.33333333333334,194.56961050825316,26.0,364.0,0.0548265,0.03571525641095133,0.029572,0.080081,2,0.01862725,0.01245083229815046,0.000712,0.029572,0,0,0,3,bulbOff
5025,1776258166.439538,1776258166.571338,1,1,1.0,0,0.0,373.0,,373,373,373.0,0,0,2830.0468914218113,1,1,255.0,,359.0,,1,1,319.0,,1,1.0,1,2658.0,2658.0,2658.0,0,1,0,0,0,0.023215,,0.023215,0.023215,0,0,0,0,0,0,0,0,0,1,0,0,0,314.0,,314.0,314.0,,,,,0,0.023215,,0.023215,0.023215,0,0,0,1,plugOff
5026,1776258167.750576,1776258168.236012,3,3,1.0,0,0.0,189.66666666666666,201.65895302052257,60,422,87.0,2,0,1172.1422468623316,2,2,208.33333333333334,80.82903768654761,173.66666666666666,203.60828404888963,2,2,133.66666666666666,203.60828404888963,2,0.6666666666666666,1,23089.0,2625.0,63984.0,0,3,0,0,0,0.021040666666666666,0.0021686000860770376,0.018573,0.022643,1,2,0,0,0,0,0,0,0,0,0,0,0,195.5,236.88077169749343,28.0,363.0,0.023282,0.0009036824663564087,0.022643,0.023921,2,0.021040666666666666,0.0021686000860770376,0.018573,0.022643,0,0,0,2,bulbOn
5027,1776258172.600127,1776258172.759478,1,1,1.0,0,0.0,422.0,,422,422,422.0,0,0,2648.2400956360802,1,1,255.0,,408.0,,1,1,368.0,,1,1.0,1,2658.0,2658.0,2658.0,0,1,0,0,0,0.007609,,0.007609,0.007609,0,0,0,1,0,0,0,0,0,0,0,0,0,363.0,,363.0,363.0,,,,,0,0.007609,,0.007609,0.007609,0,0,0,1,bulbChange
5028,1776258174.572372,1776258174.721774,1,1,1.0,0,0.0,372.0,,372,372,372.0,0,0,2489.9241475939857,1,1,255.0,,358.0,,1,1,318.0,,1,1.0,1,2625.0,2625.0,2625.0,0,1,0,0,0,0.002517,,0.002517,0.002517,0,0,0,0,0,0,0,0,0,1,0,0,0,313.0,,313.0,313.0,,,,,0,0.002517,,0.002517,0.002517,0,0,0,1,plugOn
5029,1776258206.237804,1776258206.542797,2,2,1.0,0,0.0,255.0,237.58787847867995,87,423,255.0,1,0,1672.168688449494,2,2,185.0,98.99494936611666,241.0,237.58787847867995,2,2,201.0,237.58787847867995,2,1.0,1,34080.0,2625.0,65535.0,0,2,0,0,0,0.015285499999999999,0.018041829521974757,0.002528,0.028043,0,0,1,1,0,0,0,0,0,0,0,0,0,196.0,237.58787847867995,28.0,364.0,0.028043,,0.028043,0.028043,1,0.015285499999999999,0.018041829521974757,0.002528,0.028043,0,0,0,2,bulbOff
5030,1776258206.759814,1776258207.250673,3,3,1.0,0,0.0,189.33333333333334,201.08290164341008,60,421,87.0,2,0,1157.1550350396249,2,2,208.33333333333334,80.82903768654761,173.33333333333334,203.03283806648946,2,2,133.33333333333334,203.03283806648946,2,0.6666666666666666,1,23067.0,2592.0,63984.0,0,3,0,0,0,0.010479333333333334,0.012188481051112698,0.000759,0.024154,1,2,0,0,0,0,0,0,0,0,0,0,0,195.0,236.17366491630688,28.0,362.0,0.015904500000000002,0.013264616108278445,0.006525,0.025284,2,0.010479333333333334,0.012188481051112698,0.000759,0.024154,0,0,0,2,bulbChange
5031,1776258208.722425,1776258208.864835,1,1,1.0,0,0.0,373.0,,373,373,373.0,0,0,2619.197356151151,1,1,255.0,,359.0,,1,1,319.0,,1,1.0,1,2592.0,2592.0,2592.0,0,1,0,0,0,0.023827,,0.023827,0.023827,0,0,0,0,0,0,0,0,0,1,0,0,0,314.0,,314.0,314.0,,,,,0,0.023827,,0.023827,0.023827,0,0,0,1,plugOff
5032,1776258218.544241,1776258218.852659,2,2,1.0,0,0.0,254.5,236.88077169749343,87,422,254.5,1,0,1650.3574415255423,2,2,185.0,98.99494936611666,240.5,236.88077169749343,2,2,200.5,236.88077169749343,2,1.0,1,34063.5,2592.0,65535.0,0,2,0,0,0,0.0010225,0.0009128748545118329,0.000377,0.001668,0,0,1,1,0,0,0,0,0,0,0,0,0,195.5,236.88077169749343,28.0,363.0,0.024082,,0.024082,0.024082,1,0.0010225,0.0009128748545118329,0.000377,0.001668,0,0,0,2,bulbOn
5033,1776258219.865605,1776258220.014313,1,1,1.0,0,0.0,372.0,,372,372,372.0,0,0,2501.5488980738337,1,1,255.0,,358.0,,1,1,318.0,,1,1.0,1,2559.0,2559.0,2559.0,0,1,0,0,0,0.001252,,0.001252,0.001252,0,0,0,0,0,0,0,0,0,1,0,0,0,313.0,,313.0,313.0,,,,,0,0.001252,,0.001252,0.001252,0,0,0,1,plugOn
5034,1776258235.251883,1776258235.420212,1,1,1.0,0,0.0,422.0,,422,422,422.0,0,0,2506.995222535243,1,1,255.0,,408.0,,1,1,368.0,,1,1.0,1,2592.0,2592.0,2592.0,0,1,0,0,0,0.047465,,0.047465,0.047465,0,1,0,0,0,0,0,0,0,0,0,0,0,363.0,,363.0,363.0,,,,,0,0.047465,,0.047465,0.047465,0,0,0,1,bulbChange
5035,1776258239.853227,1776258240.138415,2,2,1.0,0,0.0,255.0,237.58787847867995,87,423,255.0,1,0,1788.2927954815636,2,2,185.0,98.99494936611666,241.0,237.58787847867995,2,2,201.0,237.58787847867995,2,1.0,1,34047.0,2559.0,65535.0,0,2,0,0,0,0.0152975,0.014910760694880726,0.004754,0.025841,0,0,1,1,0,0,0,0,0,0,0,0,0,196.0,237.58787847867995,28.0,364.0,0.025841,,0.025841,0.025841,1,0.0152975,0.014910760694880726,0.004754,0.025841,0,0,0,2,bulbOff
5036,1776258243.015261,1776258243.147812,1,1,1.0,0,0.0,373.0,,373,373,373.0,0,0,2814.0121699621736,1,1,255.0,,359.0,,1,1,319.0,,1,1.0,1,2495.0,2495.0,2495.0,0,1,0,0,0,0.03416,,0.03416,0.03416,0,0,0,0,0,0,0,0,0,1,0,0,0,314.0,,314.0,314.0,,,,,0,0.03416,,0.03416,0.03416,0,0,0,1,plugOff
5037,1776258249.139211,1776258249.39018,2,2,1.0,0,0.0,254.5,236.88077169749343,87,422,254.5,1,0,2028.1375473689511,2,2,185.0,98.99494936611666,240.5,236.88077169749343,2,2,200.5,236.88077169749343,2,1.0,1,34030.5,2526.0,65535.0,0,2,0,0,0,0.019202999999999998,0.0018780756108314717,0.017875,0.020531,0,0,1,1,0,0,0,0,0,0,0,0,0,195.5,236.88077169749343,28.0,363.0,0.028414,,0.028414,0.028414,1,0.019202999999999998,0.0018780756108314717,0.017875,0.020531,0,0,0,2,bulbOn
5038,1776258255.149662,1776258255.30242,1,1,1.0,0,0.0,372.0,,372,372,372.0,0,0,2435.226205805095,1,1,255.0,,358.0,,1,1,318.0,,1,1.0,1,2462.0,2462.0,2462.0,0,1,0,0,0,0.003912,,0.003912,0.003912,0,0,0,0,0,0,0,0,0,1,0,0,0,313.0,,313.0,313.0,,,,,0,0.003912,,0.003912,0.003912,0,0,0,1,plugOn
